2026-03-24 10:17:51,313 - INFO - Running SMA paper trading cycle...
2026-03-24 10:17:51,385 - INFO - Running Equity paper trading cycle...
2026-03-24 10:17:51,386 - INFO - Managing existing Equity positions
2026-03-24 10:17:51,386 - INFO - ----- Position management cycle started at 10:17:51 -----
2026-03-24 10:17:51,393 - INFO - [CYCLE SUMMARY] INFY | Price: 1266.60 | Entry: 1263.50 | Stop: 1264.70 | P&L: 0.10 (0.25%) | Status: PROFIT | Risk: HIGH RISK
2026-03-24 10:17:51,397 - INFO - [DETAILED STATUS] Distance to Stop: 1.90 (0.15%) | Distance from Entry: 3.10 (0.25%) | Quantity: 0.03125 | AO Risk Applied: True
2026-03-24 10:17:51,398 - INFO - [PARTIAL EXIT INFO] 50% Exited at: 1265.00 | Partial P&L: 0.05 | Remaining Qty: 0.03125
2026-03-24 10:17:51,404 - WARNING - STOP LOSS PROXIMITY: Price 1266.60 is 0.15% above stop 1264.70
2026-03-24 10:17:51,411 - INFO - AO RISK MANAGEMENT TRIGGERED: 5 consecutive red AO candles
2026-03-24 10:17:51,411 - DEBUG - AO risk management already applied
2026-03-24 10:17:51,422 - DEBUG - Stop loss unchanged: 1264.70 (new: 1264.50)
2026-03-24 10:17:51,426 - INFO - Equity Position Status - P&L: Rs0.10
2026-03-24 10:17:51,426 - INFO - Running Nifty Options paper trading cycle...
2026-03-24 10:17:51,651 - INFO - Nifty Position Status - Lot1: CLOSED, Lot2: OPEN
2026-03-24 10:17:51,651 - INFO - Starting high-accuracy delta calculation...
2026-03-24 10:17:52,095 - INFO - High-accuracy delta calculated: Spot=22742.5, Strikes=[22250, 22300, 22350, 22400, 22450, 22500, 22550, 22600, 22650, 22700, 22750, 22800, 22850, 22900, 22950, 23000, 23050, 23100, 23150, 23200, 23250]
2026-03-24 10:18:00,650 - INFO - Successfully fetched 1155 rows of 1m data
2026-03-24 10:18:00,651 - INFO - Stored 1m market data successfully
2026-03-24 10:18:00,651 - INFO - Fetching 1m equity data (attempt 1/3)...
2026-03-24 10:18:06,761 - INFO - Successfully fetched 1092 rows of 1m equity data
2026-03-24 10:18:50,293 - INFO - Running Donchian AO trading strategy...
2026-03-24 10:18:50,435 - INFO - Using delta limit : 40 for today..
2026-03-24 10:19:10,639 - INFO - 2:2 Ratio detected: Selling CE first then PE
2026-03-24 10:19:10,639 - INFO - Selected CE_FIRST: First Leg : NIFTY2632422850CE (LTP: 49.05, Delta: 32.26382117108217)
2026-03-24 10:19:10,639 - INFO - Selected CE_FIRST: Second leg: NIFTY2632422600PE (LTP: 40.425, Delta: -27.47755505553593)
2026-03-24 10:19:10,644 - INFO - NO TRADE: No suitable option pair found.
2026-03-24 10:19:11,660 - INFO - Running paper trading cycle...
2026-03-24 10:19:11,662 - INFO -  Managing existing positions
2026-03-24 10:19:11,662 - INFO - ----- Position management cycle started at 10:19:11 -----
2026-03-24 10:19:11,881 - INFO - [DEBUG] options_data type: <class 'list'>, length: 27
2026-03-24 10:19:12,114 - INFO - CURRENT NET P&L: 10.850000000000023 points
2026-03-24 10:19:12,116 - WARNING - Skipping position management - stale/no price data
2026-03-24 10:19:12,116 - INFO -  Position Status - P&L: Rs10.85, Adjustments: 0
2026-03-24 10:19:12,117 - INFO - Running SMA paper trading cycle...
2026-03-24 10:19:12,167 - INFO - Running Equity paper trading cycle...
2026-03-24 10:19:12,167 - INFO - Managing existing Equity positions
2026-03-24 10:19:12,167 - INFO - ----- Position management cycle started at 10:19:12 -----
2026-03-24 10:19:12,167 - INFO - [CYCLE SUMMARY] INFY | Price: 1268.00 | Entry: 1263.50 | Stop: 1264.70 | P&L: 0.14 (0.36%) | Status: PROFIT | Risk: HIGH RISK
2026-03-24 10:19:12,178 - INFO - [DETAILED STATUS] Distance to Stop: 3.30 (0.26%) | Distance from Entry: 4.50 (0.36%) | Quantity: 0.03125 | AO Risk Applied: True
2026-03-24 10:19:12,178 - INFO - [PARTIAL EXIT INFO] 50% Exited at: 1265.00 | Partial P&L: 0.05 | Remaining Qty: 0.03125
2026-03-24 10:19:12,185 - WARNING - STOP LOSS PROXIMITY: Price 1268.00 is 0.26% above stop 1264.70
2026-03-24 10:19:12,202 - DEBUG - Stop loss unchanged: 1264.70 (new: 1264.50)
2026-03-24 10:19:12,213 - INFO - Equity Position Status - P&L: Rs0.14
2026-03-24 10:19:12,213 - INFO - Running Nifty Options paper trading cycle...
2026-03-24 10:19:12,228 - INFO - Nifty Position Status - Lot1: CLOSED, Lot2: OPEN
2026-03-24 10:19:12,228 - INFO - Starting high-accuracy delta calculation...
2026-03-24 10:19:12,662 - INFO - High-accuracy delta calculated: Spot=22738.95, Strikes=[22250, 22300, 22350, 22400, 22450, 22500, 22550, 22600, 22650, 22700, 22750, 22800, 22850, 22900, 22950, 23000, 23050, 23100, 23150, 23200, 23250]
2026-03-24 10:19:20,166 - INFO - Successfully fetched 1157 rows of 1m data
2026-03-24 10:19:20,166 - INFO - Stored 1m market data successfully
2026-03-24 10:19:20,166 - INFO - Fetching 1m equity data (attempt 1/3)...
2026-03-24 10:19:25,306 - INFO - Successfully fetched 1092 rows of 1m equity data
2026-03-24 10:19:40,422 - INFO - Starting separate VIX calculation...
2026-03-24 10:20:20,997 - INFO - VIX calculated separately: 41.05
2026-03-24 10:20:25,603 - INFO - Successfully fetched 356 rows of 5m data
2026-03-24 10:20:25,604 - INFO - Stored 5m market data successfully
2026-03-24 10:20:25,605 - INFO - Fetching 5m equity data (attempt 1/3)...
2026-03-24 10:20:27,094 - INFO - Successfully fetched 193 rows of 5m equity data
2026-03-24 10:20:27,097 - INFO - Running Donchian AO trading strategy...
2026-03-24 10:20:27,247 - INFO - Using delta limit : 40 for today..
2026-03-24 10:20:47,631 - INFO - 2:2 Ratio detected: Selling CE first then PE
2026-03-24 10:20:47,631 - INFO - Selected CE_FIRST: First Leg : NIFTY2632422800CE (LTP: 60.45, Delta: 38.23113527044579)
2026-03-24 10:20:47,631 - INFO - Selected CE_FIRST: Second leg: NIFTY2632422600PE (LTP: 44.599999999999994, Delta: -29.20493317351506)
2026-03-24 10:20:47,631 - INFO - NO TRADE: No suitable option pair found.
2026-03-24 10:20:47,631 - INFO - Running paper trading cycle...
2026-03-24 10:20:47,631 - INFO -  Managing existing positions
2026-03-24 10:20:47,631 - INFO - ----- Position management cycle started at 10:20:47 -----
2026-03-24 10:20:47,846 - INFO - [DEBUG] options_data type: <class 'list'>, length: 23
2026-03-24 10:20:48,017 - INFO - CURRENT NET P&L: 10.850000000000023 points
2026-03-24 10:20:48,017 - WARNING - Skipping position management - stale/no price data
2026-03-24 10:20:48,017 - INFO -  Position Status - P&L: Rs10.85, Adjustments: 0
2026-03-24 10:20:48,017 - INFO - Running SMA paper trading cycle...
2026-03-24 10:20:48,080 - INFO - Running Equity paper trading cycle...
2026-03-24 10:20:48,081 - INFO - Managing existing Equity positions
2026-03-24 10:20:48,081 - INFO - ----- Position management cycle started at 10:20:48 -----
2026-03-24 10:20:48,088 - INFO - [CYCLE SUMMARY] INFY | Price: 1268.00 | Entry: 1263.50 | Stop: 1264.70 | P&L: 0.14 (0.36%) | Status: PROFIT | Risk: HIGH RISK
2026-03-24 10:20:48,090 - INFO - [DETAILED STATUS] Distance to Stop: 3.30 (0.26%) | Distance from Entry: 4.50 (0.36%) | Quantity: 0.03125 | AO Risk Applied: True
2026-03-24 10:20:48,091 - INFO - [PARTIAL EXIT INFO] 50% Exited at: 1265.00 | Partial P&L: 0.05 | Remaining Qty: 0.03125
2026-03-24 10:20:48,099 - WARNING - STOP LOSS PROXIMITY: Price 1268.00 is 0.26% above stop 1264.70
2026-03-24 10:20:48,107 - DEBUG - Stop loss unchanged: 1264.70 (new: 1264.50)
2026-03-24 10:20:48,116 - INFO - Equity Position Status - P&L: Rs0.14
2026-03-24 10:20:48,116 - INFO - Running Nifty Options paper trading cycle...
2026-03-24 10:20:48,134 - INFO - Nifty Position Status - Lot1: CLOSED, Lot2: OPEN
2026-03-24 10:20:48,134 - INFO - Starting high-accuracy delta calculation...
2026-03-24 10:20:48,518 - INFO - High-accuracy delta calculated: Spot=22726.9, Strikes=[22250, 22300, 22350, 22400, 22450, 22500, 22550, 22600, 22650, 22700, 22750, 22800, 22850, 22900, 22950, 23000, 23050, 23100, 23150, 23200, 23250]
2026-03-24 10:20:56,132 - INFO - Successfully fetched 1158 rows of 1m data
2026-03-24 10:20:56,132 - INFO - Stored 1m market data successfully
2026-03-24 10:20:57,146 - INFO - Fetching 1m equity data (attempt 1/3)...
2026-03-24 10:21:02,185 - INFO - Successfully fetched 1092 rows of 1m equity data
2026-03-24 10:21:47,730 - INFO - Running Donchian AO trading strategy...
2026-03-24 10:21:47,846 - INFO - Using delta limit : 40 for today..
2026-03-24 10:22:09,624 - INFO - 2:2 Ratio detected: Selling CE first then PE
2026-03-24 10:22:09,625 - INFO - Selected CE_FIRST: First Leg : NIFTY2632422800CE (LTP: 61.925, Delta: 37.76888720761431)
2026-03-24 10:22:09,636 - INFO - Selected CE_FIRST: Second leg: NIFTY2632422650PE (LTP: 59.575, Delta: -37.12753911163109)
2026-03-24 10:22:09,650 - INFO - NO TRADE: No suitable option pair found.
2026-03-24 10:22:12,642 - INFO - Running paper trading cycle...
2026-03-24 10:22:12,643 - INFO -  Managing existing positions
2026-03-24 10:22:12,645 - INFO - ----- Position management cycle started at 10:22:12 -----
2026-03-24 10:22:19,333 - INFO - [DEBUG] options_data type: <class 'list'>, length: 29
2026-03-24 10:22:25,456 - INFO - CURRENT NET P&L: 10.850000000000023 points
2026-03-24 10:22:25,459 - WARNING - Skipping position management - stale/no price data
2026-03-24 10:22:25,460 - INFO -  Position Status - P&L: Rs10.85, Adjustments: 0
2026-03-24 10:22:25,460 - INFO - Running SMA paper trading cycle...
2026-03-24 10:22:25,632 - INFO - Running Equity paper trading cycle...
2026-03-24 10:22:25,633 - INFO - Managing existing Equity positions
2026-03-24 10:22:25,633 - INFO - ----- Position management cycle started at 10:22:25 -----
2026-03-24 10:22:25,640 - INFO - [CYCLE SUMMARY] INFY | Price: 1269.00 | Entry: 1263.50 | Stop: 1264.70 | P&L: 0.17 (0.44%) | Status: PROFIT | Risk: HIGH RISK
2026-03-24 10:22:25,641 - INFO - [DETAILED STATUS] Distance to Stop: 4.30 (0.34%) | Distance from Entry: 5.50 (0.44%) | Quantity: 0.03125 | AO Risk Applied: True
2026-03-24 10:22:25,642 - INFO - [PARTIAL EXIT INFO] 50% Exited at: 1265.00 | Partial P&L: 0.05 | Remaining Qty: 0.03125
2026-03-24 10:22:25,654 - WARNING - STOP LOSS PROXIMITY: Price 1269.00 is 0.34% above stop 1264.70
2026-03-24 10:22:25,667 - DEBUG - Stop loss unchanged: 1264.70 (new: 1264.50)
2026-03-24 10:22:25,672 - INFO - Equity Position Status - P&L: Rs0.17
2026-03-24 10:22:25,672 - INFO - Running Nifty Options paper trading cycle...
2026-03-24 10:22:25,693 - INFO - Nifty Position Status - Lot1: CLOSED, Lot2: OPEN
2026-03-24 10:22:25,694 - INFO - Starting high-accuracy delta calculation...
2026-03-24 10:22:51,558 - INFO - High-accuracy delta calculated: Spot=22741.9, Strikes=[22250, 22300, 22350, 22400, 22450, 22500, 22550, 22600, 22650, 22700, 22750, 22800, 22850, 22900, 22950, 23000, 23050, 23100, 23150, 23200, 23250]
2026-03-24 10:22:59,644 - INFO - Successfully fetched 1160 rows of 1m data
2026-03-24 10:22:59,644 - INFO - Stored 1m market data successfully
2026-03-24 10:22:59,645 - INFO - Fetching 1m equity data (attempt 1/3)...
2026-03-24 10:22:59,784 - ERROR - Error fetching 1m equity data (attempt 1): 'NoneType' object has no attribute 'dropna'
2026-03-24 10:23:04,800 - INFO - Fetching 1m equity data (attempt 2/3)...
2026-03-24 10:23:04,917 - ERROR - Error fetching 1m equity data (attempt 2): 'NoneType' object has no attribute 'dropna'
2026-03-24 10:23:14,928 - INFO - Fetching 1m equity data (attempt 3/3)...
2026-03-24 10:23:15,048 - ERROR - Error fetching 1m equity data (attempt 3): 'NoneType' object has no attribute 'dropna'
2026-03-24 10:23:15,057 - ERROR - Failed to fetch 1m equity data after 3 attempts
2026-03-24 10:23:16,062 - INFO - Running Donchian AO trading strategy...
2026-03-24 10:23:16,283 - INFO - Using delta limit : 40 for today..
2026-03-24 10:23:18,284 - INFO - 2:2 Ratio detected: Selling CE first then PE
2026-03-24 10:23:18,285 - INFO - Selected CE_FIRST: First Leg : NIFTY2632422850CE (LTP: 47.75, Delta: 32.17998446141102)
2026-03-24 10:23:18,301 - INFO - Selected CE_FIRST: Second leg: NIFTY2632422600PE (LTP: 40.075, Delta: -27.242427672879632)
2026-03-24 10:23:18,302 - INFO - NO TRADE: No suitable option pair found.
2026-03-24 10:23:26,383 - INFO - Running paper trading cycle...
2026-03-24 10:23:26,383 - INFO -  Managing existing positions
2026-03-24 10:23:26,383 - INFO - ----- Position management cycle started at 10:23:26 -----
2026-03-24 10:23:26,565 - INFO - [DEBUG] options_data type: <class 'list'>, length: 25
2026-03-24 10:23:26,809 - INFO - CURRENT NET P&L: 10.850000000000023 points
2026-03-24 10:23:26,809 - WARNING - Skipping position management - stale/no price data
2026-03-24 10:23:26,811 - INFO -  Position Status - P&L: Rs10.85, Adjustments: 0
2026-03-24 10:23:26,812 - INFO - Running SMA paper trading cycle...
2026-03-24 10:23:26,888 - INFO - Running Equity paper trading cycle...
2026-03-24 10:23:26,888 - INFO - Managing existing Equity positions
2026-03-24 10:23:26,888 - INFO - ----- Position management cycle started at 10:23:26 -----
2026-03-24 10:23:26,898 - INFO - [CYCLE SUMMARY] INFY | Price: 1269.00 | Entry: 1263.50 | Stop: 1264.70 | P&L: 0.17 (0.44%) | Status: PROFIT | Risk: HIGH RISK
2026-03-24 10:23:26,898 - INFO - [DETAILED STATUS] Distance to Stop: 4.30 (0.34%) | Distance from Entry: 5.50 (0.44%) | Quantity: 0.03125 | AO Risk Applied: True
2026-03-24 10:23:26,904 - INFO - [PARTIAL EXIT INFO] 50% Exited at: 1265.00 | Partial P&L: 0.05 | Remaining Qty: 0.03125
2026-03-24 10:23:26,910 - WARNING - STOP LOSS PROXIMITY: Price 1269.00 is 0.34% above stop 1264.70
2026-03-24 10:23:26,914 - DEBUG - Stop loss unchanged: 1264.70 (new: 1264.50)
2026-03-24 10:23:26,933 - INFO - Equity Position Status - P&L: Rs0.17
2026-03-24 10:23:26,933 - INFO - Running Nifty Options paper trading cycle...
2026-03-24 10:23:26,933 - INFO - Nifty Position Status - Lot1: CLOSED, Lot2: OPEN
2026-03-24 10:23:52,231 - INFO - Starting high-accuracy delta calculation...
2026-03-24 10:23:52,683 - WARNING - High-accuracy delta calculation failed
2026-03-24 10:23:59,872 - WARNING - Failed to fetch 1m data - empty result
2026-03-24 10:23:59,985 - WARNING - Failed to fetch 1m data - empty result
2026-03-24 10:24:00,069 - WARNING - Failed to fetch 1m data - empty result
2026-03-24 10:24:00,071 - ERROR - Failed to fetch 1m data after 3 attempts
2026-03-24 10:24:15,229 - INFO - Fetching 1m equity data (attempt 1/3)...
2026-03-24 10:24:15,369 - ERROR - Error fetching 1m equity data (attempt 1): 'NoneType' object has no attribute 'dropna'
2026-03-24 10:24:20,402 - INFO - Fetching 1m equity data (attempt 2/3)...
2026-03-24 10:24:20,518 - ERROR - Error fetching 1m equity data (attempt 2): 'NoneType' object has no attribute 'dropna'
2026-03-24 10:24:30,535 - INFO - Fetching 1m equity data (attempt 3/3)...
2026-03-24 10:24:30,650 - ERROR - Error fetching 1m equity data (attempt 3): 'NoneType' object has no attribute 'dropna'
2026-03-24 10:24:30,651 - ERROR - Failed to fetch 1m equity data after 3 attempts
2026-03-24 10:24:31,668 - INFO - Running Donchian AO trading strategy...
2026-03-24 10:24:32,044 - INFO - Using delta limit : 40 for today..
2026-03-24 10:24:35,659 - INFO - 2:2 Ratio detected: Selling CE first then PE
2026-03-24 10:24:35,660 - INFO - Selected CE_FIRST: First Leg : NIFTY2632422850CE (LTP: 47.75, Delta: 32.17998446141102)
2026-03-24 10:24:35,663 - INFO - Selected CE_FIRST: Second leg: NIFTY2632422600PE (LTP: 40.075, Delta: -27.242427672879632)
2026-03-24 10:24:35,668 - INFO - NO TRADE: No suitable option pair found.
2026-03-24 10:24:35,669 - INFO - Running paper trading cycle...
2026-03-24 10:24:35,669 - INFO -  Managing existing positions
2026-03-24 10:24:35,669 - INFO - ----- Position management cycle started at 10:24:35 -----
2026-03-24 10:24:37,829 - INFO - [DEBUG] options_data type: <class 'list'>, length: 25
2026-03-24 10:24:39,360 - INFO - CURRENT NET P&L: 10.850000000000023 points
2026-03-24 10:24:39,361 - WARNING - Skipping position management - stale/no price data
2026-03-24 10:24:39,362 - INFO -  Position Status - P&L: Rs10.85, Adjustments: 0
2026-03-24 10:24:39,362 - INFO - Running SMA paper trading cycle...
2026-03-24 10:24:39,420 - INFO - Running Equity paper trading cycle...
2026-03-24 10:24:39,420 - INFO - Managing existing Equity positions
2026-03-24 10:24:39,420 - INFO - ----- Position management cycle started at 10:24:39 -----
2026-03-24 10:24:39,425 - INFO - [CYCLE SUMMARY] INFY | Price: 1269.00 | Entry: 1263.50 | Stop: 1264.70 | P&L: 0.17 (0.44%) | Status: PROFIT | Risk: HIGH RISK
2026-03-24 10:24:39,426 - INFO - [DETAILED STATUS] Distance to Stop: 4.30 (0.34%) | Distance from Entry: 5.50 (0.44%) | Quantity: 0.03125 | AO Risk Applied: True
2026-03-24 10:24:39,427 - INFO - [PARTIAL EXIT INFO] 50% Exited at: 1265.00 | Partial P&L: 0.05 | Remaining Qty: 0.03125
2026-03-24 10:24:39,436 - WARNING - STOP LOSS PROXIMITY: Price 1269.00 is 0.34% above stop 1264.70
2026-03-24 10:24:39,449 - DEBUG - Stop loss unchanged: 1264.70 (new: 1264.50)
2026-03-24 10:24:39,453 - INFO - Equity Position Status - P&L: Rs0.17
2026-03-24 10:24:39,454 - INFO - Running Nifty Options paper trading cycle...
2026-03-24 10:24:39,466 - INFO - Nifty Position Status - Lot1: CLOSED, Lot2: OPEN
2026-03-24 10:24:53,630 - INFO - Starting high-accuracy delta calculation...
2026-03-24 10:24:54,250 - WARNING - High-accuracy delta calculation failed
2026-03-24 10:25:00,419 - WARNING - Failed to fetch 1m data - empty result
2026-03-24 10:25:00,536 - WARNING - Failed to fetch 1m data - empty result
2026-03-24 10:25:00,645 - WARNING - Failed to fetch 1m data - empty result
2026-03-24 10:25:00,647 - ERROR - Failed to fetch 1m data after 3 attempts
2026-03-24 10:25:21,900 - INFO - Starting separate VIX calculation...
2026-03-24 10:25:22,622 - WARNING - Separate VIX calculation failed
2026-03-24 10:25:25,821 - WARNING - Failed to fetch 5m data - empty result
2026-03-24 10:25:25,934 - WARNING - Failed to fetch 5m data - empty result
2026-03-24 10:25:26,050 - WARNING - Failed to fetch 5m data - empty result
2026-03-24 10:25:26,050 - ERROR - Failed to fetch 5m data after 3 attempts
2026-03-24 10:25:28,084 - INFO - Fetching 5m equity data (attempt 1/3)...
2026-03-24 10:25:28,201 - ERROR - Error fetching 5m equity data (attempt 1): 'NoneType' object has no attribute 'dropna'
2026-03-24 10:25:33,217 - INFO - Fetching 5m equity data (attempt 2/3)...
2026-03-24 10:25:33,338 - ERROR - Error fetching 5m equity data (attempt 2): 'NoneType' object has no attribute 'dropna'
2026-03-24 10:25:43,350 - INFO - Fetching 5m equity data (attempt 3/3)...
2026-03-24 10:25:43,469 - ERROR - Error fetching 5m equity data (attempt 3): 'NoneType' object has no attribute 'dropna'
2026-03-24 10:25:43,469 - ERROR - Failed to fetch 5m equity data after 3 attempts
2026-03-24 10:25:44,528 - INFO - Fetching 1m equity data (attempt 1/3)...
2026-03-24 10:25:44,692 - ERROR - Error fetching 1m equity data (attempt 1): 'NoneType' object has no attribute 'dropna'
2026-03-24 10:25:49,701 - INFO - Fetching 1m equity data (attempt 2/3)...
2026-03-24 10:25:49,820 - ERROR - Error fetching 1m equity data (attempt 2): 'NoneType' object has no attribute 'dropna'
2026-03-24 10:25:59,833 - INFO - Fetching 1m equity data (attempt 3/3)...
2026-03-24 10:25:59,951 - ERROR - Error fetching 1m equity data (attempt 3): 'NoneType' object has no attribute 'dropna'
2026-03-24 10:25:59,951 - ERROR - Failed to fetch 1m equity data after 3 attempts
2026-03-24 10:25:59,951 - INFO - Running Donchian AO trading strategy...
2026-03-24 10:26:00,155 - INFO - Using delta limit : 40 for today..
2026-03-24 10:26:01,543 - INFO - 2:2 Ratio detected: Selling CE first then PE
2026-03-24 10:26:01,544 - INFO - Selected CE_FIRST: First Leg : NIFTY2632422850CE (LTP: 47.75, Delta: 32.17998446141102)
2026-03-24 10:26:01,546 - INFO - Selected CE_FIRST: Second leg: NIFTY2632422600PE (LTP: 40.075, Delta: -27.242427672879632)
2026-03-24 10:26:01,553 - INFO - NO TRADE: No suitable option pair found.
2026-03-24 10:26:01,554 - INFO - Running paper trading cycle...
2026-03-24 10:26:01,554 - INFO -  Managing existing positions
2026-03-24 10:26:01,554 - INFO - ----- Position management cycle started at 10:26:01 -----
2026-03-24 10:26:01,812 - INFO - [DEBUG] options_data type: <class 'list'>, length: 25
2026-03-24 10:26:02,108 - INFO - CURRENT NET P&L: 10.850000000000023 points
2026-03-24 10:26:02,110 - WARNING - Skipping position management - stale/no price data
2026-03-24 10:26:02,110 - INFO -  Position Status - P&L: Rs10.85, Adjustments: 0
2026-03-24 10:26:02,110 - INFO - Running SMA paper trading cycle...
2026-03-24 10:26:02,190 - INFO - Running Equity paper trading cycle...
2026-03-24 10:26:02,190 - INFO - Managing existing Equity positions
2026-03-24 10:26:02,190 - INFO - ----- Position management cycle started at 10:26:02 -----
2026-03-24 10:26:02,204 - INFO - [CYCLE SUMMARY] INFY | Price: 1269.00 | Entry: 1263.50 | Stop: 1264.70 | P&L: 0.17 (0.44%) | Status: PROFIT | Risk: HIGH RISK
2026-03-24 10:26:02,204 - INFO - [DETAILED STATUS] Distance to Stop: 4.30 (0.34%) | Distance from Entry: 5.50 (0.44%) | Quantity: 0.03125 | AO Risk Applied: True
2026-03-24 10:26:02,206 - INFO - [PARTIAL EXIT INFO] 50% Exited at: 1265.00 | Partial P&L: 0.05 | Remaining Qty: 0.03125
2026-03-24 10:26:02,206 - WARNING - STOP LOSS PROXIMITY: Price 1269.00 is 0.34% above stop 1264.70
2026-03-24 10:26:02,234 - DEBUG - Stop loss unchanged: 1264.70 (new: 1264.50)
2026-03-24 10:26:02,240 - INFO - Equity Position Status - P&L: Rs0.17
2026-03-24 10:26:02,240 - INFO - Running Nifty Options paper trading cycle...
2026-03-24 10:26:02,250 - INFO - Nifty Position Status - Lot1: CLOSED, Lot2: OPEN
2026-03-24 10:26:03,265 - INFO - Starting high-accuracy delta calculation...
2026-03-24 10:26:03,740 - WARNING - High-accuracy delta calculation failed
2026-03-24 10:26:03,859 - WARNING - Failed to fetch 1m data - empty result
2026-03-24 10:26:03,966 - WARNING - Failed to fetch 1m data - empty result
2026-03-24 10:26:04,067 - WARNING - Failed to fetch 1m data - empty result
2026-03-24 10:26:04,067 - ERROR - Failed to fetch 1m data after 3 attempts
2026-03-24 10:27:00,688 - INFO - Fetching 1m equity data (attempt 1/3)...
2026-03-24 10:27:00,867 - ERROR - Error fetching 1m equity data (attempt 1): 'NoneType' object has no attribute 'dropna'
2026-03-24 10:27:05,883 - INFO - Fetching 1m equity data (attempt 2/3)...
2026-03-24 10:27:06,034 - ERROR - Error fetching 1m equity data (attempt 2): 'NoneType' object has no attribute 'dropna'
2026-03-24 10:27:16,063 - INFO - Fetching 1m equity data (attempt 3/3)...
2026-03-24 10:27:16,201 - ERROR - Error fetching 1m equity data (attempt 3): 'NoneType' object has no attribute 'dropna'
2026-03-24 10:27:16,201 - ERROR - Failed to fetch 1m equity data after 3 attempts
2026-03-24 10:27:17,219 - INFO - Running Donchian AO trading strategy...
2026-03-24 10:27:17,336 - INFO - Using delta limit : 40 for today..
2026-03-24 10:27:18,037 - INFO - 2:2 Ratio detected: Selling CE first then PE
2026-03-24 10:27:18,054 - INFO - Selected CE_FIRST: First Leg : NIFTY2632422850CE (LTP: 47.75, Delta: 32.17998446141102)
2026-03-24 10:27:18,054 - INFO - Selected CE_FIRST: Second leg: NIFTY2632422600PE (LTP: 40.075, Delta: -27.242427672879632)
2026-03-24 10:27:18,057 - INFO - NO TRADE: No suitable option pair found.
2026-03-24 10:27:18,057 - INFO - Running paper trading cycle...
2026-03-24 10:27:18,057 - INFO -  Managing existing positions
2026-03-24 10:27:18,057 - INFO - ----- Position management cycle started at 10:27:18 -----
2026-03-24 10:27:18,280 - INFO - [DEBUG] options_data type: <class 'list'>, length: 25
2026-03-24 10:27:18,471 - INFO - CURRENT NET P&L: 10.850000000000023 points
2026-03-24 10:27:18,472 - WARNING - Skipping position management - stale/no price data
2026-03-24 10:27:18,472 - INFO -  Position Status - P&L: Rs10.85, Adjustments: 0
2026-03-24 10:27:18,472 - INFO - Running SMA paper trading cycle...
2026-03-24 10:27:18,502 - INFO - Running Equity paper trading cycle...
2026-03-24 10:27:18,502 - INFO - Managing existing Equity positions
2026-03-24 10:27:18,502 - INFO - ----- Position management cycle started at 10:27:18 -----
2026-03-24 10:27:18,519 - INFO - [CYCLE SUMMARY] INFY | Price: 1269.00 | Entry: 1263.50 | Stop: 1264.70 | P&L: 0.17 (0.44%) | Status: PROFIT | Risk: HIGH RISK
2026-03-24 10:27:18,519 - INFO - [DETAILED STATUS] Distance to Stop: 4.30 (0.34%) | Distance from Entry: 5.50 (0.44%) | Quantity: 0.03125 | AO Risk Applied: True
2026-03-24 10:27:18,519 - INFO - [PARTIAL EXIT INFO] 50% Exited at: 1265.00 | Partial P&L: 0.05 | Remaining Qty: 0.03125
2026-03-24 10:27:18,519 - WARNING - STOP LOSS PROXIMITY: Price 1269.00 is 0.34% above stop 1264.70
2026-03-24 10:27:18,536 - DEBUG - Stop loss unchanged: 1264.70 (new: 1264.50)
2026-03-24 10:27:18,536 - INFO - Equity Position Status - P&L: Rs0.17
2026-03-24 10:27:18,536 - INFO - Running Nifty Options paper trading cycle...
2026-03-24 10:27:18,561 - INFO - Nifty Position Status - Lot1: CLOSED, Lot2: OPEN
2026-03-24 10:27:18,561 - INFO - Starting high-accuracy delta calculation...
2026-03-24 10:27:19,002 - WARNING - High-accuracy delta calculation failed
2026-03-24 10:27:19,108 - WARNING - Failed to fetch 1m data - empty result
2026-03-24 10:27:19,221 - WARNING - Failed to fetch 1m data - empty result
2026-03-24 10:27:19,339 - WARNING - Failed to fetch 1m data - empty result
2026-03-24 10:27:19,339 - ERROR - Failed to fetch 1m data after 3 attempts
2026-03-24 10:28:16,953 - INFO - Fetching 1m equity data (attempt 1/3)...
2026-03-24 10:28:17,119 - ERROR - Error fetching 1m equity data (attempt 1): 'NoneType' object has no attribute 'dropna'
2026-03-24 10:28:22,135 - INFO - Fetching 1m equity data (attempt 2/3)...
2026-03-24 10:28:22,457 - ERROR - Error fetching 1m equity data (attempt 2): 'NoneType' object has no attribute 'dropna'
2026-03-24 10:28:32,468 - INFO - Fetching 1m equity data (attempt 3/3)...
2026-03-24 10:28:32,605 - ERROR - Error fetching 1m equity data (attempt 3): 'NoneType' object has no attribute 'dropna'
2026-03-24 10:28:32,620 - ERROR - Failed to fetch 1m equity data after 3 attempts
2026-03-24 10:28:33,636 - INFO - Running Donchian AO trading strategy...
2026-03-24 10:28:33,830 - INFO - Using delta limit : 40 for today..
2026-03-24 10:28:35,929 - INFO - 2:2 Ratio detected: Selling CE first then PE
2026-03-24 10:28:35,931 - INFO - Selected CE_FIRST: First Leg : NIFTY2632422850CE (LTP: 47.75, Delta: 32.17998446141102)
2026-03-24 10:28:35,931 - INFO - Selected CE_FIRST: Second leg: NIFTY2632422600PE (LTP: 40.075, Delta: -27.242427672879632)
2026-03-24 10:28:35,932 - INFO - NO TRADE: No suitable option pair found.
2026-03-24 10:28:35,932 - INFO - Running paper trading cycle...
2026-03-24 10:28:35,932 - INFO -  Managing existing positions
2026-03-24 10:28:35,932 - INFO - ----- Position management cycle started at 10:28:35 -----
2026-03-24 10:28:36,149 - INFO - [DEBUG] options_data type: <class 'list'>, length: 25
2026-03-24 10:28:36,345 - INFO - CURRENT NET P&L: 10.850000000000023 points
2026-03-24 10:28:36,347 - WARNING - Skipping position management - stale/no price data
2026-03-24 10:28:36,348 - INFO -  Position Status - P&L: Rs10.85, Adjustments: 0
2026-03-24 10:28:36,348 - INFO - Running SMA paper trading cycle...
2026-03-24 10:28:36,406 - INFO - Running Equity paper trading cycle...
2026-03-24 10:28:36,406 - INFO - Managing existing Equity positions
2026-03-24 10:28:36,406 - INFO - ----- Position management cycle started at 10:28:36 -----
2026-03-24 10:28:36,413 - INFO - [CYCLE SUMMARY] INFY | Price: 1269.00 | Entry: 1263.50 | Stop: 1264.70 | P&L: 0.17 (0.44%) | Status: PROFIT | Risk: HIGH RISK
2026-03-24 10:28:36,414 - INFO - [DETAILED STATUS] Distance to Stop: 4.30 (0.34%) | Distance from Entry: 5.50 (0.44%) | Quantity: 0.03125 | AO Risk Applied: True
2026-03-24 10:28:36,414 - INFO - [PARTIAL EXIT INFO] 50% Exited at: 1265.00 | Partial P&L: 0.05 | Remaining Qty: 0.03125
2026-03-24 10:28:36,421 - WARNING - STOP LOSS PROXIMITY: Price 1269.00 is 0.34% above stop 1264.70
2026-03-24 10:28:36,431 - DEBUG - Stop loss unchanged: 1264.70 (new: 1264.50)
2026-03-24 10:28:36,440 - INFO - Equity Position Status - P&L: Rs0.17
2026-03-24 10:28:36,440 - INFO - Running Nifty Options paper trading cycle...
2026-03-24 10:28:36,457 - INFO - Nifty Position Status - Lot1: CLOSED, Lot2: OPEN
2026-03-24 10:28:36,458 - INFO - Starting high-accuracy delta calculation...
2026-03-24 10:28:36,961 - WARNING - High-accuracy delta calculation failed
2026-03-24 10:28:37,072 - WARNING - Failed to fetch 1m data - empty result
2026-03-24 10:28:37,184 - WARNING - Failed to fetch 1m data - empty result
2026-03-24 10:28:37,295 - WARNING - Failed to fetch 1m data - empty result
2026-03-24 10:28:37,295 - ERROR - Failed to fetch 1m data after 3 attempts
2026-03-24 10:28:56,584 - WARNING - Failed to fetch 15m data - empty result
2026-03-24 10:28:56,709 - WARNING - Failed to fetch 15m data - empty result
2026-03-24 10:28:56,821 - WARNING - Failed to fetch 15m data - empty result
2026-03-24 10:28:56,821 - ERROR - Failed to fetch 15m data after 3 attempts
2026-03-24 10:29:33,268 - INFO - Fetching 1m equity data (attempt 1/3)...
2026-03-24 10:29:33,404 - ERROR - Error fetching 1m equity data (attempt 1): 'NoneType' object has no attribute 'dropna'
2026-03-24 10:29:38,433 - INFO - Fetching 1m equity data (attempt 2/3)...
2026-03-24 10:29:38,566 - ERROR - Error fetching 1m equity data (attempt 2): 'NoneType' object has no attribute 'dropna'
2026-03-24 10:29:48,571 - INFO - Fetching 1m equity data (attempt 3/3)...
2026-03-24 10:29:48,722 - ERROR - Error fetching 1m equity data (attempt 3): 'NoneType' object has no attribute 'dropna'
2026-03-24 10:29:48,724 - ERROR - Failed to fetch 1m equity data after 3 attempts
2026-03-24 10:29:49,740 - INFO - Running Donchian AO trading strategy...
2026-03-24 10:29:49,981 - INFO - Using delta limit : 40 for today..
2026-03-24 10:29:52,180 - INFO - 2:2 Ratio detected: Selling CE first then PE
2026-03-24 10:29:52,181 - INFO - Selected CE_FIRST: First Leg : NIFTY2632422850CE (LTP: 47.75, Delta: 32.17998446141102)
2026-03-24 10:29:52,181 - INFO - Selected CE_FIRST: Second leg: NIFTY2632422600PE (LTP: 40.075, Delta: -27.242427672879632)
2026-03-24 10:29:52,184 - INFO - NO TRADE: No suitable option pair found.
2026-03-24 10:29:52,184 - INFO - Running paper trading cycle...
2026-03-24 10:29:52,184 - INFO -  Managing existing positions
2026-03-24 10:29:52,194 - INFO - ----- Position management cycle started at 10:29:52 -----
2026-03-24 10:29:52,405 - INFO - [DEBUG] options_data type: <class 'list'>, length: 25
2026-03-24 10:29:52,631 - INFO - CURRENT NET P&L: 10.850000000000023 points
2026-03-24 10:29:52,633 - WARNING - Skipping position management - stale/no price data
2026-03-24 10:29:52,633 - INFO -  Position Status - P&L: Rs10.85, Adjustments: 0
2026-03-24 10:29:52,633 - INFO - Running SMA paper trading cycle...
2026-03-24 10:29:52,700 - INFO - Running Equity paper trading cycle...
2026-03-24 10:29:52,702 - INFO - Managing existing Equity positions
2026-03-24 10:29:52,702 - INFO - ----- Position management cycle started at 10:29:52 -----
2026-03-24 10:29:52,713 - INFO - [CYCLE SUMMARY] INFY | Price: 1269.00 | Entry: 1263.50 | Stop: 1264.70 | P&L: 0.17 (0.44%) | Status: PROFIT | Risk: HIGH RISK
2026-03-24 10:29:52,718 - INFO - [DETAILED STATUS] Distance to Stop: 4.30 (0.34%) | Distance from Entry: 5.50 (0.44%) | Quantity: 0.03125 | AO Risk Applied: True
2026-03-24 10:29:52,723 - INFO - [PARTIAL EXIT INFO] 50% Exited at: 1265.00 | Partial P&L: 0.05 | Remaining Qty: 0.03125
2026-03-24 10:29:52,729 - WARNING - STOP LOSS PROXIMITY: Price 1269.00 is 0.34% above stop 1264.70
2026-03-24 10:29:52,755 - DEBUG - Stop loss unchanged: 1264.70 (new: 1264.50)
2026-03-24 10:29:52,761 - INFO - Equity Position Status - P&L: Rs0.17
2026-03-24 10:29:52,761 - INFO - Running Nifty Options paper trading cycle...
2026-03-24 10:29:52,778 - INFO - Nifty Position Status - Lot1: CLOSED, Lot2: OPEN
2026-03-24 10:29:52,780 - INFO - Starting high-accuracy delta calculation...
2026-03-24 10:29:53,237 - WARNING - High-accuracy delta calculation failed
2026-03-24 10:29:53,351 - WARNING - Failed to fetch 1m data - empty result
2026-03-24 10:29:53,453 - WARNING - Failed to fetch 1m data - empty result
2026-03-24 10:29:53,579 - WARNING - Failed to fetch 1m data - empty result
2026-03-24 10:29:53,579 - ERROR - Failed to fetch 1m data after 3 attempts
2026-03-24 10:29:53,579 - INFO - Fetching 15m equity data (attempt 1/3)...
2026-03-24 10:29:53,688 - ERROR - Error fetching 15m equity data (attempt 1): 'NoneType' object has no attribute 'dropna'
2026-03-24 10:29:58,691 - INFO - Fetching 15m equity data (attempt 2/3)...
2026-03-24 10:29:58,807 - ERROR - Error fetching 15m equity data (attempt 2): 'NoneType' object has no attribute 'dropna'
2026-03-24 10:30:08,819 - INFO - Fetching 15m equity data (attempt 3/3)...
2026-03-24 10:30:08,939 - ERROR - Error fetching 15m equity data (attempt 3): 'NoneType' object has no attribute 'dropna'
2026-03-24 10:30:08,940 - ERROR - Failed to fetch 15m equity data after 3 attempts
2026-03-24 10:30:23,090 - INFO - Starting separate VIX calculation...
2026-03-24 10:30:23,605 - WARNING - Separate VIX calculation failed
2026-03-24 10:30:26,758 - WARNING - Failed to fetch 5m data - empty result
2026-03-24 10:30:26,889 - WARNING - Failed to fetch 5m data - empty result
2026-03-24 10:30:27,008 - WARNING - Failed to fetch 5m data - empty result
2026-03-24 10:30:27,008 - ERROR - Failed to fetch 5m data after 3 attempts
2026-03-24 10:30:44,190 - INFO - Fetching 5m equity data (attempt 1/3)...
2026-03-24 10:30:44,307 - ERROR - Error fetching 5m equity data (attempt 1): 'NoneType' object has no attribute 'dropna'
2026-03-24 10:30:49,319 - INFO - Fetching 5m equity data (attempt 2/3)...
2026-03-24 10:30:49,556 - ERROR - Error fetching 5m equity data (attempt 2): 'NoneType' object has no attribute 'dropna'
2026-03-24 10:30:59,574 - INFO - Fetching 5m equity data (attempt 3/3)...
2026-03-24 10:30:59,690 - ERROR - Error fetching 5m equity data (attempt 3): 'NoneType' object has no attribute 'dropna'
2026-03-24 10:30:59,690 - ERROR - Failed to fetch 5m equity data after 3 attempts
2026-03-24 10:31:00,708 - INFO - Fetching 1m equity data (attempt 1/3)...
2026-03-24 10:31:00,805 - ERROR - Error fetching 1m equity data (attempt 1): 'NoneType' object has no attribute 'dropna'
2026-03-24 10:31:05,824 - INFO - Fetching 1m equity data (attempt 2/3)...
2026-03-24 10:31:05,934 - ERROR - Error fetching 1m equity data (attempt 2): 'NoneType' object has no attribute 'dropna'
2026-03-24 10:31:15,942 - INFO - Fetching 1m equity data (attempt 3/3)...
2026-03-24 10:31:16,058 - ERROR - Error fetching 1m equity data (attempt 3): 'NoneType' object has no attribute 'dropna'
2026-03-24 10:31:16,059 - ERROR - Failed to fetch 1m equity data after 3 attempts
2026-03-24 10:31:16,060 - INFO - Running Donchian AO trading strategy...
2026-03-24 10:31:16,193 - INFO - Using delta limit : 40 for today..
2026-03-24 10:31:16,912 - INFO - 2:2 Ratio detected: Selling CE first then PE
2026-03-24 10:31:16,912 - INFO - Selected CE_FIRST: First Leg : NIFTY2632422850CE (LTP: 47.75, Delta: 32.17998446141102)
2026-03-24 10:31:16,914 - INFO - Selected CE_FIRST: Second leg: NIFTY2632422600PE (LTP: 40.075, Delta: -27.242427672879632)
2026-03-24 10:31:16,916 - INFO - NO TRADE: No suitable option pair found.
2026-03-24 10:31:16,916 - INFO - Running paper trading cycle...
2026-03-24 10:31:16,916 - INFO -  Managing existing positions
2026-03-24 10:31:16,916 - INFO - ----- Position management cycle started at 10:31:16 -----
2026-03-24 10:31:17,145 - INFO - [DEBUG] options_data type: <class 'list'>, length: 25
2026-03-24 10:31:17,328 - INFO - CURRENT NET P&L: 10.850000000000023 points
2026-03-24 10:31:17,331 - WARNING - Skipping position management - stale/no price data
2026-03-24 10:31:17,332 - INFO -  Position Status - P&L: Rs10.85, Adjustments: 0
2026-03-24 10:31:17,332 - INFO - Running SMA paper trading cycle...
2026-03-24 10:31:17,376 - INFO - Running Equity paper trading cycle...
2026-03-24 10:31:17,376 - INFO - Managing existing Equity positions
2026-03-24 10:31:17,378 - INFO - ----- Position management cycle started at 10:31:17 -----
2026-03-24 10:31:17,383 - INFO - [CYCLE SUMMARY] INFY | Price: 1269.00 | Entry: 1263.50 | Stop: 1264.70 | P&L: 0.17 (0.44%) | Status: PROFIT | Risk: HIGH RISK
2026-03-24 10:31:17,385 - INFO - [DETAILED STATUS] Distance to Stop: 4.30 (0.34%) | Distance from Entry: 5.50 (0.44%) | Quantity: 0.03125 | AO Risk Applied: True
2026-03-24 10:31:17,385 - INFO - [PARTIAL EXIT INFO] 50% Exited at: 1265.00 | Partial P&L: 0.05 | Remaining Qty: 0.03125
2026-03-24 10:31:17,393 - WARNING - STOP LOSS PROXIMITY: Price 1269.00 is 0.34% above stop 1264.70
2026-03-24 10:31:17,403 - DEBUG - Stop loss unchanged: 1264.70 (new: 1264.50)
2026-03-24 10:31:17,408 - INFO - Equity Position Status - P&L: Rs0.17
2026-03-24 10:31:17,408 - INFO - Running Nifty Options paper trading cycle...
2026-03-24 10:31:17,431 - INFO - Nifty Position Status - Lot1: CLOSED, Lot2: OPEN
2026-03-24 10:31:17,442 - INFO - Starting high-accuracy delta calculation...
2026-03-24 10:31:17,912 - WARNING - High-accuracy delta calculation failed
2026-03-24 10:31:18,009 - WARNING - Failed to fetch 1m data - empty result
2026-03-24 10:31:18,126 - WARNING - Failed to fetch 1m data - empty result
2026-03-24 10:31:18,241 - WARNING - Failed to fetch 1m data - empty result
2026-03-24 10:31:18,242 - ERROR - Failed to fetch 1m data after 3 attempts
2026-03-24 10:32:16,892 - INFO - Fetching 1m equity data (attempt 1/3)...
2026-03-24 10:32:17,007 - ERROR - Error fetching 1m equity data (attempt 1): 'NoneType' object has no attribute 'dropna'
2026-03-24 10:32:22,023 - INFO - Fetching 1m equity data (attempt 2/3)...
2026-03-24 10:32:22,140 - ERROR - Error fetching 1m equity data (attempt 2): 'NoneType' object has no attribute 'dropna'
2026-03-24 10:32:32,157 - INFO - Fetching 1m equity data (attempt 3/3)...
2026-03-24 10:32:32,291 - ERROR - Error fetching 1m equity data (attempt 3): 'NoneType' object has no attribute 'dropna'
2026-03-24 10:32:32,291 - ERROR - Failed to fetch 1m equity data after 3 attempts
2026-03-24 10:32:33,308 - INFO - Running Donchian AO trading strategy...
2026-03-24 10:32:33,406 - INFO - Using delta limit : 40 for today..
2026-03-24 10:32:34,230 - INFO - 2:2 Ratio detected: Selling CE first then PE
2026-03-24 10:32:34,231 - INFO - Selected CE_FIRST: First Leg : NIFTY2632422850CE (LTP: 47.75, Delta: 32.17998446141102)
2026-03-24 10:32:34,233 - INFO - Selected CE_FIRST: Second leg: NIFTY2632422600PE (LTP: 40.075, Delta: -27.242427672879632)
2026-03-24 10:32:34,234 - INFO - NO TRADE: No suitable option pair found.
2026-03-24 10:32:34,234 - INFO - Running paper trading cycle...
2026-03-24 10:32:34,235 - INFO -  Managing existing positions
2026-03-24 10:32:34,235 - INFO - ----- Position management cycle started at 10:32:34 -----
2026-03-24 10:32:34,554 - INFO - [DEBUG] options_data type: <class 'list'>, length: 25
2026-03-24 10:32:34,832 - INFO - CURRENT NET P&L: 10.850000000000023 points
2026-03-24 10:32:34,833 - WARNING - Skipping position management - stale/no price data
2026-03-24 10:32:34,834 - INFO -  Position Status - P&L: Rs10.85, Adjustments: 0
2026-03-24 10:32:34,834 - INFO - Running SMA paper trading cycle...
2026-03-24 10:32:34,897 - INFO - Running Equity paper trading cycle...
2026-03-24 10:32:34,898 - INFO - Managing existing Equity positions
2026-03-24 10:32:34,898 - INFO - ----- Position management cycle started at 10:32:34 -----
2026-03-24 10:32:34,911 - INFO - [CYCLE SUMMARY] INFY | Price: 1269.00 | Entry: 1263.50 | Stop: 1264.70 | P&L: 0.17 (0.44%) | Status: PROFIT | Risk: HIGH RISK
2026-03-24 10:32:34,913 - INFO - [DETAILED STATUS] Distance to Stop: 4.30 (0.34%) | Distance from Entry: 5.50 (0.44%) | Quantity: 0.03125 | AO Risk Applied: True
2026-03-24 10:32:34,914 - INFO - [PARTIAL EXIT INFO] 50% Exited at: 1265.00 | Partial P&L: 0.05 | Remaining Qty: 0.03125
2026-03-24 10:32:34,929 - WARNING - STOP LOSS PROXIMITY: Price 1269.00 is 0.34% above stop 1264.70
2026-03-24 10:32:34,949 - DEBUG - Stop loss unchanged: 1264.70 (new: 1264.50)
2026-03-24 10:32:34,958 - INFO - Equity Position Status - P&L: Rs0.17
2026-03-24 10:32:34,959 - INFO - Running Nifty Options paper trading cycle...
2026-03-24 10:32:34,978 - INFO - Nifty Position Status - Lot1: CLOSED, Lot2: OPEN
2026-03-24 10:32:34,978 - INFO - Starting high-accuracy delta calculation...
2026-03-24 10:32:35,718 - WARNING - High-accuracy delta calculation failed
2026-03-24 10:32:35,865 - WARNING - Failed to fetch 1m data - empty result
2026-03-24 10:32:35,967 - WARNING - Failed to fetch 1m data - empty result
2026-03-24 10:32:36,071 - WARNING - Failed to fetch 1m data - empty result
2026-03-24 10:32:36,077 - ERROR - Failed to fetch 1m data after 3 attempts
2026-03-24 10:33:32,715 - INFO - Fetching 1m equity data (attempt 1/3)...
2026-03-24 10:33:32,882 - ERROR - Error fetching 1m equity data (attempt 1): 'NoneType' object has no attribute 'dropna'
2026-03-24 10:33:37,893 - INFO - Fetching 1m equity data (attempt 2/3)...
2026-03-24 10:33:38,028 - ERROR - Error fetching 1m equity data (attempt 2): 'NoneType' object has no attribute 'dropna'
2026-03-24 10:33:48,043 - INFO - Fetching 1m equity data (attempt 3/3)...
2026-03-24 10:33:48,206 - ERROR - Error fetching 1m equity data (attempt 3): 'NoneType' object has no attribute 'dropna'
2026-03-24 10:33:48,211 - ERROR - Failed to fetch 1m equity data after 3 attempts
2026-03-24 10:33:49,223 - INFO - Running Donchian AO trading strategy...
2026-03-24 10:33:49,401 - INFO - Using delta limit : 40 for today..
2026-03-24 10:33:50,680 - INFO - 2:2 Ratio detected: Selling CE first then PE
2026-03-24 10:33:50,682 - INFO - Selected CE_FIRST: First Leg : NIFTY2632422850CE (LTP: 47.75, Delta: 32.17998446141102)
2026-03-24 10:33:50,682 - INFO - Selected CE_FIRST: Second leg: NIFTY2632422600PE (LTP: 40.075, Delta: -27.242427672879632)
2026-03-24 10:33:50,684 - INFO - NO TRADE: No suitable option pair found.
2026-03-24 10:33:50,684 - INFO - Running paper trading cycle...
2026-03-24 10:33:50,685 - INFO -  Managing existing positions
2026-03-24 10:33:50,685 - INFO - ----- Position management cycle started at 10:33:50 -----
2026-03-24 10:33:50,968 - INFO - [DEBUG] options_data type: <class 'list'>, length: 25
2026-03-24 10:33:51,254 - INFO - CURRENT NET P&L: 10.850000000000023 points
2026-03-24 10:33:51,255 - WARNING - Skipping position management - stale/no price data
2026-03-24 10:33:51,261 - INFO -  Position Status - P&L: Rs10.85, Adjustments: 0
2026-03-24 10:33:51,261 - INFO - Running SMA paper trading cycle...
2026-03-24 10:33:51,351 - INFO - Running Equity paper trading cycle...
2026-03-24 10:33:51,351 - INFO - Managing existing Equity positions
2026-03-24 10:33:51,354 - INFO - ----- Position management cycle started at 10:33:51 -----
2026-03-24 10:33:51,366 - INFO - [CYCLE SUMMARY] INFY | Price: 1269.00 | Entry: 1263.50 | Stop: 1264.70 | P&L: 0.17 (0.44%) | Status: PROFIT | Risk: HIGH RISK
2026-03-24 10:33:51,367 - INFO - [DETAILED STATUS] Distance to Stop: 4.30 (0.34%) | Distance from Entry: 5.50 (0.44%) | Quantity: 0.03125 | AO Risk Applied: True
2026-03-24 10:33:51,368 - INFO - [PARTIAL EXIT INFO] 50% Exited at: 1265.00 | Partial P&L: 0.05 | Remaining Qty: 0.03125
2026-03-24 10:33:51,378 - WARNING - STOP LOSS PROXIMITY: Price 1269.00 is 0.34% above stop 1264.70
2026-03-24 10:33:51,394 - DEBUG - Stop loss unchanged: 1264.70 (new: 1264.50)
2026-03-24 10:33:51,400 - INFO - Equity Position Status - P&L: Rs0.17
2026-03-24 10:33:51,400 - INFO - Running Nifty Options paper trading cycle...
2026-03-24 10:33:51,419 - INFO - Nifty Position Status - Lot1: CLOSED, Lot2: OPEN
2026-03-24 10:33:51,419 - INFO - Starting high-accuracy delta calculation...
2026-03-24 10:33:52,105 - WARNING - High-accuracy delta calculation failed
2026-03-24 10:33:52,233 - WARNING - Failed to fetch 1m data - empty result
2026-03-24 10:33:52,359 - WARNING - Failed to fetch 1m data - empty result
2026-03-24 10:33:52,455 - WARNING - Failed to fetch 1m data - empty result
2026-03-24 10:33:52,456 - ERROR - Failed to fetch 1m data after 3 attempts
2026-03-24 10:34:49,187 - INFO - Fetching 1m equity data (attempt 1/3)...
2026-03-24 10:34:49,322 - ERROR - Error fetching 1m equity data (attempt 1): 'NoneType' object has no attribute 'dropna'
2026-03-24 10:34:54,325 - INFO - Fetching 1m equity data (attempt 2/3)...
2026-03-24 10:34:54,469 - ERROR - Error fetching 1m equity data (attempt 2): 'NoneType' object has no attribute 'dropna'
2026-03-24 10:35:04,479 - INFO - Fetching 1m equity data (attempt 3/3)...
2026-03-24 10:35:04,586 - ERROR - Error fetching 1m equity data (attempt 3): 'NoneType' object has no attribute 'dropna'
2026-03-24 10:35:04,587 - ERROR - Failed to fetch 1m equity data after 3 attempts
2026-03-24 10:35:05,595 - INFO - Running Donchian AO trading strategy...
2026-03-24 10:35:05,748 - INFO - Using delta limit : 40 for today..
2026-03-24 10:35:07,354 - INFO - 2:2 Ratio detected: Selling CE first then PE
2026-03-24 10:35:07,355 - INFO - Selected CE_FIRST: First Leg : NIFTY2632422850CE (LTP: 47.75, Delta: 32.17998446141102)
2026-03-24 10:35:07,355 - INFO - Selected CE_FIRST: Second leg: NIFTY2632422600PE (LTP: 40.075, Delta: -27.242427672879632)
2026-03-24 10:35:07,356 - INFO - NO TRADE: No suitable option pair found.
2026-03-24 10:35:07,357 - INFO - Running paper trading cycle...
2026-03-24 10:35:07,357 - INFO -  Managing existing positions
2026-03-24 10:35:07,357 - INFO - ----- Position management cycle started at 10:35:07 -----
2026-03-24 10:35:07,621 - INFO - [DEBUG] options_data type: <class 'list'>, length: 25
2026-03-24 10:35:08,017 - INFO - CURRENT NET P&L: 10.850000000000023 points
2026-03-24 10:35:08,020 - WARNING - Skipping position management - stale/no price data
2026-03-24 10:35:08,020 - INFO -  Position Status - P&L: Rs10.85, Adjustments: 0
2026-03-24 10:35:08,021 - INFO - Running SMA paper trading cycle...
2026-03-24 10:35:08,099 - INFO - Running Equity paper trading cycle...
2026-03-24 10:35:08,099 - INFO - Managing existing Equity positions
2026-03-24 10:35:08,100 - INFO - ----- Position management cycle started at 10:35:08 -----
2026-03-24 10:35:08,111 - INFO - [CYCLE SUMMARY] INFY | Price: 1269.00 | Entry: 1263.50 | Stop: 1264.70 | P&L: 0.17 (0.44%) | Status: PROFIT | Risk: HIGH RISK
2026-03-24 10:35:08,112 - INFO - [DETAILED STATUS] Distance to Stop: 4.30 (0.34%) | Distance from Entry: 5.50 (0.44%) | Quantity: 0.03125 | AO Risk Applied: True
2026-03-24 10:35:08,113 - INFO - [PARTIAL EXIT INFO] 50% Exited at: 1265.00 | Partial P&L: 0.05 | Remaining Qty: 0.03125
2026-03-24 10:35:08,119 - WARNING - STOP LOSS PROXIMITY: Price 1269.00 is 0.34% above stop 1264.70
2026-03-24 10:35:08,148 - DEBUG - Stop loss unchanged: 1264.70 (new: 1264.50)
2026-03-24 10:35:08,154 - INFO - Equity Position Status - P&L: Rs0.17
2026-03-24 10:35:08,155 - INFO - Running Nifty Options paper trading cycle...
2026-03-24 10:35:08,189 - INFO - Nifty Position Status - Lot1: CLOSED, Lot2: OPEN
2026-03-24 10:35:08,189 - INFO - Starting high-accuracy delta calculation...
2026-03-24 10:35:08,708 - WARNING - High-accuracy delta calculation failed
2026-03-24 10:35:08,985 - WARNING - Failed to fetch 1m data - empty result
2026-03-24 10:35:09,089 - WARNING - Failed to fetch 1m data - empty result
2026-03-24 10:35:09,189 - WARNING - Failed to fetch 1m data - empty result
2026-03-24 10:35:09,190 - ERROR - Failed to fetch 1m data after 3 attempts
2026-03-24 10:35:24,361 - INFO - Starting separate VIX calculation...
2026-03-24 10:35:24,883 - WARNING - Separate VIX calculation failed
2026-03-24 10:35:28,023 - WARNING - Failed to fetch 5m data - empty result
2026-03-24 10:35:28,135 - WARNING - Failed to fetch 5m data - empty result
2026-03-24 10:35:28,242 - WARNING - Failed to fetch 5m data - empty result
2026-03-24 10:35:28,245 - ERROR - Failed to fetch 5m data after 3 attempts
2026-03-24 10:36:00,595 - INFO - Fetching 5m equity data (attempt 1/3)...
2026-03-24 10:36:00,731 - ERROR - Error fetching 5m equity data (attempt 1): 'NoneType' object has no attribute 'dropna'
2026-03-24 10:36:05,747 - INFO - Fetching 5m equity data (attempt 2/3)...
2026-03-24 10:36:05,863 - ERROR - Error fetching 5m equity data (attempt 2): 'NoneType' object has no attribute 'dropna'
2026-03-24 10:36:15,883 - INFO - Fetching 5m equity data (attempt 3/3)...
2026-03-24 10:36:16,034 - ERROR - Error fetching 5m equity data (attempt 3): 'NoneType' object has no attribute 'dropna'
2026-03-24 10:36:16,036 - ERROR - Failed to fetch 5m equity data after 3 attempts
2026-03-24 10:36:17,053 - INFO - Fetching 1m equity data (attempt 1/3)...
2026-03-24 10:36:17,197 - ERROR - Error fetching 1m equity data (attempt 1): 'NoneType' object has no attribute 'dropna'
2026-03-24 10:36:22,213 - INFO - Fetching 1m equity data (attempt 2/3)...
2026-03-24 10:36:22,336 - ERROR - Error fetching 1m equity data (attempt 2): 'NoneType' object has no attribute 'dropna'
2026-03-24 10:36:32,344 - INFO - Fetching 1m equity data (attempt 3/3)...
2026-03-24 10:36:32,506 - ERROR - Error fetching 1m equity data (attempt 3): 'NoneType' object has no attribute 'dropna'
2026-03-24 10:36:32,507 - ERROR - Failed to fetch 1m equity data after 3 attempts
2026-03-24 10:36:32,507 - INFO - Running Donchian AO trading strategy...
2026-03-24 10:36:32,723 - INFO - Using delta limit : 40 for today..
2026-03-24 10:36:34,284 - INFO - 2:2 Ratio detected: Selling CE first then PE
2026-03-24 10:36:34,285 - INFO - Selected CE_FIRST: First Leg : NIFTY2632422850CE (LTP: 47.75, Delta: 32.17998446141102)
2026-03-24 10:36:34,287 - INFO - Selected CE_FIRST: Second leg: NIFTY2632422600PE (LTP: 40.075, Delta: -27.242427672879632)
2026-03-24 10:36:34,289 - INFO - NO TRADE: No suitable option pair found.
2026-03-24 10:36:34,289 - INFO - Running paper trading cycle...
2026-03-24 10:36:34,290 - INFO -  Managing existing positions
2026-03-24 10:36:34,290 - INFO - ----- Position management cycle started at 10:36:34 -----
2026-03-24 10:36:34,480 - INFO - [DEBUG] options_data type: <class 'list'>, length: 25
2026-03-24 10:36:34,671 - INFO - CURRENT NET P&L: 10.850000000000023 points
2026-03-24 10:36:34,672 - WARNING - Skipping position management - stale/no price data
2026-03-24 10:36:34,673 - INFO -  Position Status - P&L: Rs10.85, Adjustments: 0
2026-03-24 10:36:34,673 - INFO - Running SMA paper trading cycle...
2026-03-24 10:36:34,724 - INFO - Running Equity paper trading cycle...
2026-03-24 10:36:34,724 - INFO - Managing existing Equity positions
2026-03-24 10:36:34,725 - INFO - ----- Position management cycle started at 10:36:34 -----
2026-03-24 10:36:34,734 - INFO - [CYCLE SUMMARY] INFY | Price: 1269.00 | Entry: 1263.50 | Stop: 1264.70 | P&L: 0.17 (0.44%) | Status: PROFIT | Risk: HIGH RISK
2026-03-24 10:36:34,734 - INFO - [DETAILED STATUS] Distance to Stop: 4.30 (0.34%) | Distance from Entry: 5.50 (0.44%) | Quantity: 0.03125 | AO Risk Applied: True
2026-03-24 10:36:34,734 - INFO - [PARTIAL EXIT INFO] 50% Exited at: 1265.00 | Partial P&L: 0.05 | Remaining Qty: 0.03125
2026-03-24 10:36:34,750 - WARNING - STOP LOSS PROXIMITY: Price 1269.00 is 0.34% above stop 1264.70
2026-03-24 10:36:34,763 - DEBUG - Stop loss unchanged: 1264.70 (new: 1264.50)
2026-03-24 10:36:34,769 - INFO - Equity Position Status - P&L: Rs0.17
2026-03-24 10:36:34,769 - INFO - Running Nifty Options paper trading cycle...
2026-03-24 10:36:34,785 - INFO - Nifty Position Status - Lot1: CLOSED, Lot2: OPEN
2026-03-24 10:36:34,785 - INFO - Starting high-accuracy delta calculation...
2026-03-24 10:36:35,185 - WARNING - High-accuracy delta calculation failed
2026-03-24 10:36:35,286 - WARNING - Failed to fetch 1m data - empty result
2026-03-24 10:36:35,387 - WARNING - Failed to fetch 1m data - empty result
2026-03-24 10:36:35,504 - WARNING - Failed to fetch 1m data - empty result
2026-03-24 10:36:35,506 - ERROR - Failed to fetch 1m data after 3 attempts
2026-03-24 10:37:33,027 - INFO - Fetching 1m equity data (attempt 1/3)...
2026-03-24 10:37:33,162 - ERROR - Error fetching 1m equity data (attempt 1): 'NoneType' object has no attribute 'dropna'
2026-03-24 10:37:38,198 - INFO - Fetching 1m equity data (attempt 2/3)...
2026-03-24 10:37:38,298 - ERROR - Error fetching 1m equity data (attempt 2): 'NoneType' object has no attribute 'dropna'
2026-03-24 10:37:48,315 - INFO - Fetching 1m equity data (attempt 3/3)...
2026-03-24 10:37:48,428 - ERROR - Error fetching 1m equity data (attempt 3): 'NoneType' object has no attribute 'dropna'
2026-03-24 10:37:48,443 - ERROR - Failed to fetch 1m equity data after 3 attempts
2026-03-24 10:37:49,461 - INFO - Running Donchian AO trading strategy...
2026-03-24 10:37:49,661 - INFO - Using delta limit : 40 for today..
2026-03-24 10:37:50,667 - INFO - 2:2 Ratio detected: Selling CE first then PE
2026-03-24 10:37:50,667 - INFO - Selected CE_FIRST: First Leg : NIFTY2632422850CE (LTP: 47.75, Delta: 32.17998446141102)
2026-03-24 10:37:50,667 - INFO - Selected CE_FIRST: Second leg: NIFTY2632422600PE (LTP: 40.075, Delta: -27.242427672879632)
2026-03-24 10:37:50,667 - INFO - NO TRADE: No suitable option pair found.
2026-03-24 10:37:50,667 - INFO - Running paper trading cycle...
2026-03-24 10:37:50,667 - INFO -  Managing existing positions
2026-03-24 10:37:50,667 - INFO - ----- Position management cycle started at 10:37:50 -----
2026-03-24 10:37:50,845 - INFO - [DEBUG] options_data type: <class 'list'>, length: 25
2026-03-24 10:37:51,149 - INFO - CURRENT NET P&L: 10.850000000000023 points
2026-03-24 10:37:51,149 - WARNING - Skipping position management - stale/no price data
2026-03-24 10:37:51,149 - INFO -  Position Status - P&L: Rs10.85, Adjustments: 0
2026-03-24 10:37:51,149 - INFO - Running SMA paper trading cycle...
2026-03-24 10:37:51,221 - INFO - Running Equity paper trading cycle...
2026-03-24 10:37:51,222 - INFO - Managing existing Equity positions
2026-03-24 10:37:51,222 - INFO - ----- Position management cycle started at 10:37:51 -----
2026-03-24 10:37:51,227 - INFO - [CYCLE SUMMARY] INFY | Price: 1269.00 | Entry: 1263.50 | Stop: 1264.70 | P&L: 0.17 (0.44%) | Status: PROFIT | Risk: HIGH RISK
2026-03-24 10:37:51,231 - INFO - [DETAILED STATUS] Distance to Stop: 4.30 (0.34%) | Distance from Entry: 5.50 (0.44%) | Quantity: 0.03125 | AO Risk Applied: True
2026-03-24 10:37:51,233 - INFO - [PARTIAL EXIT INFO] 50% Exited at: 1265.00 | Partial P&L: 0.05 | Remaining Qty: 0.03125
2026-03-24 10:37:51,240 - WARNING - STOP LOSS PROXIMITY: Price 1269.00 is 0.34% above stop 1264.70
2026-03-24 10:37:51,266 - DEBUG - Stop loss unchanged: 1264.70 (new: 1264.50)
2026-03-24 10:37:51,274 - INFO - Equity Position Status - P&L: Rs0.17
2026-03-24 10:37:51,275 - INFO - Running Nifty Options paper trading cycle...
2026-03-24 10:37:51,290 - INFO - Nifty Position Status - Lot1: CLOSED, Lot2: OPEN
2026-03-24 10:37:51,291 - INFO - Starting high-accuracy delta calculation...
2026-03-24 10:37:51,712 - WARNING - High-accuracy delta calculation failed
2026-03-24 10:37:51,832 - WARNING - Failed to fetch 1m data - empty result
2026-03-24 10:37:51,932 - WARNING - Failed to fetch 1m data - empty result
2026-03-24 10:37:52,029 - WARNING - Failed to fetch 1m data - empty result
2026-03-24 10:37:52,029 - ERROR - Failed to fetch 1m data after 3 attempts
2026-03-24 10:38:48,716 - INFO - Fetching 1m equity data (attempt 1/3)...
2026-03-24 10:38:48,867 - ERROR - Error fetching 1m equity data (attempt 1): 'NoneType' object has no attribute 'dropna'
2026-03-24 10:38:53,883 - INFO - Fetching 1m equity data (attempt 2/3)...
2026-03-24 10:38:54,034 - ERROR - Error fetching 1m equity data (attempt 2): 'NoneType' object has no attribute 'dropna'
2026-03-24 10:39:04,049 - INFO - Fetching 1m equity data (attempt 3/3)...
2026-03-24 10:39:04,190 - ERROR - Error fetching 1m equity data (attempt 3): 'NoneType' object has no attribute 'dropna'
2026-03-24 10:39:04,190 - ERROR - Failed to fetch 1m equity data after 3 attempts
2026-03-24 10:39:05,198 - INFO - Running Donchian AO trading strategy...
2026-03-24 10:39:05,351 - INFO - Using delta limit : 40 for today..
2026-03-24 10:39:06,798 - INFO - 2:2 Ratio detected: Selling CE first then PE
2026-03-24 10:39:06,798 - INFO - Selected CE_FIRST: First Leg : NIFTY2632422850CE (LTP: 47.75, Delta: 32.17998446141102)
2026-03-24 10:39:06,798 - INFO - Selected CE_FIRST: Second leg: NIFTY2632422600PE (LTP: 40.075, Delta: -27.242427672879632)
2026-03-24 10:39:06,805 - INFO - NO TRADE: No suitable option pair found.
2026-03-24 10:39:06,805 - INFO - Running paper trading cycle...
2026-03-24 10:39:06,817 - INFO -  Managing existing positions
2026-03-24 10:39:06,817 - INFO - ----- Position management cycle started at 10:39:06 -----
2026-03-24 10:39:07,023 - INFO - [DEBUG] options_data type: <class 'list'>, length: 25
2026-03-24 10:39:07,411 - INFO - CURRENT NET P&L: 10.850000000000023 points
2026-03-24 10:39:07,416 - WARNING - Skipping position management - stale/no price data
2026-03-24 10:39:07,419 - INFO -  Position Status - P&L: Rs10.85, Adjustments: 0
2026-03-24 10:39:07,419 - INFO - Running SMA paper trading cycle...
2026-03-24 10:39:07,478 - INFO - Running Equity paper trading cycle...
2026-03-24 10:39:07,478 - INFO - Managing existing Equity positions
2026-03-24 10:39:07,482 - INFO - ----- Position management cycle started at 10:39:07 -----
2026-03-24 10:39:07,490 - INFO - [CYCLE SUMMARY] INFY | Price: 1269.00 | Entry: 1263.50 | Stop: 1264.70 | P&L: 0.17 (0.44%) | Status: PROFIT | Risk: HIGH RISK
2026-03-24 10:39:07,492 - INFO - [DETAILED STATUS] Distance to Stop: 4.30 (0.34%) | Distance from Entry: 5.50 (0.44%) | Quantity: 0.03125 | AO Risk Applied: True
2026-03-24 10:39:07,493 - INFO - [PARTIAL EXIT INFO] 50% Exited at: 1265.00 | Partial P&L: 0.05 | Remaining Qty: 0.03125
2026-03-24 10:39:07,503 - WARNING - STOP LOSS PROXIMITY: Price 1269.00 is 0.34% above stop 1264.70
2026-03-24 10:39:07,518 - DEBUG - Stop loss unchanged: 1264.70 (new: 1264.50)
2026-03-24 10:39:07,538 - INFO - Equity Position Status - P&L: Rs0.17
2026-03-24 10:39:07,538 - INFO - Running Nifty Options paper trading cycle...
2026-03-24 10:39:07,555 - INFO - Nifty Position Status - Lot1: CLOSED, Lot2: OPEN
2026-03-24 10:39:07,555 - INFO - Starting high-accuracy delta calculation...
2026-03-24 10:39:08,042 - WARNING - High-accuracy delta calculation failed
2026-03-24 10:39:08,150 - WARNING - Failed to fetch 1m data - empty result
2026-03-24 10:39:08,282 - WARNING - Failed to fetch 1m data - empty result
2026-03-24 10:39:08,388 - WARNING - Failed to fetch 1m data - empty result
2026-03-24 10:39:08,390 - ERROR - Failed to fetch 1m data after 3 attempts
2026-03-24 10:40:04,917 - INFO - Fetching 1m equity data (attempt 1/3)...
2026-03-24 10:40:05,079 - ERROR - Error fetching 1m equity data (attempt 1): 'NoneType' object has no attribute 'dropna'
2026-03-24 10:40:10,082 - INFO - Fetching 1m equity data (attempt 2/3)...
2026-03-24 10:40:10,199 - ERROR - Error fetching 1m equity data (attempt 2): 'NoneType' object has no attribute 'dropna'
2026-03-24 10:40:20,217 - INFO - Fetching 1m equity data (attempt 3/3)...
2026-03-24 10:40:20,352 - ERROR - Error fetching 1m equity data (attempt 3): 'NoneType' object has no attribute 'dropna'
2026-03-24 10:40:20,366 - ERROR - Failed to fetch 1m equity data after 3 attempts
2026-03-24 10:40:21,380 - INFO - Running Donchian AO trading strategy...
2026-03-24 10:40:21,543 - INFO - Using delta limit : 40 for today..
2026-03-24 10:40:23,013 - INFO - 2:2 Ratio detected: Selling CE first then PE
2026-03-24 10:40:23,018 - INFO - Selected CE_FIRST: First Leg : NIFTY2632422850CE (LTP: 47.75, Delta: 32.17998446141102)
2026-03-24 10:40:23,019 - INFO - Selected CE_FIRST: Second leg: NIFTY2632422600PE (LTP: 40.075, Delta: -27.242427672879632)
2026-03-24 10:40:23,021 - INFO - NO TRADE: No suitable option pair found.
2026-03-24 10:40:23,021 - INFO - Running paper trading cycle...
2026-03-24 10:40:23,022 - INFO -  Managing existing positions
2026-03-24 10:40:23,022 - INFO - ----- Position management cycle started at 10:40:23 -----
2026-03-24 10:40:23,308 - INFO - [DEBUG] options_data type: <class 'list'>, length: 25
2026-03-24 10:40:23,538 - INFO - CURRENT NET P&L: 10.850000000000023 points
2026-03-24 10:40:23,540 - WARNING - Skipping position management - stale/no price data
2026-03-24 10:40:23,541 - INFO -  Position Status - P&L: Rs10.85, Adjustments: 0
2026-03-24 10:40:23,541 - INFO - Running SMA paper trading cycle...
2026-03-24 10:40:23,611 - INFO - Running Equity paper trading cycle...
2026-03-24 10:40:23,611 - INFO - Managing existing Equity positions
2026-03-24 10:40:23,618 - INFO - ----- Position management cycle started at 10:40:23 -----
2026-03-24 10:40:23,622 - INFO - [CYCLE SUMMARY] INFY | Price: 1269.00 | Entry: 1263.50 | Stop: 1264.70 | P&L: 0.17 (0.44%) | Status: PROFIT | Risk: HIGH RISK
2026-03-24 10:40:23,624 - INFO - [DETAILED STATUS] Distance to Stop: 4.30 (0.34%) | Distance from Entry: 5.50 (0.44%) | Quantity: 0.03125 | AO Risk Applied: True
2026-03-24 10:40:23,626 - INFO - [PARTIAL EXIT INFO] 50% Exited at: 1265.00 | Partial P&L: 0.05 | Remaining Qty: 0.03125
2026-03-24 10:40:23,635 - WARNING - STOP LOSS PROXIMITY: Price 1269.00 is 0.34% above stop 1264.70
2026-03-24 10:40:23,652 - DEBUG - Stop loss unchanged: 1264.70 (new: 1264.50)
2026-03-24 10:40:23,655 - INFO - Equity Position Status - P&L: Rs0.17
2026-03-24 10:40:23,657 - INFO - Running Nifty Options paper trading cycle...
2026-03-24 10:40:23,682 - INFO - Nifty Position Status - Lot1: CLOSED, Lot2: OPEN
2026-03-24 10:40:23,682 - INFO - Starting high-accuracy delta calculation...
2026-03-24 10:40:24,209 - WARNING - High-accuracy delta calculation failed
2026-03-24 10:40:24,319 - WARNING - Failed to fetch 1m data - empty result
2026-03-24 10:40:24,432 - WARNING - Failed to fetch 1m data - empty result
2026-03-24 10:40:24,545 - WARNING - Failed to fetch 1m data - empty result
2026-03-24 10:40:24,546 - ERROR - Failed to fetch 1m data after 3 attempts
2026-03-24 10:40:25,566 - INFO - Starting separate VIX calculation...
2026-03-24 10:40:26,056 - WARNING - Separate VIX calculation failed
2026-03-24 10:40:29,219 - WARNING - Failed to fetch 5m data - empty result
2026-03-24 10:40:29,338 - WARNING - Failed to fetch 5m data - empty result
2026-03-24 10:40:29,448 - WARNING - Failed to fetch 5m data - empty result
2026-03-24 10:40:29,448 - ERROR - Failed to fetch 5m data after 3 attempts
2026-03-24 10:41:16,064 - INFO - Fetching 5m equity data (attempt 1/3)...
2026-03-24 10:41:16,203 - ERROR - Error fetching 5m equity data (attempt 1): 'NoneType' object has no attribute 'dropna'
2026-03-24 10:41:21,216 - INFO - Fetching 5m equity data (attempt 2/3)...
2026-03-24 10:41:21,344 - ERROR - Error fetching 5m equity data (attempt 2): 'NoneType' object has no attribute 'dropna'
2026-03-24 10:41:31,360 - INFO - Fetching 5m equity data (attempt 3/3)...
2026-03-24 10:41:31,513 - ERROR - Error fetching 5m equity data (attempt 3): 'NoneType' object has no attribute 'dropna'
2026-03-24 10:41:31,520 - ERROR - Failed to fetch 5m equity data after 3 attempts
2026-03-24 10:41:32,525 - INFO - Fetching 1m equity data (attempt 1/3)...
2026-03-24 10:41:32,676 - ERROR - Error fetching 1m equity data (attempt 1): 'NoneType' object has no attribute 'dropna'
2026-03-24 10:41:37,685 - INFO - Fetching 1m equity data (attempt 2/3)...
2026-03-24 10:41:37,805 - ERROR - Error fetching 1m equity data (attempt 2): 'NoneType' object has no attribute 'dropna'
2026-03-24 10:41:47,819 - INFO - Fetching 1m equity data (attempt 3/3)...
2026-03-24 10:41:47,950 - ERROR - Error fetching 1m equity data (attempt 3): 'NoneType' object has no attribute 'dropna'
2026-03-24 10:41:47,950 - ERROR - Failed to fetch 1m equity data after 3 attempts
2026-03-24 10:41:47,950 - INFO - Running Donchian AO trading strategy...
2026-03-24 10:41:48,117 - INFO - Using delta limit : 40 for today..
2026-03-24 10:41:48,722 - INFO - 2:2 Ratio detected: Selling CE first then PE
2026-03-24 10:41:48,729 - INFO - Selected CE_FIRST: First Leg : NIFTY2632422850CE (LTP: 47.75, Delta: 32.17998446141102)
2026-03-24 10:41:48,729 - INFO - Selected CE_FIRST: Second leg: NIFTY2632422600PE (LTP: 40.075, Delta: -27.242427672879632)
2026-03-24 10:41:48,736 - INFO - NO TRADE: No suitable option pair found.
2026-03-24 10:41:48,736 - INFO - Running paper trading cycle...
2026-03-24 10:41:48,736 - INFO -  Managing existing positions
2026-03-24 10:41:48,736 - INFO - ----- Position management cycle started at 10:41:48 -----
2026-03-24 10:41:48,955 - INFO - [DEBUG] options_data type: <class 'list'>, length: 25
2026-03-24 10:41:49,218 - INFO - CURRENT NET P&L: 10.850000000000023 points
2026-03-24 10:41:49,218 - WARNING - Skipping position management - stale/no price data
2026-03-24 10:41:49,218 - INFO -  Position Status - P&L: Rs10.85, Adjustments: 0
2026-03-24 10:41:49,234 - INFO - Running SMA paper trading cycle...
2026-03-24 10:41:49,288 - INFO - Running Equity paper trading cycle...
2026-03-24 10:41:49,288 - INFO - Managing existing Equity positions
2026-03-24 10:41:49,288 - INFO - ----- Position management cycle started at 10:41:49 -----
2026-03-24 10:41:49,295 - INFO - [CYCLE SUMMARY] INFY | Price: 1269.00 | Entry: 1263.50 | Stop: 1264.70 | P&L: 0.17 (0.44%) | Status: PROFIT | Risk: HIGH RISK
2026-03-24 10:41:49,296 - INFO - [DETAILED STATUS] Distance to Stop: 4.30 (0.34%) | Distance from Entry: 5.50 (0.44%) | Quantity: 0.03125 | AO Risk Applied: True
2026-03-24 10:41:49,300 - INFO - [PARTIAL EXIT INFO] 50% Exited at: 1265.00 | Partial P&L: 0.05 | Remaining Qty: 0.03125
2026-03-24 10:41:49,308 - WARNING - STOP LOSS PROXIMITY: Price 1269.00 is 0.34% above stop 1264.70
2026-03-24 10:41:49,324 - DEBUG - Stop loss unchanged: 1264.70 (new: 1264.50)
2026-03-24 10:41:49,330 - INFO - Equity Position Status - P&L: Rs0.17
2026-03-24 10:41:49,330 - INFO - Running Nifty Options paper trading cycle...
2026-03-24 10:41:49,354 - INFO - Nifty Position Status - Lot1: CLOSED, Lot2: OPEN
2026-03-24 10:41:49,355 - INFO - Starting high-accuracy delta calculation...
2026-03-24 10:41:49,852 - WARNING - High-accuracy delta calculation failed
2026-03-24 10:41:50,018 - WARNING - Failed to fetch 1m data - empty result
2026-03-24 10:41:50,150 - WARNING - Failed to fetch 1m data - empty result
2026-03-24 10:41:50,269 - WARNING - Failed to fetch 1m data - empty result
2026-03-24 10:41:50,269 - ERROR - Failed to fetch 1m data after 3 attempts
2026-03-24 10:42:48,924 - INFO - Fetching 1m equity data (attempt 1/3)...
2026-03-24 10:42:49,068 - ERROR - Error fetching 1m equity data (attempt 1): 'NoneType' object has no attribute 'dropna'
2026-03-24 10:42:54,085 - INFO - Fetching 1m equity data (attempt 2/3)...
2026-03-24 10:42:54,185 - ERROR - Error fetching 1m equity data (attempt 2): 'NoneType' object has no attribute 'dropna'
2026-03-24 10:43:04,206 - INFO - Fetching 1m equity data (attempt 3/3)...
2026-03-24 10:43:04,334 - ERROR - Error fetching 1m equity data (attempt 3): 'NoneType' object has no attribute 'dropna'
2026-03-24 10:43:04,336 - ERROR - Failed to fetch 1m equity data after 3 attempts
2026-03-24 10:43:04,336 - INFO - Running Donchian AO trading strategy...
2026-03-24 10:43:04,472 - INFO - Using delta limit : 40 for today..
2026-03-24 10:43:05,152 - INFO - 2:2 Ratio detected: Selling CE first then PE
2026-03-24 10:43:05,152 - INFO - Selected CE_FIRST: First Leg : NIFTY2632422850CE (LTP: 47.75, Delta: 32.17998446141102)
2026-03-24 10:43:05,152 - INFO - Selected CE_FIRST: Second leg: NIFTY2632422600PE (LTP: 40.075, Delta: -27.242427672879632)
2026-03-24 10:43:05,152 - INFO - NO TRADE: No suitable option pair found.
2026-03-24 10:43:06,240 - INFO - Running paper trading cycle...
2026-03-24 10:43:06,241 - INFO -  Managing existing positions
2026-03-24 10:43:06,242 - INFO - ----- Position management cycle started at 10:43:06 -----
2026-03-24 10:43:06,492 - INFO - [DEBUG] options_data type: <class 'list'>, length: 25
2026-03-24 10:43:06,742 - INFO - CURRENT NET P&L: 10.850000000000023 points
2026-03-24 10:43:06,742 - WARNING - Skipping position management - stale/no price data
2026-03-24 10:43:06,742 - INFO -  Position Status - P&L: Rs10.85, Adjustments: 0
2026-03-24 10:43:06,742 - INFO - Running SMA paper trading cycle...
2026-03-24 10:43:06,808 - INFO - Running Equity paper trading cycle...
2026-03-24 10:43:06,808 - INFO - Managing existing Equity positions
2026-03-24 10:43:06,808 - INFO - ----- Position management cycle started at 10:43:06 -----
2026-03-24 10:43:06,813 - INFO - [CYCLE SUMMARY] INFY | Price: 1269.00 | Entry: 1263.50 | Stop: 1264.70 | P&L: 0.17 (0.44%) | Status: PROFIT | Risk: HIGH RISK
2026-03-24 10:43:06,819 - INFO - [DETAILED STATUS] Distance to Stop: 4.30 (0.34%) | Distance from Entry: 5.50 (0.44%) | Quantity: 0.03125 | AO Risk Applied: True
2026-03-24 10:43:06,821 - INFO - [PARTIAL EXIT INFO] 50% Exited at: 1265.00 | Partial P&L: 0.05 | Remaining Qty: 0.03125
2026-03-24 10:43:06,826 - WARNING - STOP LOSS PROXIMITY: Price 1269.00 is 0.34% above stop 1264.70
2026-03-24 10:43:06,840 - DEBUG - Stop loss unchanged: 1264.70 (new: 1264.50)
2026-03-24 10:43:06,856 - INFO - Equity Position Status - P&L: Rs0.17
2026-03-24 10:43:06,858 - INFO - Running Nifty Options paper trading cycle...
2026-03-24 10:43:06,871 - INFO - Nifty Position Status - Lot1: CLOSED, Lot2: OPEN
2026-03-24 10:43:06,871 - INFO - Starting high-accuracy delta calculation...
2026-03-24 10:43:07,353 - WARNING - High-accuracy delta calculation failed
2026-03-24 10:43:07,543 - WARNING - Failed to fetch 1m data - empty result
2026-03-24 10:43:07,653 - WARNING - Failed to fetch 1m data - empty result
2026-03-24 10:43:07,773 - WARNING - Failed to fetch 1m data - empty result
2026-03-24 10:43:07,774 - ERROR - Failed to fetch 1m data after 3 attempts
2026-03-24 10:43:57,493 - WARNING - Failed to fetch 15m data - empty result
2026-03-24 10:43:57,606 - WARNING - Failed to fetch 15m data - empty result
2026-03-24 10:43:57,733 - WARNING - Failed to fetch 15m data - empty result
2026-03-24 10:43:57,736 - ERROR - Failed to fetch 15m data after 3 attempts
2026-03-24 10:44:04,905 - INFO - Fetching 1m equity data (attempt 1/3)...
2026-03-24 10:44:05,038 - ERROR - Error fetching 1m equity data (attempt 1): 'NoneType' object has no attribute 'dropna'
2026-03-24 10:44:10,052 - INFO - Fetching 1m equity data (attempt 2/3)...
2026-03-24 10:44:10,243 - ERROR - Error fetching 1m equity data (attempt 2): 'NoneType' object has no attribute 'dropna'
2026-03-24 10:44:20,253 - INFO - Fetching 1m equity data (attempt 3/3)...
2026-03-24 10:44:20,372 - ERROR - Error fetching 1m equity data (attempt 3): 'NoneType' object has no attribute 'dropna'
2026-03-24 10:44:20,374 - ERROR - Failed to fetch 1m equity data after 3 attempts
2026-03-24 10:44:21,386 - INFO - Running Donchian AO trading strategy...
2026-03-24 10:44:21,555 - INFO - Using delta limit : 40 for today..
2026-03-24 10:44:23,069 - INFO - 2:2 Ratio detected: Selling CE first then PE
2026-03-24 10:44:23,072 - INFO - Selected CE_FIRST: First Leg : NIFTY2632422850CE (LTP: 47.75, Delta: 32.17998446141102)
2026-03-24 10:44:23,072 - INFO - Selected CE_FIRST: Second leg: NIFTY2632422600PE (LTP: 40.075, Delta: -27.242427672879632)
2026-03-24 10:44:23,074 - INFO - NO TRADE: No suitable option pair found.
2026-03-24 10:44:23,074 - INFO - Running paper trading cycle...
2026-03-24 10:44:23,076 - INFO -  Managing existing positions
2026-03-24 10:44:23,076 - INFO - ----- Position management cycle started at 10:44:23 -----
2026-03-24 10:44:23,319 - INFO - [DEBUG] options_data type: <class 'list'>, length: 25
2026-03-24 10:44:23,533 - INFO - CURRENT NET P&L: 10.850000000000023 points
2026-03-24 10:44:23,536 - WARNING - Skipping position management - stale/no price data
2026-03-24 10:44:23,536 - INFO -  Position Status - P&L: Rs10.85, Adjustments: 0
2026-03-24 10:44:23,536 - INFO - Running SMA paper trading cycle...
2026-03-24 10:44:23,621 - INFO - Running Equity paper trading cycle...
2026-03-24 10:44:23,621 - INFO - Managing existing Equity positions
2026-03-24 10:44:23,621 - INFO - ----- Position management cycle started at 10:44:23 -----
2026-03-24 10:44:23,629 - INFO - [CYCLE SUMMARY] INFY | Price: 1269.00 | Entry: 1263.50 | Stop: 1264.70 | P&L: 0.17 (0.44%) | Status: PROFIT | Risk: HIGH RISK
2026-03-24 10:44:23,629 - INFO - [DETAILED STATUS] Distance to Stop: 4.30 (0.34%) | Distance from Entry: 5.50 (0.44%) | Quantity: 0.03125 | AO Risk Applied: True
2026-03-24 10:44:23,632 - INFO - [PARTIAL EXIT INFO] 50% Exited at: 1265.00 | Partial P&L: 0.05 | Remaining Qty: 0.03125
2026-03-24 10:44:23,644 - WARNING - STOP LOSS PROXIMITY: Price 1269.00 is 0.34% above stop 1264.70
2026-03-24 10:44:23,671 - DEBUG - Stop loss unchanged: 1264.70 (new: 1264.50)
2026-03-24 10:44:23,674 - INFO - Equity Position Status - P&L: Rs0.17
2026-03-24 10:44:23,674 - INFO - Running Nifty Options paper trading cycle...
2026-03-24 10:44:23,703 - INFO - Nifty Position Status - Lot1: CLOSED, Lot2: OPEN
2026-03-24 10:44:23,703 - INFO - Starting high-accuracy delta calculation...
2026-03-24 10:44:24,153 - WARNING - High-accuracy delta calculation failed
2026-03-24 10:44:24,279 - WARNING - Failed to fetch 1m data - empty result
2026-03-24 10:44:24,386 - WARNING - Failed to fetch 1m data - empty result
2026-03-24 10:44:24,486 - WARNING - Failed to fetch 1m data - empty result
2026-03-24 10:44:24,486 - ERROR - Failed to fetch 1m data after 3 attempts
2026-03-24 10:45:09,039 - INFO - Fetching 15m equity data (attempt 1/3)...
2026-03-24 10:45:09,179 - ERROR - Error fetching 15m equity data (attempt 1): 'NoneType' object has no attribute 'dropna'
2026-03-24 10:45:14,195 - INFO - Fetching 15m equity data (attempt 2/3)...
2026-03-24 10:45:14,329 - ERROR - Error fetching 15m equity data (attempt 2): 'NoneType' object has no attribute 'dropna'
2026-03-24 10:45:24,332 - INFO - Fetching 15m equity data (attempt 3/3)...
2026-03-24 10:45:24,477 - ERROR - Error fetching 15m equity data (attempt 3): 'NoneType' object has no attribute 'dropna'
2026-03-24 10:45:24,480 - ERROR - Failed to fetch 15m equity data after 3 attempts
2026-03-24 10:45:25,490 - INFO - Fetching 1m equity data (attempt 1/3)...
2026-03-24 10:45:25,640 - ERROR - Error fetching 1m equity data (attempt 1): 'NoneType' object has no attribute 'dropna'
2026-03-24 10:45:30,653 - INFO - Fetching 1m equity data (attempt 2/3)...
2026-03-24 10:45:30,760 - ERROR - Error fetching 1m equity data (attempt 2): 'NoneType' object has no attribute 'dropna'
2026-03-24 10:45:40,772 - INFO - Fetching 1m equity data (attempt 3/3)...
2026-03-24 10:45:40,872 - ERROR - Error fetching 1m equity data (attempt 3): 'NoneType' object has no attribute 'dropna'
2026-03-24 10:45:40,872 - ERROR - Failed to fetch 1m equity data after 3 attempts
2026-03-24 10:45:40,872 - INFO - Running Donchian AO trading strategy...
2026-03-24 10:45:41,089 - INFO - Using delta limit : 40 for today..
2026-03-24 10:45:42,710 - INFO - 2:2 Ratio detected: Selling CE first then PE
2026-03-24 10:45:42,711 - INFO - Selected CE_FIRST: First Leg : NIFTY2632422850CE (LTP: 47.75, Delta: 32.17998446141102)
2026-03-24 10:45:42,712 - INFO - Selected CE_FIRST: Second leg: NIFTY2632422600PE (LTP: 40.075, Delta: -27.242427672879632)
2026-03-24 10:45:42,712 - INFO - NO TRADE: No suitable option pair found.
2026-03-24 10:45:42,713 - INFO - Running paper trading cycle...
2026-03-24 10:45:42,713 - INFO -  Managing existing positions
2026-03-24 10:45:42,713 - INFO - ----- Position management cycle started at 10:45:42 -----
2026-03-24 10:45:42,888 - INFO - [DEBUG] options_data type: <class 'list'>, length: 25
2026-03-24 10:45:43,072 - INFO - CURRENT NET P&L: 10.850000000000023 points
2026-03-24 10:45:43,072 - WARNING - Skipping position management - stale/no price data
2026-03-24 10:45:43,072 - INFO -  Position Status - P&L: Rs10.85, Adjustments: 0
2026-03-24 10:45:43,072 - INFO - Running SMA paper trading cycle...
2026-03-24 10:45:43,140 - INFO - Running Equity paper trading cycle...
2026-03-24 10:45:43,140 - INFO - Managing existing Equity positions
2026-03-24 10:45:43,140 - INFO - ----- Position management cycle started at 10:45:43 -----
2026-03-24 10:45:43,140 - INFO - [CYCLE SUMMARY] INFY | Price: 1269.00 | Entry: 1263.50 | Stop: 1264.70 | P&L: 0.17 (0.44%) | Status: PROFIT | Risk: HIGH RISK
2026-03-24 10:45:43,150 - INFO - [DETAILED STATUS] Distance to Stop: 4.30 (0.34%) | Distance from Entry: 5.50 (0.44%) | Quantity: 0.03125 | AO Risk Applied: True
2026-03-24 10:45:43,156 - INFO - [PARTIAL EXIT INFO] 50% Exited at: 1265.00 | Partial P&L: 0.05 | Remaining Qty: 0.03125
2026-03-24 10:45:43,162 - WARNING - STOP LOSS PROXIMITY: Price 1269.00 is 0.34% above stop 1264.70
2026-03-24 10:45:43,178 - DEBUG - Stop loss unchanged: 1264.70 (new: 1264.50)
2026-03-24 10:45:43,180 - INFO - Equity Position Status - P&L: Rs0.17
2026-03-24 10:45:43,180 - INFO - Running Nifty Options paper trading cycle...
2026-03-24 10:45:43,210 - INFO - Nifty Position Status - Lot1: CLOSED, Lot2: OPEN
2026-03-24 10:45:43,210 - INFO - Starting high-accuracy delta calculation...
2026-03-24 10:45:43,609 - WARNING - High-accuracy delta calculation failed
2026-03-24 10:45:43,756 - WARNING - Failed to fetch 1m data - empty result
2026-03-24 10:45:43,856 - WARNING - Failed to fetch 1m data - empty result
2026-03-24 10:45:43,955 - WARNING - Failed to fetch 1m data - empty result
2026-03-24 10:45:43,955 - ERROR - Failed to fetch 1m data after 3 attempts
2026-03-24 10:45:44,973 - INFO - Starting separate VIX calculation...
2026-03-24 10:45:45,488 - WARNING - Separate VIX calculation failed
2026-03-24 10:45:45,692 - WARNING - Failed to fetch 5m data - empty result
2026-03-24 10:45:45,843 - WARNING - Failed to fetch 5m data - empty result
2026-03-24 10:45:45,955 - WARNING - Failed to fetch 5m data - empty result
2026-03-24 10:45:45,955 - ERROR - Failed to fetch 5m data after 3 attempts
2026-03-24 10:46:32,458 - INFO - Fetching 5m equity data (attempt 1/3)...
2026-03-24 10:46:32,592 - ERROR - Error fetching 5m equity data (attempt 1): 'NoneType' object has no attribute 'dropna'
2026-03-24 10:46:37,606 - INFO - Fetching 5m equity data (attempt 2/3)...
2026-03-24 10:46:37,753 - ERROR - Error fetching 5m equity data (attempt 2): 'NoneType' object has no attribute 'dropna'
2026-03-24 10:46:47,776 - INFO - Fetching 5m equity data (attempt 3/3)...
2026-03-24 10:46:47,925 - ERROR - Error fetching 5m equity data (attempt 3): 'NoneType' object has no attribute 'dropna'
2026-03-24 10:46:47,927 - ERROR - Failed to fetch 5m equity data after 3 attempts
2026-03-24 10:46:48,943 - INFO - Fetching 1m equity data (attempt 1/3)...
2026-03-24 10:46:49,068 - ERROR - Error fetching 1m equity data (attempt 1): 'NoneType' object has no attribute 'dropna'
2026-03-24 10:46:54,074 - INFO - Fetching 1m equity data (attempt 2/3)...
2026-03-24 10:46:54,177 - ERROR - Error fetching 1m equity data (attempt 2): 'NoneType' object has no attribute 'dropna'
2026-03-24 10:47:04,191 - INFO - Fetching 1m equity data (attempt 3/3)...
2026-03-24 10:47:04,313 - ERROR - Error fetching 1m equity data (attempt 3): 'NoneType' object has no attribute 'dropna'
2026-03-24 10:47:04,314 - ERROR - Failed to fetch 1m equity data after 3 attempts
2026-03-24 10:47:04,316 - INFO - Running Donchian AO trading strategy...
2026-03-24 10:47:04,426 - INFO - Using delta limit : 40 for today..
2026-03-24 10:47:05,080 - INFO - 2:2 Ratio detected: Selling CE first then PE
2026-03-24 10:47:05,080 - INFO - Selected CE_FIRST: First Leg : NIFTY2632422850CE (LTP: 47.75, Delta: 32.17998446141102)
2026-03-24 10:47:05,080 - INFO - Selected CE_FIRST: Second leg: NIFTY2632422600PE (LTP: 40.075, Delta: -27.242427672879632)
2026-03-24 10:47:05,080 - INFO - NO TRADE: No suitable option pair found.
2026-03-24 10:47:05,080 - INFO - Running paper trading cycle...
2026-03-24 10:47:05,080 - INFO -  Managing existing positions
2026-03-24 10:47:05,080 - INFO - ----- Position management cycle started at 10:47:05 -----
2026-03-24 10:47:05,305 - INFO - [DEBUG] options_data type: <class 'list'>, length: 25
2026-03-24 10:47:05,499 - INFO - CURRENT NET P&L: 10.850000000000023 points
2026-03-24 10:47:05,502 - WARNING - Skipping position management - stale/no price data
2026-03-24 10:47:05,502 - INFO -  Position Status - P&L: Rs10.85, Adjustments: 0
2026-03-24 10:47:05,503 - INFO - Running SMA paper trading cycle...
2026-03-24 10:47:05,558 - INFO - Running Equity paper trading cycle...
2026-03-24 10:47:05,559 - INFO - Managing existing Equity positions
2026-03-24 10:47:05,559 - INFO - ----- Position management cycle started at 10:47:05 -----
2026-03-24 10:47:05,564 - INFO - [CYCLE SUMMARY] INFY | Price: 1269.00 | Entry: 1263.50 | Stop: 1264.70 | P&L: 0.17 (0.44%) | Status: PROFIT | Risk: HIGH RISK
2026-03-24 10:47:05,566 - INFO - [DETAILED STATUS] Distance to Stop: 4.30 (0.34%) | Distance from Entry: 5.50 (0.44%) | Quantity: 0.03125 | AO Risk Applied: True
2026-03-24 10:47:05,567 - INFO - [PARTIAL EXIT INFO] 50% Exited at: 1265.00 | Partial P&L: 0.05 | Remaining Qty: 0.03125
2026-03-24 10:47:05,575 - WARNING - STOP LOSS PROXIMITY: Price 1269.00 is 0.34% above stop 1264.70
2026-03-24 10:47:05,591 - DEBUG - Stop loss unchanged: 1264.70 (new: 1264.50)
2026-03-24 10:47:05,596 - INFO - Equity Position Status - P&L: Rs0.17
2026-03-24 10:47:05,597 - INFO - Running Nifty Options paper trading cycle...
2026-03-24 10:47:05,609 - INFO - Nifty Position Status - Lot1: CLOSED, Lot2: OPEN
2026-03-24 10:47:05,609 - INFO - Starting high-accuracy delta calculation...
2026-03-24 10:47:06,074 - WARNING - High-accuracy delta calculation failed
2026-03-24 10:47:06,190 - WARNING - Failed to fetch 1m data - empty result
2026-03-24 10:47:06,302 - WARNING - Failed to fetch 1m data - empty result
2026-03-24 10:47:06,406 - WARNING - Failed to fetch 1m data - empty result
2026-03-24 10:47:06,407 - ERROR - Failed to fetch 1m data after 3 attempts
2026-03-24 10:48:05,060 - INFO - Fetching 1m equity data (attempt 1/3)...
2026-03-24 10:48:05,209 - ERROR - Error fetching 1m equity data (attempt 1): 'NoneType' object has no attribute 'dropna'
2026-03-24 10:48:10,225 - INFO - Fetching 1m equity data (attempt 2/3)...
2026-03-24 10:48:10,343 - ERROR - Error fetching 1m equity data (attempt 2): 'NoneType' object has no attribute 'dropna'
2026-03-24 10:48:20,357 - INFO - Fetching 1m equity data (attempt 3/3)...
2026-03-24 10:48:20,485 - ERROR - Error fetching 1m equity data (attempt 3): 'NoneType' object has no attribute 'dropna'
2026-03-24 10:48:20,485 - ERROR - Failed to fetch 1m equity data after 3 attempts
2026-03-24 10:48:21,492 - INFO - Running Donchian AO trading strategy...
2026-03-24 10:48:21,801 - INFO - Using delta limit : 40 for today..
2026-03-24 10:48:24,296 - INFO - 2:2 Ratio detected: Selling CE first then PE
2026-03-24 10:48:24,297 - INFO - Selected CE_FIRST: First Leg : NIFTY2632422850CE (LTP: 47.75, Delta: 32.17998446141102)
2026-03-24 10:48:24,299 - INFO - Selected CE_FIRST: Second leg: NIFTY2632422600PE (LTP: 40.075, Delta: -27.242427672879632)
2026-03-24 10:48:24,300 - INFO - NO TRADE: No suitable option pair found.
2026-03-24 10:48:24,301 - INFO - Running paper trading cycle...
2026-03-24 10:48:24,303 - INFO -  Managing existing positions
2026-03-24 10:48:24,304 - INFO - ----- Position management cycle started at 10:48:24 -----
2026-03-24 10:48:24,546 - INFO - [DEBUG] options_data type: <class 'list'>, length: 25
2026-03-24 10:48:24,787 - INFO - CURRENT NET P&L: 10.850000000000023 points
2026-03-24 10:48:24,791 - WARNING - Skipping position management - stale/no price data
2026-03-24 10:48:24,792 - INFO -  Position Status - P&L: Rs10.85, Adjustments: 0
2026-03-24 10:48:24,793 - INFO - Running SMA paper trading cycle...
2026-03-24 10:48:24,862 - INFO - Running Equity paper trading cycle...
2026-03-24 10:48:24,862 - INFO - Managing existing Equity positions
2026-03-24 10:48:24,863 - INFO - ----- Position management cycle started at 10:48:24 -----
2026-03-24 10:48:24,870 - INFO - [CYCLE SUMMARY] INFY | Price: 1269.00 | Entry: 1263.50 | Stop: 1264.70 | P&L: 0.17 (0.44%) | Status: PROFIT | Risk: HIGH RISK
2026-03-24 10:48:24,871 - INFO - [DETAILED STATUS] Distance to Stop: 4.30 (0.34%) | Distance from Entry: 5.50 (0.44%) | Quantity: 0.03125 | AO Risk Applied: True
2026-03-24 10:48:24,876 - INFO - [PARTIAL EXIT INFO] 50% Exited at: 1265.00 | Partial P&L: 0.05 | Remaining Qty: 0.03125
2026-03-24 10:48:24,893 - WARNING - STOP LOSS PROXIMITY: Price 1269.00 is 0.34% above stop 1264.70
2026-03-24 10:48:24,913 - DEBUG - Stop loss unchanged: 1264.70 (new: 1264.50)
2026-03-24 10:48:24,919 - INFO - Equity Position Status - P&L: Rs0.17
2026-03-24 10:48:24,919 - INFO - Running Nifty Options paper trading cycle...
2026-03-24 10:48:24,933 - INFO - Nifty Position Status - Lot1: CLOSED, Lot2: OPEN
2026-03-24 10:48:24,935 - INFO - Starting high-accuracy delta calculation...
2026-03-24 10:48:25,360 - WARNING - High-accuracy delta calculation failed
2026-03-24 10:48:25,477 - WARNING - Failed to fetch 1m data - empty result
2026-03-24 10:48:25,600 - WARNING - Failed to fetch 1m data - empty result
2026-03-24 10:48:25,731 - WARNING - Failed to fetch 1m data - empty result
2026-03-24 10:48:25,732 - ERROR - Failed to fetch 1m data after 3 attempts
2026-03-24 10:49:21,318 - INFO - Fetching 1m equity data (attempt 1/3)...
2026-03-24 10:49:21,462 - ERROR - Error fetching 1m equity data (attempt 1): 'NoneType' object has no attribute 'dropna'
2026-03-24 10:49:26,476 - INFO - Fetching 1m equity data (attempt 2/3)...
2026-03-24 10:49:26,622 - ERROR - Error fetching 1m equity data (attempt 2): 'NoneType' object has no attribute 'dropna'
2026-03-24 10:49:36,627 - INFO - Fetching 1m equity data (attempt 3/3)...
2026-03-24 10:49:36,761 - ERROR - Error fetching 1m equity data (attempt 3): 'NoneType' object has no attribute 'dropna'
2026-03-24 10:49:36,763 - ERROR - Failed to fetch 1m equity data after 3 attempts
2026-03-24 10:49:37,779 - INFO - Running Donchian AO trading strategy...
2026-03-24 10:49:37,977 - INFO - Using delta limit : 40 for today..
2026-03-24 10:49:40,932 - INFO - 2:2 Ratio detected: Selling CE first then PE
2026-03-24 10:49:40,933 - INFO - Selected CE_FIRST: First Leg : NIFTY2632422850CE (LTP: 47.75, Delta: 32.17998446141102)
2026-03-24 10:49:40,935 - INFO - Selected CE_FIRST: Second leg: NIFTY2632422600PE (LTP: 40.075, Delta: -27.242427672879632)
2026-03-24 10:49:40,936 - INFO - NO TRADE: No suitable option pair found.
2026-03-24 10:49:40,936 - INFO - Running paper trading cycle...
2026-03-24 10:49:40,937 - INFO -  Managing existing positions
2026-03-24 10:49:40,937 - INFO - ----- Position management cycle started at 10:49:40 -----
2026-03-24 10:49:43,140 - INFO - [DEBUG] options_data type: <class 'list'>, length: 25
2026-03-24 10:49:45,119 - INFO - CURRENT NET P&L: 10.850000000000023 points
2026-03-24 10:49:45,121 - WARNING - Skipping position management - stale/no price data
2026-03-24 10:49:45,122 - INFO -  Position Status - P&L: Rs10.85, Adjustments: 0
2026-03-24 10:49:45,122 - INFO - Running SMA paper trading cycle...
2026-03-24 10:49:45,180 - INFO - Running Equity paper trading cycle...
2026-03-24 10:49:45,180 - INFO - Managing existing Equity positions
2026-03-24 10:49:45,180 - INFO - ----- Position management cycle started at 10:49:45 -----
2026-03-24 10:49:45,195 - INFO - [CYCLE SUMMARY] INFY | Price: 1269.00 | Entry: 1263.50 | Stop: 1264.70 | P&L: 0.17 (0.44%) | Status: PROFIT | Risk: HIGH RISK
2026-03-24 10:49:45,196 - INFO - [DETAILED STATUS] Distance to Stop: 4.30 (0.34%) | Distance from Entry: 5.50 (0.44%) | Quantity: 0.03125 | AO Risk Applied: True
2026-03-24 10:49:45,197 - INFO - [PARTIAL EXIT INFO] 50% Exited at: 1265.00 | Partial P&L: 0.05 | Remaining Qty: 0.03125
2026-03-24 10:49:45,203 - WARNING - STOP LOSS PROXIMITY: Price 1269.00 is 0.34% above stop 1264.70
2026-03-24 10:49:45,221 - DEBUG - Stop loss unchanged: 1264.70 (new: 1264.50)
2026-03-24 10:49:45,229 - INFO - Equity Position Status - P&L: Rs0.17
2026-03-24 10:49:45,230 - INFO - Running Nifty Options paper trading cycle...
2026-03-24 10:49:45,246 - INFO - Nifty Position Status - Lot1: CLOSED, Lot2: OPEN
2026-03-24 10:49:45,248 - INFO - Starting high-accuracy delta calculation...
2026-03-24 10:49:45,960 - WARNING - High-accuracy delta calculation failed
2026-03-24 10:49:46,077 - WARNING - Failed to fetch 1m data - empty result
2026-03-24 10:49:46,162 - WARNING - Failed to fetch 1m data - empty result
2026-03-24 10:49:46,272 - WARNING - Failed to fetch 1m data - empty result
2026-03-24 10:49:46,273 - ERROR - Failed to fetch 1m data after 3 attempts
2026-03-24 10:50:36,822 - INFO - Fetching 1m equity data (attempt 1/3)...
2026-03-24 10:50:36,979 - ERROR - Error fetching 1m equity data (attempt 1): 'NoneType' object has no attribute 'dropna'
2026-03-24 10:50:41,995 - INFO - Fetching 1m equity data (attempt 2/3)...
2026-03-24 10:50:42,130 - ERROR - Error fetching 1m equity data (attempt 2): 'NoneType' object has no attribute 'dropna'
2026-03-24 10:50:52,138 - INFO - Fetching 1m equity data (attempt 3/3)...
2026-03-24 10:50:52,251 - ERROR - Error fetching 1m equity data (attempt 3): 'NoneType' object has no attribute 'dropna'
2026-03-24 10:50:52,252 - ERROR - Failed to fetch 1m equity data after 3 attempts
2026-03-24 10:50:53,261 - INFO - Running Donchian AO trading strategy...
2026-03-24 10:50:53,404 - INFO - Using delta limit : 40 for today..
2026-03-24 10:50:55,004 - INFO - 2:2 Ratio detected: Selling CE first then PE
2026-03-24 10:50:55,005 - INFO - Selected CE_FIRST: First Leg : NIFTY2632422850CE (LTP: 47.75, Delta: 32.17998446141102)
2026-03-24 10:50:55,007 - INFO - Selected CE_FIRST: Second leg: NIFTY2632422600PE (LTP: 40.075, Delta: -27.242427672879632)
2026-03-24 10:50:55,011 - INFO - NO TRADE: No suitable option pair found.
2026-03-24 10:50:55,011 - INFO - Running paper trading cycle...
2026-03-24 10:50:55,012 - INFO -  Managing existing positions
2026-03-24 10:50:55,012 - INFO - ----- Position management cycle started at 10:50:55 -----
2026-03-24 10:50:55,286 - INFO - [DEBUG] options_data type: <class 'list'>, length: 25
2026-03-24 10:50:55,696 - INFO - CURRENT NET P&L: 10.850000000000023 points
2026-03-24 10:50:55,698 - WARNING - Skipping position management - stale/no price data
2026-03-24 10:50:55,705 - INFO -  Position Status - P&L: Rs10.85, Adjustments: 0
2026-03-24 10:50:55,707 - INFO - Running SMA paper trading cycle...
2026-03-24 10:50:55,798 - INFO - Running Equity paper trading cycle...
2026-03-24 10:50:55,799 - INFO - Managing existing Equity positions
2026-03-24 10:50:55,799 - INFO - ----- Position management cycle started at 10:50:55 -----
2026-03-24 10:50:55,808 - INFO - [CYCLE SUMMARY] INFY | Price: 1269.00 | Entry: 1263.50 | Stop: 1264.70 | P&L: 0.17 (0.44%) | Status: PROFIT | Risk: HIGH RISK
2026-03-24 10:50:55,812 - INFO - [DETAILED STATUS] Distance to Stop: 4.30 (0.34%) | Distance from Entry: 5.50 (0.44%) | Quantity: 0.03125 | AO Risk Applied: True
2026-03-24 10:50:55,813 - INFO - [PARTIAL EXIT INFO] 50% Exited at: 1265.00 | Partial P&L: 0.05 | Remaining Qty: 0.03125
2026-03-24 10:50:55,820 - WARNING - STOP LOSS PROXIMITY: Price 1269.00 is 0.34% above stop 1264.70
2026-03-24 10:50:55,847 - DEBUG - Stop loss unchanged: 1264.70 (new: 1264.50)
2026-03-24 10:50:55,852 - INFO - Equity Position Status - P&L: Rs0.17
2026-03-24 10:50:55,853 - INFO - Running Nifty Options paper trading cycle...
2026-03-24 10:50:55,886 - INFO - Nifty Position Status - Lot1: CLOSED, Lot2: OPEN
2026-03-24 10:50:55,887 - INFO - Starting separate VIX calculation...
2026-03-24 10:50:56,414 - WARNING - Separate VIX calculation failed
2026-03-24 10:50:56,489 - WARNING - Failed to fetch 5m data - empty result
2026-03-24 10:50:56,596 - WARNING - Failed to fetch 5m data - empty result
2026-03-24 10:50:56,689 - WARNING - Failed to fetch 5m data - empty result
2026-03-24 10:50:56,695 - ERROR - Failed to fetch 5m data after 3 attempts
2026-03-24 10:50:56,695 - INFO - Starting high-accuracy delta calculation...
2026-03-24 10:50:57,182 - WARNING - High-accuracy delta calculation failed
2026-03-24 10:50:57,282 - WARNING - Failed to fetch 1m data - empty result
2026-03-24 10:50:57,387 - WARNING - Failed to fetch 1m data - empty result
2026-03-24 10:50:57,492 - WARNING - Failed to fetch 1m data - empty result
2026-03-24 10:50:57,497 - ERROR - Failed to fetch 1m data after 3 attempts
2026-03-24 10:51:48,573 - INFO - Fetching 5m equity data (attempt 1/3)...
2026-03-24 10:51:48,756 - ERROR - Error fetching 5m equity data (attempt 1): 'NoneType' object has no attribute 'dropna'
2026-03-24 10:51:53,772 - INFO - Fetching 5m equity data (attempt 2/3)...
2026-03-24 10:51:53,880 - ERROR - Error fetching 5m equity data (attempt 2): 'NoneType' object has no attribute 'dropna'
2026-03-24 10:52:03,897 - INFO - Fetching 5m equity data (attempt 3/3)...
2026-03-24 10:52:04,010 - ERROR - Error fetching 5m equity data (attempt 3): 'NoneType' object has no attribute 'dropna'
2026-03-24 10:52:04,011 - ERROR - Failed to fetch 5m equity data after 3 attempts
2026-03-24 10:52:05,013 - INFO - Fetching 1m equity data (attempt 1/3)...
2026-03-24 10:52:05,115 - ERROR - Error fetching 1m equity data (attempt 1): 'NoneType' object has no attribute 'dropna'
2026-03-24 10:52:10,117 - INFO - Fetching 1m equity data (attempt 2/3)...
2026-03-24 10:52:10,229 - ERROR - Error fetching 1m equity data (attempt 2): 'NoneType' object has no attribute 'dropna'
2026-03-24 10:52:20,241 - INFO - Fetching 1m equity data (attempt 3/3)...
2026-03-24 10:52:20,331 - ERROR - Error fetching 1m equity data (attempt 3): 'NoneType' object has no attribute 'dropna'
2026-03-24 10:52:20,334 - ERROR - Failed to fetch 1m equity data after 3 attempts
2026-03-24 10:52:20,335 - INFO - Running Donchian AO trading strategy...
2026-03-24 10:52:20,433 - INFO - Using delta limit : 40 for today..
2026-03-24 10:52:21,083 - INFO - 2:2 Ratio detected: Selling CE first then PE
2026-03-24 10:52:21,085 - INFO - Selected CE_FIRST: First Leg : NIFTY2632422850CE (LTP: 47.75, Delta: 32.17998446141102)
2026-03-24 10:52:21,086 - INFO - Selected CE_FIRST: Second leg: NIFTY2632422600PE (LTP: 40.075, Delta: -27.242427672879632)
2026-03-24 10:52:21,088 - INFO - NO TRADE: No suitable option pair found.
2026-03-24 10:52:21,089 - INFO - Running paper trading cycle...
2026-03-24 10:52:21,089 - INFO -  Managing existing positions
2026-03-24 10:52:21,090 - INFO - ----- Position management cycle started at 10:52:21 -----
2026-03-24 10:52:21,289 - INFO - [DEBUG] options_data type: <class 'list'>, length: 25
2026-03-24 10:52:21,474 - INFO - CURRENT NET P&L: 10.850000000000023 points
2026-03-24 10:52:21,475 - WARNING - Skipping position management - stale/no price data
2026-03-24 10:52:21,476 - INFO -  Position Status - P&L: Rs10.85, Adjustments: 0
2026-03-24 10:52:21,477 - INFO - Running SMA paper trading cycle...
2026-03-24 10:52:21,535 - INFO - Running Equity paper trading cycle...
2026-03-24 10:52:21,535 - INFO - Managing existing Equity positions
2026-03-24 10:52:21,535 - INFO - ----- Position management cycle started at 10:52:21 -----
2026-03-24 10:52:21,543 - INFO - [CYCLE SUMMARY] INFY | Price: 1269.00 | Entry: 1263.50 | Stop: 1264.70 | P&L: 0.17 (0.44%) | Status: PROFIT | Risk: HIGH RISK
2026-03-24 10:52:21,545 - INFO - [DETAILED STATUS] Distance to Stop: 4.30 (0.34%) | Distance from Entry: 5.50 (0.44%) | Quantity: 0.03125 | AO Risk Applied: True
2026-03-24 10:52:21,547 - INFO - [PARTIAL EXIT INFO] 50% Exited at: 1265.00 | Partial P&L: 0.05 | Remaining Qty: 0.03125
2026-03-24 10:52:21,551 - WARNING - STOP LOSS PROXIMITY: Price 1269.00 is 0.34% above stop 1264.70
2026-03-24 10:52:21,564 - DEBUG - Stop loss unchanged: 1264.70 (new: 1264.50)
2026-03-24 10:52:21,569 - INFO - Equity Position Status - P&L: Rs0.17
2026-03-24 10:52:21,570 - INFO - Running Nifty Options paper trading cycle...
2026-03-24 10:52:21,582 - INFO - Nifty Position Status - Lot1: CLOSED, Lot2: OPEN
2026-03-24 10:52:21,583 - INFO - Starting high-accuracy delta calculation...
2026-03-24 10:52:21,966 - WARNING - High-accuracy delta calculation failed
2026-03-24 10:52:22,066 - WARNING - Failed to fetch 1m data - empty result
2026-03-24 10:52:22,186 - WARNING - Failed to fetch 1m data - empty result
2026-03-24 10:52:22,311 - WARNING - Failed to fetch 1m data - empty result
2026-03-24 10:52:22,311 - ERROR - Failed to fetch 1m data after 3 attempts
2026-03-24 10:53:20,933 - INFO - Fetching 1m equity data (attempt 1/3)...
2026-03-24 10:53:21,081 - ERROR - Error fetching 1m equity data (attempt 1): 'NoneType' object has no attribute 'dropna'
2026-03-24 10:53:26,086 - INFO - Fetching 1m equity data (attempt 2/3)...
2026-03-24 10:53:26,245 - ERROR - Error fetching 1m equity data (attempt 2): 'NoneType' object has no attribute 'dropna'
2026-03-24 10:53:36,260 - INFO - Fetching 1m equity data (attempt 3/3)...
2026-03-24 10:53:36,399 - ERROR - Error fetching 1m equity data (attempt 3): 'NoneType' object has no attribute 'dropna'
2026-03-24 10:53:36,411 - ERROR - Failed to fetch 1m equity data after 3 attempts
2026-03-24 10:53:37,421 - INFO - Running Donchian AO trading strategy...
2026-03-24 10:53:37,530 - INFO - Using delta limit : 40 for today..
2026-03-24 10:53:38,154 - INFO - 2:2 Ratio detected: Selling CE first then PE
2026-03-24 10:53:38,155 - INFO - Selected CE_FIRST: First Leg : NIFTY2632422850CE (LTP: 47.75, Delta: 32.17998446141102)
2026-03-24 10:53:38,156 - INFO - Selected CE_FIRST: Second leg: NIFTY2632422600PE (LTP: 40.075, Delta: -27.242427672879632)
2026-03-24 10:53:38,158 - INFO - NO TRADE: No suitable option pair found.
2026-03-24 10:53:38,159 - INFO - Running paper trading cycle...
2026-03-24 10:53:38,159 - INFO -  Managing existing positions
2026-03-24 10:53:38,161 - INFO - ----- Position management cycle started at 10:53:38 -----
2026-03-24 10:53:38,364 - INFO - [DEBUG] options_data type: <class 'list'>, length: 25
2026-03-24 10:53:38,529 - INFO - CURRENT NET P&L: 10.850000000000023 points
2026-03-24 10:53:38,530 - WARNING - Skipping position management - stale/no price data
2026-03-24 10:53:38,530 - INFO -  Position Status - P&L: Rs10.85, Adjustments: 0
2026-03-24 10:53:38,531 - INFO - Running SMA paper trading cycle...
2026-03-24 10:53:38,577 - INFO - Running Equity paper trading cycle...
2026-03-24 10:53:38,578 - INFO - Managing existing Equity positions
2026-03-24 10:53:38,578 - INFO - ----- Position management cycle started at 10:53:38 -----
2026-03-24 10:53:38,584 - INFO - [CYCLE SUMMARY] INFY | Price: 1269.00 | Entry: 1263.50 | Stop: 1264.70 | P&L: 0.17 (0.44%) | Status: PROFIT | Risk: HIGH RISK
2026-03-24 10:53:38,584 - INFO - [DETAILED STATUS] Distance to Stop: 4.30 (0.34%) | Distance from Entry: 5.50 (0.44%) | Quantity: 0.03125 | AO Risk Applied: True
2026-03-24 10:53:38,586 - INFO - [PARTIAL EXIT INFO] 50% Exited at: 1265.00 | Partial P&L: 0.05 | Remaining Qty: 0.03125
2026-03-24 10:53:38,594 - WARNING - STOP LOSS PROXIMITY: Price 1269.00 is 0.34% above stop 1264.70
2026-03-24 10:53:38,609 - DEBUG - Stop loss unchanged: 1264.70 (new: 1264.50)
2026-03-24 10:53:38,614 - INFO - Equity Position Status - P&L: Rs0.17
2026-03-24 10:53:38,614 - INFO - Running Nifty Options paper trading cycle...
2026-03-24 10:53:38,629 - INFO - Nifty Position Status - Lot1: CLOSED, Lot2: OPEN
2026-03-24 10:53:38,629 - INFO - Starting high-accuracy delta calculation...
2026-03-24 10:53:39,101 - WARNING - High-accuracy delta calculation failed
2026-03-24 10:53:39,253 - WARNING - Failed to fetch 1m data - empty result
2026-03-24 10:53:39,361 - WARNING - Failed to fetch 1m data - empty result
2026-03-24 10:53:39,482 - WARNING - Failed to fetch 1m data - empty result
2026-03-24 10:53:39,482 - ERROR - Failed to fetch 1m data after 3 attempts
2026-03-24 10:54:37,040 - INFO - Fetching 1m equity data (attempt 1/3)...
2026-03-24 10:54:37,188 - ERROR - Error fetching 1m equity data (attempt 1): 'NoneType' object has no attribute 'dropna'
2026-03-24 10:54:42,193 - INFO - Fetching 1m equity data (attempt 2/3)...
2026-03-24 10:54:42,346 - ERROR - Error fetching 1m equity data (attempt 2): 'NoneType' object has no attribute 'dropna'
2026-03-24 10:54:52,363 - INFO - Fetching 1m equity data (attempt 3/3)...
2026-03-24 10:54:52,504 - ERROR - Error fetching 1m equity data (attempt 3): 'NoneType' object has no attribute 'dropna'
2026-03-24 10:54:52,505 - ERROR - Failed to fetch 1m equity data after 3 attempts
2026-03-24 10:54:53,514 - INFO - Running Donchian AO trading strategy...
2026-03-24 10:54:53,618 - INFO - Using delta limit : 40 for today..
2026-03-24 10:54:54,300 - INFO - 2:2 Ratio detected: Selling CE first then PE
2026-03-24 10:54:54,301 - INFO - Selected CE_FIRST: First Leg : NIFTY2632422850CE (LTP: 47.75, Delta: 32.17998446141102)
2026-03-24 10:54:54,302 - INFO - Selected CE_FIRST: Second leg: NIFTY2632422600PE (LTP: 40.075, Delta: -27.242427672879632)
2026-03-24 10:54:54,303 - INFO - NO TRADE: No suitable option pair found.
2026-03-24 10:54:54,304 - INFO - Running paper trading cycle...
2026-03-24 10:54:54,304 - INFO -  Managing existing positions
2026-03-24 10:54:54,305 - INFO - ----- Position management cycle started at 10:54:54 -----
2026-03-24 10:54:54,519 - INFO - [DEBUG] options_data type: <class 'list'>, length: 25
2026-03-24 10:54:54,746 - INFO - CURRENT NET P&L: 10.850000000000023 points
2026-03-24 10:54:54,747 - WARNING - Skipping position management - stale/no price data
2026-03-24 10:54:54,748 - INFO -  Position Status - P&L: Rs10.85, Adjustments: 0
2026-03-24 10:54:54,748 - INFO - Running SMA paper trading cycle...
2026-03-24 10:54:54,806 - INFO - Running Equity paper trading cycle...
2026-03-24 10:54:54,806 - INFO - Managing existing Equity positions
2026-03-24 10:54:54,806 - INFO - ----- Position management cycle started at 10:54:54 -----
2026-03-24 10:54:54,813 - INFO - [CYCLE SUMMARY] INFY | Price: 1269.00 | Entry: 1263.50 | Stop: 1264.70 | P&L: 0.17 (0.44%) | Status: PROFIT | Risk: HIGH RISK
2026-03-24 10:54:54,814 - INFO - [DETAILED STATUS] Distance to Stop: 4.30 (0.34%) | Distance from Entry: 5.50 (0.44%) | Quantity: 0.03125 | AO Risk Applied: True
2026-03-24 10:54:54,815 - INFO - [PARTIAL EXIT INFO] 50% Exited at: 1265.00 | Partial P&L: 0.05 | Remaining Qty: 0.03125
2026-03-24 10:54:54,822 - WARNING - STOP LOSS PROXIMITY: Price 1269.00 is 0.34% above stop 1264.70
2026-03-24 10:54:54,834 - DEBUG - Stop loss unchanged: 1264.70 (new: 1264.50)
2026-03-24 10:54:54,839 - INFO - Equity Position Status - P&L: Rs0.17
2026-03-24 10:54:54,840 - INFO - Running Nifty Options paper trading cycle...
2026-03-24 10:54:54,851 - INFO - Nifty Position Status - Lot1: CLOSED, Lot2: OPEN
2026-03-24 10:54:54,853 - INFO - Starting high-accuracy delta calculation...
2026-03-24 10:54:55,325 - WARNING - High-accuracy delta calculation failed
2026-03-24 10:54:55,447 - WARNING - Failed to fetch 1m data - empty result
2026-03-24 10:54:55,550 - WARNING - Failed to fetch 1m data - empty result
2026-03-24 10:54:55,740 - WARNING - Failed to fetch 1m data - empty result
2026-03-24 10:54:55,746 - ERROR - Failed to fetch 1m data after 3 attempts
2026-03-24 10:55:52,702 - INFO - Fetching 1m equity data (attempt 1/3)...
2026-03-24 10:55:52,852 - ERROR - Error fetching 1m equity data (attempt 1): 'NoneType' object has no attribute 'dropna'
2026-03-24 10:55:57,864 - INFO - Fetching 1m equity data (attempt 2/3)...
2026-03-24 10:55:58,004 - ERROR - Error fetching 1m equity data (attempt 2): 'NoneType' object has no attribute 'dropna'
2026-03-24 10:56:08,006 - INFO - Fetching 1m equity data (attempt 3/3)...
2026-03-24 10:56:08,124 - ERROR - Error fetching 1m equity data (attempt 3): 'NoneType' object has no attribute 'dropna'
2026-03-24 10:56:08,125 - ERROR - Failed to fetch 1m equity data after 3 attempts
2026-03-24 10:56:09,130 - INFO - Running Donchian AO trading strategy...
2026-03-24 10:56:09,231 - INFO - Using delta limit : 40 for today..
2026-03-24 10:56:09,963 - INFO - 2:2 Ratio detected: Selling CE first then PE
2026-03-24 10:56:09,965 - INFO - Selected CE_FIRST: First Leg : NIFTY2632422850CE (LTP: 47.75, Delta: 32.17998446141102)
2026-03-24 10:56:09,966 - INFO - Selected CE_FIRST: Second leg: NIFTY2632422600PE (LTP: 40.075, Delta: -27.242427672879632)
2026-03-24 10:56:09,968 - INFO - NO TRADE: No suitable option pair found.
2026-03-24 10:56:09,969 - INFO - Running paper trading cycle...
2026-03-24 10:56:09,969 - INFO -  Managing existing positions
2026-03-24 10:56:09,970 - INFO - ----- Position management cycle started at 10:56:09 -----
2026-03-24 10:56:10,232 - INFO - [DEBUG] options_data type: <class 'list'>, length: 25
2026-03-24 10:56:10,491 - INFO - CURRENT NET P&L: 10.850000000000023 points
2026-03-24 10:56:10,492 - WARNING - Skipping position management - stale/no price data
2026-03-24 10:56:10,493 - INFO -  Position Status - P&L: Rs10.85, Adjustments: 0
2026-03-24 10:56:10,494 - INFO - Running SMA paper trading cycle...
2026-03-24 10:56:10,577 - INFO - Running Equity paper trading cycle...
2026-03-24 10:56:10,578 - INFO - Managing existing Equity positions
2026-03-24 10:56:10,580 - INFO - ----- Position management cycle started at 10:56:10 -----
2026-03-24 10:56:10,605 - INFO - [CYCLE SUMMARY] INFY | Price: 1269.00 | Entry: 1263.50 | Stop: 1264.70 | P&L: 0.17 (0.44%) | Status: PROFIT | Risk: HIGH RISK
2026-03-24 10:56:10,606 - INFO - [DETAILED STATUS] Distance to Stop: 4.30 (0.34%) | Distance from Entry: 5.50 (0.44%) | Quantity: 0.03125 | AO Risk Applied: True
2026-03-24 10:56:10,609 - INFO - [PARTIAL EXIT INFO] 50% Exited at: 1265.00 | Partial P&L: 0.05 | Remaining Qty: 0.03125
2026-03-24 10:56:10,621 - WARNING - STOP LOSS PROXIMITY: Price 1269.00 is 0.34% above stop 1264.70
2026-03-24 10:56:10,654 - DEBUG - Stop loss unchanged: 1264.70 (new: 1264.50)
2026-03-24 10:56:10,666 - INFO - Equity Position Status - P&L: Rs0.17
2026-03-24 10:56:10,667 - INFO - Running Nifty Options paper trading cycle...
2026-03-24 10:56:10,693 - INFO - Nifty Position Status - Lot1: CLOSED, Lot2: OPEN
2026-03-24 10:56:10,694 - INFO - Starting high-accuracy delta calculation...
2026-03-24 10:56:11,416 - WARNING - High-accuracy delta calculation failed
2026-03-24 10:56:11,518 - WARNING - Failed to fetch 1m data - empty result
2026-03-24 10:56:11,622 - WARNING - Failed to fetch 1m data - empty result
2026-03-24 10:56:11,740 - WARNING - Failed to fetch 1m data - empty result
2026-03-24 10:56:11,745 - ERROR - Failed to fetch 1m data after 3 attempts
2026-03-24 10:56:11,747 - INFO - Starting separate VIX calculation...
2026-03-24 10:56:12,211 - WARNING - Separate VIX calculation failed
2026-03-24 10:56:12,320 - WARNING - Failed to fetch 5m data - empty result
2026-03-24 10:56:12,456 - WARNING - Failed to fetch 5m data - empty result
2026-03-24 10:56:12,586 - WARNING - Failed to fetch 5m data - empty result
2026-03-24 10:56:12,587 - ERROR - Failed to fetch 5m data after 3 attempts
2026-03-24 10:57:04,140 - INFO - Fetching 5m equity data (attempt 1/3)...
2026-03-24 10:57:04,272 - ERROR - Error fetching 5m equity data (attempt 1): 'NoneType' object has no attribute 'dropna'
2026-03-24 10:57:09,274 - INFO - Fetching 5m equity data (attempt 2/3)...
2026-03-24 10:57:09,424 - ERROR - Error fetching 5m equity data (attempt 2): 'NoneType' object has no attribute 'dropna'
2026-03-24 10:57:19,441 - INFO - Fetching 5m equity data (attempt 3/3)...
2026-03-24 10:57:19,561 - ERROR - Error fetching 5m equity data (attempt 3): 'NoneType' object has no attribute 'dropna'
2026-03-24 10:57:19,563 - ERROR - Failed to fetch 5m equity data after 3 attempts
2026-03-24 10:57:20,578 - INFO - Fetching 1m equity data (attempt 1/3)...
2026-03-24 10:57:20,691 - ERROR - Error fetching 1m equity data (attempt 1): 'NoneType' object has no attribute 'dropna'
2026-03-24 10:57:25,701 - INFO - Fetching 1m equity data (attempt 2/3)...
2026-03-24 10:57:25,812 - ERROR - Error fetching 1m equity data (attempt 2): 'NoneType' object has no attribute 'dropna'
2026-03-24 10:57:35,827 - INFO - Fetching 1m equity data (attempt 3/3)...
2026-03-24 10:57:35,927 - ERROR - Error fetching 1m equity data (attempt 3): 'NoneType' object has no attribute 'dropna'
2026-03-24 10:57:35,927 - ERROR - Failed to fetch 1m equity data after 3 attempts
2026-03-24 10:57:35,927 - INFO - Running Donchian AO trading strategy...
2026-03-24 10:57:36,026 - INFO - Using delta limit : 40 for today..
2026-03-24 10:57:36,648 - INFO - 2:2 Ratio detected: Selling CE first then PE
2026-03-24 10:57:36,649 - INFO - Selected CE_FIRST: First Leg : NIFTY2632422850CE (LTP: 47.75, Delta: 32.17998446141102)
2026-03-24 10:57:36,650 - INFO - Selected CE_FIRST: Second leg: NIFTY2632422600PE (LTP: 40.075, Delta: -27.242427672879632)
2026-03-24 10:57:36,652 - INFO - NO TRADE: No suitable option pair found.
2026-03-24 10:57:36,652 - INFO - Running paper trading cycle...
2026-03-24 10:57:36,652 - INFO -  Managing existing positions
2026-03-24 10:57:36,653 - INFO - ----- Position management cycle started at 10:57:36 -----
2026-03-24 10:57:36,828 - INFO - [DEBUG] options_data type: <class 'list'>, length: 25
2026-03-24 10:57:36,998 - INFO - CURRENT NET P&L: 10.850000000000023 points
2026-03-24 10:57:36,999 - WARNING - Skipping position management - stale/no price data
2026-03-24 10:57:36,999 - INFO -  Position Status - P&L: Rs10.85, Adjustments: 0
2026-03-24 10:57:37,000 - INFO - Running SMA paper trading cycle...
2026-03-24 10:57:37,036 - INFO - Running Equity paper trading cycle...
2026-03-24 10:57:37,036 - INFO - Managing existing Equity positions
2026-03-24 10:57:37,036 - INFO - ----- Position management cycle started at 10:57:37 -----
2026-03-24 10:57:37,044 - INFO - [CYCLE SUMMARY] INFY | Price: 1269.00 | Entry: 1263.50 | Stop: 1264.70 | P&L: 0.17 (0.44%) | Status: PROFIT | Risk: HIGH RISK
2026-03-24 10:57:37,045 - INFO - [DETAILED STATUS] Distance to Stop: 4.30 (0.34%) | Distance from Entry: 5.50 (0.44%) | Quantity: 0.03125 | AO Risk Applied: True
2026-03-24 10:57:37,048 - INFO - [PARTIAL EXIT INFO] 50% Exited at: 1265.00 | Partial P&L: 0.05 | Remaining Qty: 0.03125
2026-03-24 10:57:37,054 - WARNING - STOP LOSS PROXIMITY: Price 1269.00 is 0.34% above stop 1264.70
2026-03-24 10:57:37,066 - DEBUG - Stop loss unchanged: 1264.70 (new: 1264.50)
2026-03-24 10:57:37,071 - INFO - Equity Position Status - P&L: Rs0.17
2026-03-24 10:57:37,071 - INFO - Running Nifty Options paper trading cycle...
2026-03-24 10:57:37,087 - INFO - Nifty Position Status - Lot1: CLOSED, Lot2: OPEN
2026-03-24 10:57:37,088 - INFO - Starting high-accuracy delta calculation...
2026-03-24 10:57:37,470 - WARNING - High-accuracy delta calculation failed
2026-03-24 10:57:37,569 - WARNING - Failed to fetch 1m data - empty result
2026-03-24 10:57:37,680 - WARNING - Failed to fetch 1m data - empty result
2026-03-24 10:57:37,777 - WARNING - Failed to fetch 1m data - empty result
2026-03-24 10:57:37,778 - ERROR - Failed to fetch 1m data after 3 attempts
2026-03-24 10:58:36,398 - INFO - Fetching 1m equity data (attempt 1/3)...
2026-03-24 10:58:36,530 - ERROR - Error fetching 1m equity data (attempt 1): 'NoneType' object has no attribute 'dropna'
2026-03-24 10:58:41,546 - INFO - Fetching 1m equity data (attempt 2/3)...
2026-03-24 10:58:41,683 - ERROR - Error fetching 1m equity data (attempt 2): 'NoneType' object has no attribute 'dropna'
2026-03-24 10:58:51,696 - INFO - Fetching 1m equity data (attempt 3/3)...
2026-03-24 10:58:51,823 - ERROR - Error fetching 1m equity data (attempt 3): 'NoneType' object has no attribute 'dropna'
2026-03-24 10:58:51,824 - ERROR - Failed to fetch 1m equity data after 3 attempts
2026-03-24 10:58:52,829 - INFO - Running Donchian AO trading strategy...
2026-03-24 10:58:52,954 - INFO - Using delta limit : 40 for today..
2026-03-24 10:58:53,634 - INFO - 2:2 Ratio detected: Selling CE first then PE
2026-03-24 10:58:53,637 - INFO - Selected CE_FIRST: First Leg : NIFTY2632422850CE (LTP: 47.75, Delta: 32.17998446141102)
2026-03-24 10:58:53,638 - INFO - Selected CE_FIRST: Second leg: NIFTY2632422600PE (LTP: 40.075, Delta: -27.242427672879632)
2026-03-24 10:58:53,640 - INFO - NO TRADE: No suitable option pair found.
2026-03-24 10:58:53,641 - INFO - Running paper trading cycle...
2026-03-24 10:58:53,641 - INFO -  Managing existing positions
2026-03-24 10:58:53,642 - INFO - ----- Position management cycle started at 10:58:53 -----
2026-03-24 10:58:53,931 - INFO - [DEBUG] options_data type: <class 'list'>, length: 25
2026-03-24 10:58:54,194 - INFO - CURRENT NET P&L: 10.850000000000023 points
2026-03-24 10:58:54,198 - WARNING - Skipping position management - stale/no price data
2026-03-24 10:58:54,201 - INFO -  Position Status - P&L: Rs10.85, Adjustments: 0
2026-03-24 10:58:54,202 - INFO - Running SMA paper trading cycle...
2026-03-24 10:58:54,260 - INFO - Running Equity paper trading cycle...
2026-03-24 10:58:54,261 - INFO - Managing existing Equity positions
2026-03-24 10:58:54,261 - INFO - ----- Position management cycle started at 10:58:54 -----
2026-03-24 10:58:54,269 - INFO - [CYCLE SUMMARY] INFY | Price: 1269.00 | Entry: 1263.50 | Stop: 1264.70 | P&L: 0.17 (0.44%) | Status: PROFIT | Risk: HIGH RISK
2026-03-24 10:58:54,273 - INFO - [DETAILED STATUS] Distance to Stop: 4.30 (0.34%) | Distance from Entry: 5.50 (0.44%) | Quantity: 0.03125 | AO Risk Applied: True
2026-03-24 10:58:54,274 - INFO - [PARTIAL EXIT INFO] 50% Exited at: 1265.00 | Partial P&L: 0.05 | Remaining Qty: 0.03125
2026-03-24 10:58:54,280 - WARNING - STOP LOSS PROXIMITY: Price 1269.00 is 0.34% above stop 1264.70
2026-03-24 10:58:54,295 - DEBUG - Stop loss unchanged: 1264.70 (new: 1264.50)
2026-03-24 10:58:54,301 - INFO - Equity Position Status - P&L: Rs0.17
2026-03-24 10:58:54,302 - INFO - Running Nifty Options paper trading cycle...
2026-03-24 10:58:54,314 - INFO - Nifty Position Status - Lot1: CLOSED, Lot2: OPEN
2026-03-24 10:58:54,315 - INFO - Starting high-accuracy delta calculation...
2026-03-24 10:58:54,707 - WARNING - High-accuracy delta calculation failed
2026-03-24 10:58:54,826 - WARNING - Failed to fetch 1m data - empty result
2026-03-24 10:58:55,027 - WARNING - Failed to fetch 1m data - empty result
2026-03-24 10:58:55,138 - WARNING - Failed to fetch 1m data - empty result
2026-03-24 10:58:55,138 - ERROR - Failed to fetch 1m data after 3 attempts
2026-03-24 10:58:58,288 - WARNING - Failed to fetch 15m data - empty result
2026-03-24 10:58:58,418 - WARNING - Failed to fetch 15m data - empty result
2026-03-24 10:58:58,525 - WARNING - Failed to fetch 15m data - empty result
2026-03-24 10:58:58,525 - ERROR - Failed to fetch 15m data after 3 attempts
2026-03-24 10:59:52,129 - INFO - Fetching 1m equity data (attempt 1/3)...
2026-03-24 10:59:52,288 - ERROR - Error fetching 1m equity data (attempt 1): 'NoneType' object has no attribute 'dropna'
2026-03-24 10:59:57,293 - INFO - Fetching 1m equity data (attempt 2/3)...
2026-03-24 10:59:57,427 - ERROR - Error fetching 1m equity data (attempt 2): 'NoneType' object has no attribute 'dropna'
2026-03-24 11:00:07,435 - INFO - Fetching 1m equity data (attempt 3/3)...
2026-03-24 11:00:07,567 - ERROR - Error fetching 1m equity data (attempt 3): 'NoneType' object has no attribute 'dropna'
2026-03-24 11:00:07,578 - ERROR - Failed to fetch 1m equity data after 3 attempts
2026-03-24 11:00:08,587 - INFO - Running Donchian AO trading strategy...
2026-03-24 11:00:08,796 - INFO - Using delta limit : 40 for today..
2026-03-24 11:00:10,733 - INFO - 2:2 Ratio detected: Selling CE first then PE
2026-03-24 11:00:10,735 - INFO - Selected CE_FIRST: First Leg : NIFTY2632422850CE (LTP: 47.75, Delta: 32.17998446141102)
2026-03-24 11:00:10,737 - INFO - Selected CE_FIRST: Second leg: NIFTY2632422600PE (LTP: 40.075, Delta: -27.242427672879632)
2026-03-24 11:00:10,739 - INFO - NO TRADE: No suitable option pair found.
2026-03-24 11:00:10,740 - INFO - Running paper trading cycle...
2026-03-24 11:00:10,740 - INFO -  Managing existing positions
2026-03-24 11:00:10,741 - INFO - ----- Position management cycle started at 11:00:10 -----
2026-03-24 11:00:11,193 - INFO - [DEBUG] options_data type: <class 'list'>, length: 25
2026-03-24 11:00:11,582 - INFO - CURRENT NET P&L: 10.850000000000023 points
2026-03-24 11:00:11,588 - WARNING - Skipping position management - stale/no price data
2026-03-24 11:00:11,593 - INFO -  Position Status - P&L: Rs10.85, Adjustments: 0
2026-03-24 11:00:11,594 - INFO - Running SMA paper trading cycle...
2026-03-24 11:00:11,678 - INFO - Running Equity paper trading cycle...
2026-03-24 11:00:11,679 - INFO - Managing existing Equity positions
2026-03-24 11:00:11,680 - INFO - ----- Position management cycle started at 11:00:11 -----
2026-03-24 11:00:11,692 - INFO - [CYCLE SUMMARY] INFY | Price: 1269.00 | Entry: 1263.50 | Stop: 1264.70 | P&L: 0.17 (0.44%) | Status: PROFIT | Risk: HIGH RISK
2026-03-24 11:00:11,696 - INFO - [DETAILED STATUS] Distance to Stop: 4.30 (0.34%) | Distance from Entry: 5.50 (0.44%) | Quantity: 0.03125 | AO Risk Applied: True
2026-03-24 11:00:11,698 - INFO - [PARTIAL EXIT INFO] 50% Exited at: 1265.00 | Partial P&L: 0.05 | Remaining Qty: 0.03125
2026-03-24 11:00:11,708 - WARNING - STOP LOSS PROXIMITY: Price 1269.00 is 0.34% above stop 1264.70
2026-03-24 11:00:11,737 - DEBUG - Stop loss unchanged: 1264.70 (new: 1264.50)
2026-03-24 11:00:11,745 - INFO - Equity Position Status - P&L: Rs0.17
2026-03-24 11:00:11,745 - INFO - Running Nifty Options paper trading cycle...
2026-03-24 11:00:11,790 - INFO - Nifty Position Status - Lot1: CLOSED, Lot2: OPEN
2026-03-24 11:00:11,791 - INFO - Starting high-accuracy delta calculation...
2026-03-24 11:00:12,419 - WARNING - High-accuracy delta calculation failed
2026-03-24 11:00:12,529 - WARNING - Failed to fetch 1m data - empty result
2026-03-24 11:00:12,640 - WARNING - Failed to fetch 1m data - empty result
2026-03-24 11:00:12,760 - WARNING - Failed to fetch 1m data - empty result
2026-03-24 11:00:12,760 - ERROR - Failed to fetch 1m data after 3 attempts
2026-03-24 11:00:24,895 - INFO - Fetching 15m equity data (attempt 1/3)...
2026-03-24 11:00:25,032 - ERROR - Error fetching 15m equity data (attempt 1): 'NoneType' object has no attribute 'dropna'
2026-03-24 11:00:30,037 - INFO - Fetching 15m equity data (attempt 2/3)...
2026-03-24 11:00:30,172 - ERROR - Error fetching 15m equity data (attempt 2): 'NoneType' object has no attribute 'dropna'
2026-03-24 11:00:40,181 - INFO - Fetching 15m equity data (attempt 3/3)...
2026-03-24 11:00:40,287 - ERROR - Error fetching 15m equity data (attempt 3): 'NoneType' object has no attribute 'dropna'
2026-03-24 11:00:40,288 - ERROR - Failed to fetch 15m equity data after 3 attempts
2026-03-24 11:01:07,635 - INFO - Fetching 1m equity data (attempt 1/3)...
2026-03-24 11:01:07,773 - ERROR - Error fetching 1m equity data (attempt 1): 'NoneType' object has no attribute 'dropna'
2026-03-24 11:01:12,802 - INFO - Fetching 1m equity data (attempt 2/3)...
2026-03-24 11:01:12,953 - ERROR - Error fetching 1m equity data (attempt 2): 'NoneType' object has no attribute 'dropna'
2026-03-24 11:01:22,971 - INFO - Fetching 1m equity data (attempt 3/3)...
2026-03-24 11:01:23,109 - ERROR - Error fetching 1m equity data (attempt 3): 'NoneType' object has no attribute 'dropna'
2026-03-24 11:01:23,111 - ERROR - Failed to fetch 1m equity data after 3 attempts
2026-03-24 11:01:24,119 - INFO - Running Donchian AO trading strategy...
2026-03-24 11:01:24,309 - INFO - Using delta limit : 40 for today..
2026-03-24 11:01:26,420 - INFO - 2:2 Ratio detected: Selling CE first then PE
2026-03-24 11:01:26,421 - INFO - Selected CE_FIRST: First Leg : NIFTY2632422850CE (LTP: 47.75, Delta: 32.17998446141102)
2026-03-24 11:01:26,421 - INFO - Selected CE_FIRST: Second leg: NIFTY2632422600PE (LTP: 40.075, Delta: -27.242427672879632)
2026-03-24 11:01:26,423 - INFO - NO TRADE: No suitable option pair found.
2026-03-24 11:01:26,423 - INFO - Running paper trading cycle...
2026-03-24 11:01:26,423 - INFO -  Managing existing positions
2026-03-24 11:01:26,423 - INFO - ----- Position management cycle started at 11:01:26 -----
2026-03-24 11:01:26,638 - INFO - [DEBUG] options_data type: <class 'list'>, length: 25
2026-03-24 11:01:26,848 - INFO - CURRENT NET P&L: 10.850000000000023 points
2026-03-24 11:01:26,848 - WARNING - Skipping position management - stale/no price data
2026-03-24 11:01:26,849 - INFO -  Position Status - P&L: Rs10.85, Adjustments: 0
2026-03-24 11:01:26,849 - INFO - Running SMA paper trading cycle...
2026-03-24 11:01:26,910 - INFO - Running Equity paper trading cycle...
2026-03-24 11:01:26,910 - INFO - Managing existing Equity positions
2026-03-24 11:01:26,911 - INFO - ----- Position management cycle started at 11:01:26 -----
2026-03-24 11:01:26,919 - INFO - [CYCLE SUMMARY] INFY | Price: 1269.00 | Entry: 1263.50 | Stop: 1264.70 | P&L: 0.17 (0.44%) | Status: PROFIT | Risk: HIGH RISK
2026-03-24 11:01:26,920 - INFO - [DETAILED STATUS] Distance to Stop: 4.30 (0.34%) | Distance from Entry: 5.50 (0.44%) | Quantity: 0.03125 | AO Risk Applied: True
2026-03-24 11:01:26,921 - INFO - [PARTIAL EXIT INFO] 50% Exited at: 1265.00 | Partial P&L: 0.05 | Remaining Qty: 0.03125
2026-03-24 11:01:26,925 - WARNING - STOP LOSS PROXIMITY: Price 1269.00 is 0.34% above stop 1264.70
2026-03-24 11:01:26,943 - DEBUG - Stop loss unchanged: 1264.70 (new: 1264.50)
2026-03-24 11:01:26,950 - INFO - Equity Position Status - P&L: Rs0.17
2026-03-24 11:01:26,953 - INFO - Running Nifty Options paper trading cycle...
2026-03-24 11:01:26,965 - INFO - Nifty Position Status - Lot1: CLOSED, Lot2: OPEN
2026-03-24 11:01:26,966 - INFO - Starting separate VIX calculation...
2026-03-24 11:01:27,411 - WARNING - Separate VIX calculation failed
2026-03-24 11:01:27,412 - INFO - Starting high-accuracy delta calculation...
2026-03-24 11:01:27,831 - WARNING - High-accuracy delta calculation failed
2026-03-24 11:01:27,932 - WARNING - Failed to fetch 5m data - empty result
2026-03-24 11:01:28,042 - WARNING - Failed to fetch 5m data - empty result
2026-03-24 11:01:28,156 - WARNING - Failed to fetch 5m data - empty result
2026-03-24 11:01:28,156 - ERROR - Failed to fetch 5m data after 3 attempts
2026-03-24 11:01:28,256 - WARNING - Failed to fetch 1m data - empty result
2026-03-24 11:01:28,418 - WARNING - Failed to fetch 1m data - empty result
2026-03-24 11:01:28,521 - WARNING - Failed to fetch 1m data - empty result
2026-03-24 11:01:28,522 - ERROR - Failed to fetch 1m data after 3 attempts
2026-03-24 11:02:20,129 - INFO - Fetching 5m equity data (attempt 1/3)...
2026-03-24 11:02:20,282 - ERROR - Error fetching 5m equity data (attempt 1): 'NoneType' object has no attribute 'dropna'
2026-03-24 11:02:25,287 - INFO - Fetching 5m equity data (attempt 2/3)...
2026-03-24 11:02:25,397 - ERROR - Error fetching 5m equity data (attempt 2): 'NoneType' object has no attribute 'dropna'
2026-03-24 11:02:35,400 - INFO - Fetching 5m equity data (attempt 3/3)...
2026-03-24 11:02:35,550 - ERROR - Error fetching 5m equity data (attempt 3): 'NoneType' object has no attribute 'dropna'
2026-03-24 11:02:35,555 - ERROR - Failed to fetch 5m equity data after 3 attempts
2026-03-24 11:02:36,572 - INFO - Fetching 1m equity data (attempt 1/3)...
2026-03-24 11:02:36,665 - ERROR - Error fetching 1m equity data (attempt 1): 'NoneType' object has no attribute 'dropna'
2026-03-24 11:02:41,674 - INFO - Fetching 1m equity data (attempt 2/3)...
2026-03-24 11:02:41,774 - ERROR - Error fetching 1m equity data (attempt 2): 'NoneType' object has no attribute 'dropna'
2026-03-24 11:02:51,789 - INFO - Fetching 1m equity data (attempt 3/3)...
2026-03-24 11:02:51,890 - ERROR - Error fetching 1m equity data (attempt 3): 'NoneType' object has no attribute 'dropna'
2026-03-24 11:02:51,891 - ERROR - Failed to fetch 1m equity data after 3 attempts
2026-03-24 11:02:51,894 - INFO - Running Donchian AO trading strategy...
2026-03-24 11:02:52,039 - INFO - Using delta limit : 40 for today..
2026-03-24 11:02:52,794 - INFO - 2:2 Ratio detected: Selling CE first then PE
2026-03-24 11:02:52,795 - INFO - Selected CE_FIRST: First Leg : NIFTY2632422850CE (LTP: 47.75, Delta: 32.17998446141102)
2026-03-24 11:02:52,795 - INFO - Selected CE_FIRST: Second leg: NIFTY2632422600PE (LTP: 40.075, Delta: -27.242427672879632)
2026-03-24 11:02:52,797 - INFO - NO TRADE: No suitable option pair found.
2026-03-24 11:02:52,797 - INFO - Running paper trading cycle...
2026-03-24 11:02:52,797 - INFO -  Managing existing positions
2026-03-24 11:02:52,797 - INFO - ----- Position management cycle started at 11:02:52 -----
2026-03-24 11:02:53,027 - INFO - [DEBUG] options_data type: <class 'list'>, length: 25
2026-03-24 11:02:53,265 - INFO - CURRENT NET P&L: 10.850000000000023 points
2026-03-24 11:02:53,270 - WARNING - Skipping position management - stale/no price data
2026-03-24 11:02:53,272 - INFO -  Position Status - P&L: Rs10.85, Adjustments: 0
2026-03-24 11:02:53,272 - INFO - Running SMA paper trading cycle...
2026-03-24 11:02:53,324 - INFO - Running Equity paper trading cycle...
2026-03-24 11:02:53,324 - INFO - Managing existing Equity positions
2026-03-24 11:02:53,324 - INFO - ----- Position management cycle started at 11:02:53 -----
2026-03-24 11:02:53,330 - INFO - [CYCLE SUMMARY] INFY | Price: 1269.00 | Entry: 1263.50 | Stop: 1264.70 | P&L: 0.17 (0.44%) | Status: PROFIT | Risk: HIGH RISK
2026-03-24 11:02:53,330 - INFO - [DETAILED STATUS] Distance to Stop: 4.30 (0.34%) | Distance from Entry: 5.50 (0.44%) | Quantity: 0.03125 | AO Risk Applied: True
2026-03-24 11:02:53,331 - INFO - [PARTIAL EXIT INFO] 50% Exited at: 1265.00 | Partial P&L: 0.05 | Remaining Qty: 0.03125
2026-03-24 11:02:53,341 - WARNING - STOP LOSS PROXIMITY: Price 1269.00 is 0.34% above stop 1264.70
2026-03-24 11:02:53,354 - DEBUG - Stop loss unchanged: 1264.70 (new: 1264.50)
2026-03-24 11:02:53,359 - INFO - Equity Position Status - P&L: Rs0.17
2026-03-24 11:02:53,360 - INFO - Running Nifty Options paper trading cycle...
2026-03-24 11:02:53,377 - INFO - Nifty Position Status - Lot1: CLOSED, Lot2: OPEN
2026-03-24 11:02:53,377 - INFO - Starting high-accuracy delta calculation...
2026-03-24 11:02:53,947 - WARNING - High-accuracy delta calculation failed
2026-03-24 11:02:54,060 - WARNING - Failed to fetch 1m data - empty result
2026-03-24 11:02:54,163 - WARNING - Failed to fetch 1m data - empty result
2026-03-24 11:02:54,268 - WARNING - Failed to fetch 1m data - empty result
2026-03-24 11:02:54,271 - ERROR - Failed to fetch 1m data after 3 attempts
2026-03-24 11:03:52,890 - INFO - Fetching 1m equity data (attempt 1/3)...
2026-03-24 11:03:53,045 - ERROR - Error fetching 1m equity data (attempt 1): 'NoneType' object has no attribute 'dropna'
2026-03-24 11:03:58,058 - INFO - Fetching 1m equity data (attempt 2/3)...
2026-03-24 11:03:58,176 - ERROR - Error fetching 1m equity data (attempt 2): 'NoneType' object has no attribute 'dropna'
2026-03-24 11:04:08,189 - INFO - Fetching 1m equity data (attempt 3/3)...
2026-03-24 11:04:08,288 - ERROR - Error fetching 1m equity data (attempt 3): 'NoneType' object has no attribute 'dropna'
2026-03-24 11:04:08,288 - ERROR - Failed to fetch 1m equity data after 3 attempts
2026-03-24 11:04:08,288 - INFO - Running Donchian AO trading strategy...
2026-03-24 11:04:08,448 - INFO - Using delta limit : 40 for today..
2026-03-24 11:04:10,089 - INFO - 2:2 Ratio detected: Selling CE first then PE
2026-03-24 11:04:10,090 - INFO - Selected CE_FIRST: First Leg : NIFTY2632422850CE (LTP: 47.75, Delta: 32.17998446141102)
2026-03-24 11:04:10,092 - INFO - Selected CE_FIRST: Second leg: NIFTY2632422600PE (LTP: 40.075, Delta: -27.242427672879632)
2026-03-24 11:04:10,105 - INFO - NO TRADE: No suitable option pair found.
2026-03-24 11:04:11,119 - INFO - Running paper trading cycle...
2026-03-24 11:04:11,122 - INFO -  Managing existing positions
2026-03-24 11:04:11,122 - INFO - ----- Position management cycle started at 11:04:11 -----
2026-03-24 11:04:11,338 - INFO - [DEBUG] options_data type: <class 'list'>, length: 25
2026-03-24 11:04:11,542 - INFO - CURRENT NET P&L: 10.850000000000023 points
2026-03-24 11:04:11,544 - WARNING - Skipping position management - stale/no price data
2026-03-24 11:04:11,546 - INFO -  Position Status - P&L: Rs10.85, Adjustments: 0
2026-03-24 11:04:11,546 - INFO - Running SMA paper trading cycle...
2026-03-24 11:04:11,616 - INFO - Running Equity paper trading cycle...
2026-03-24 11:04:11,616 - INFO - Managing existing Equity positions
2026-03-24 11:04:11,616 - INFO - ----- Position management cycle started at 11:04:11 -----
2026-03-24 11:04:11,627 - INFO - [CYCLE SUMMARY] INFY | Price: 1269.00 | Entry: 1263.50 | Stop: 1264.70 | P&L: 0.17 (0.44%) | Status: PROFIT | Risk: HIGH RISK
2026-03-24 11:04:11,631 - INFO - [DETAILED STATUS] Distance to Stop: 4.30 (0.34%) | Distance from Entry: 5.50 (0.44%) | Quantity: 0.03125 | AO Risk Applied: True
2026-03-24 11:04:11,633 - INFO - [PARTIAL EXIT INFO] 50% Exited at: 1265.00 | Partial P&L: 0.05 | Remaining Qty: 0.03125
2026-03-24 11:04:11,639 - WARNING - STOP LOSS PROXIMITY: Price 1269.00 is 0.34% above stop 1264.70
2026-03-24 11:04:11,663 - DEBUG - Stop loss unchanged: 1264.70 (new: 1264.50)
2026-03-24 11:04:11,677 - INFO - Equity Position Status - P&L: Rs0.17
2026-03-24 11:04:11,679 - INFO - Running Nifty Options paper trading cycle...
2026-03-24 11:04:11,698 - INFO - Nifty Position Status - Lot1: CLOSED, Lot2: OPEN
2026-03-24 11:04:11,699 - INFO - Starting high-accuracy delta calculation...
2026-03-24 11:04:12,159 - WARNING - High-accuracy delta calculation failed
2026-03-24 11:04:12,304 - WARNING - Failed to fetch 1m data - empty result
2026-03-24 11:04:12,410 - WARNING - Failed to fetch 1m data - empty result
2026-03-24 11:04:12,522 - WARNING - Failed to fetch 1m data - empty result
2026-03-24 11:04:12,522 - ERROR - Failed to fetch 1m data after 3 attempts
2026-03-24 11:05:09,273 - INFO - Fetching 1m equity data (attempt 1/3)...
2026-03-24 11:05:09,441 - ERROR - Error fetching 1m equity data (attempt 1): 'NoneType' object has no attribute 'dropna'
2026-03-24 11:05:14,455 - INFO - Fetching 1m equity data (attempt 2/3)...
2026-03-24 11:05:14,616 - ERROR - Error fetching 1m equity data (attempt 2): 'NoneType' object has no attribute 'dropna'
2026-03-24 11:05:24,625 - INFO - Fetching 1m equity data (attempt 3/3)...
2026-03-24 11:05:24,765 - ERROR - Error fetching 1m equity data (attempt 3): 'NoneType' object has no attribute 'dropna'
2026-03-24 11:05:24,766 - ERROR - Failed to fetch 1m equity data after 3 attempts
2026-03-24 11:05:25,770 - INFO - Running Donchian AO trading strategy...
2026-03-24 11:05:25,953 - INFO - Using delta limit : 40 for today..
2026-03-24 11:05:27,627 - INFO - 2:2 Ratio detected: Selling CE first then PE
2026-03-24 11:05:27,628 - INFO - Selected CE_FIRST: First Leg : NIFTY2632422850CE (LTP: 47.75, Delta: 32.17998446141102)
2026-03-24 11:05:27,628 - INFO - Selected CE_FIRST: Second leg: NIFTY2632422600PE (LTP: 40.075, Delta: -27.242427672879632)
2026-03-24 11:05:27,642 - INFO - NO TRADE: No suitable option pair found.
2026-03-24 11:05:27,642 - INFO - Running paper trading cycle...
2026-03-24 11:05:27,642 - INFO -  Managing existing positions
2026-03-24 11:05:27,642 - INFO - ----- Position management cycle started at 11:05:27 -----
2026-03-24 11:05:27,910 - INFO - [DEBUG] options_data type: <class 'list'>, length: 25
2026-03-24 11:05:28,349 - INFO - CURRENT NET P&L: 10.850000000000023 points
2026-03-24 11:05:28,350 - WARNING - Skipping position management - stale/no price data
2026-03-24 11:05:28,352 - INFO -  Position Status - P&L: Rs10.85, Adjustments: 0
2026-03-24 11:05:28,352 - INFO - Running SMA paper trading cycle...
2026-03-24 11:05:28,428 - INFO - Running Equity paper trading cycle...
2026-03-24 11:05:28,428 - INFO - Managing existing Equity positions
2026-03-24 11:05:28,429 - INFO - ----- Position management cycle started at 11:05:28 -----
2026-03-24 11:05:28,436 - INFO - [CYCLE SUMMARY] INFY | Price: 1269.00 | Entry: 1263.50 | Stop: 1264.70 | P&L: 0.17 (0.44%) | Status: PROFIT | Risk: HIGH RISK
2026-03-24 11:05:28,439 - INFO - [DETAILED STATUS] Distance to Stop: 4.30 (0.34%) | Distance from Entry: 5.50 (0.44%) | Quantity: 0.03125 | AO Risk Applied: True
2026-03-24 11:05:28,441 - INFO - [PARTIAL EXIT INFO] 50% Exited at: 1265.00 | Partial P&L: 0.05 | Remaining Qty: 0.03125
2026-03-24 11:05:28,448 - WARNING - STOP LOSS PROXIMITY: Price 1269.00 is 0.34% above stop 1264.70
2026-03-24 11:05:28,469 - DEBUG - Stop loss unchanged: 1264.70 (new: 1264.50)
2026-03-24 11:05:28,482 - INFO - Equity Position Status - P&L: Rs0.17
2026-03-24 11:05:28,482 - INFO - Running Nifty Options paper trading cycle...
2026-03-24 11:05:28,510 - INFO - Nifty Position Status - Lot1: CLOSED, Lot2: OPEN
2026-03-24 11:05:28,511 - INFO - Starting high-accuracy delta calculation...
2026-03-24 11:05:28,987 - WARNING - High-accuracy delta calculation failed
2026-03-24 11:05:29,093 - WARNING - Failed to fetch 1m data - empty result
2026-03-24 11:05:29,195 - WARNING - Failed to fetch 1m data - empty result
2026-03-24 11:05:29,300 - WARNING - Failed to fetch 1m data - empty result
2026-03-24 11:05:29,301 - ERROR - Failed to fetch 1m data after 3 attempts
2026-03-24 11:06:25,037 - INFO - Fetching 1m equity data (attempt 1/3)...
2026-03-24 11:06:25,194 - ERROR - Error fetching 1m equity data (attempt 1): 'NoneType' object has no attribute 'dropna'
2026-03-24 11:06:30,198 - INFO - Fetching 1m equity data (attempt 2/3)...
2026-03-24 11:06:30,341 - ERROR - Error fetching 1m equity data (attempt 2): 'NoneType' object has no attribute 'dropna'
2026-03-24 11:06:40,355 - INFO - Fetching 1m equity data (attempt 3/3)...
2026-03-24 11:06:40,466 - ERROR - Error fetching 1m equity data (attempt 3): 'NoneType' object has no attribute 'dropna'
2026-03-24 11:06:40,476 - ERROR - Failed to fetch 1m equity data after 3 attempts
2026-03-24 11:06:41,481 - INFO - Starting separate VIX calculation...
2026-03-24 11:06:41,953 - WARNING - Separate VIX calculation failed
2026-03-24 11:06:41,954 - INFO - Running Donchian AO trading strategy...
2026-03-24 11:06:42,298 - INFO - Using delta limit : 40 for today..
2026-03-24 11:06:43,978 - INFO - 2:2 Ratio detected: Selling CE first then PE
2026-03-24 11:06:43,982 - INFO - Selected CE_FIRST: First Leg : NIFTY2632422850CE (LTP: 47.75, Delta: 32.17998446141102)
2026-03-24 11:06:43,984 - INFO - Selected CE_FIRST: Second leg: NIFTY2632422600PE (LTP: 40.075, Delta: -27.242427672879632)
2026-03-24 11:06:43,986 - INFO - NO TRADE: No suitable option pair found.
2026-03-24 11:06:44,096 - WARNING - Failed to fetch 5m data - empty result
2026-03-24 11:06:44,213 - WARNING - Failed to fetch 5m data - empty result
2026-03-24 11:06:44,317 - WARNING - Failed to fetch 5m data - empty result
2026-03-24 11:06:44,318 - ERROR - Failed to fetch 5m data after 3 attempts
2026-03-24 11:06:44,318 - INFO - Running paper trading cycle...
2026-03-24 11:06:44,319 - INFO -  Managing existing positions
2026-03-24 11:06:44,319 - INFO - ----- Position management cycle started at 11:06:44 -----
2026-03-24 11:06:44,570 - INFO - [DEBUG] options_data type: <class 'list'>, length: 25
2026-03-24 11:06:44,868 - INFO - CURRENT NET P&L: 10.850000000000023 points
2026-03-24 11:06:44,878 - WARNING - Skipping position management - stale/no price data
2026-03-24 11:06:44,879 - INFO -  Position Status - P&L: Rs10.85, Adjustments: 0
2026-03-24 11:06:44,879 - INFO - Running SMA paper trading cycle...
2026-03-24 11:06:44,947 - INFO - Running Equity paper trading cycle...
2026-03-24 11:06:44,949 - INFO - Managing existing Equity positions
2026-03-24 11:06:44,949 - INFO - ----- Position management cycle started at 11:06:44 -----
2026-03-24 11:06:44,959 - INFO - [CYCLE SUMMARY] INFY | Price: 1269.00 | Entry: 1263.50 | Stop: 1264.70 | P&L: 0.17 (0.44%) | Status: PROFIT | Risk: HIGH RISK
2026-03-24 11:06:44,964 - INFO - [DETAILED STATUS] Distance to Stop: 4.30 (0.34%) | Distance from Entry: 5.50 (0.44%) | Quantity: 0.03125 | AO Risk Applied: True
2026-03-24 11:06:44,966 - INFO - [PARTIAL EXIT INFO] 50% Exited at: 1265.00 | Partial P&L: 0.05 | Remaining Qty: 0.03125
2026-03-24 11:06:44,981 - WARNING - STOP LOSS PROXIMITY: Price 1269.00 is 0.34% above stop 1264.70
2026-03-24 11:06:45,001 - DEBUG - Stop loss unchanged: 1264.70 (new: 1264.50)
2026-03-24 11:06:45,011 - INFO - Equity Position Status - P&L: Rs0.17
2026-03-24 11:06:45,011 - INFO - Running Nifty Options paper trading cycle...
2026-03-24 11:06:45,031 - INFO - Nifty Position Status - Lot1: CLOSED, Lot2: OPEN
2026-03-24 11:06:45,032 - INFO - Starting high-accuracy delta calculation...
2026-03-24 11:06:45,531 - WARNING - High-accuracy delta calculation failed
2026-03-24 11:06:45,631 - WARNING - Failed to fetch 1m data - empty result
2026-03-24 11:06:45,745 - WARNING - Failed to fetch 1m data - empty result
2026-03-24 11:06:45,859 - WARNING - Failed to fetch 1m data - empty result
2026-03-24 11:06:45,859 - ERROR - Failed to fetch 1m data after 3 attempts
2026-03-24 11:07:36,477 - INFO - Fetching 5m equity data (attempt 1/3)...
2026-03-24 11:07:36,631 - ERROR - Error fetching 5m equity data (attempt 1): 'NoneType' object has no attribute 'dropna'
2026-03-24 11:07:41,646 - INFO - Fetching 5m equity data (attempt 2/3)...
2026-03-24 11:07:41,781 - ERROR - Error fetching 5m equity data (attempt 2): 'NoneType' object has no attribute 'dropna'
2026-03-24 11:07:51,794 - INFO - Fetching 5m equity data (attempt 3/3)...
2026-03-24 11:07:51,928 - ERROR - Error fetching 5m equity data (attempt 3): 'NoneType' object has no attribute 'dropna'
2026-03-24 11:07:51,930 - ERROR - Failed to fetch 5m equity data after 3 attempts
2026-03-24 11:07:52,945 - INFO - Fetching 1m equity data (attempt 1/3)...
2026-03-24 11:07:53,069 - ERROR - Error fetching 1m equity data (attempt 1): 'NoneType' object has no attribute 'dropna'
2026-03-24 11:07:58,074 - INFO - Fetching 1m equity data (attempt 2/3)...
2026-03-24 11:07:58,177 - ERROR - Error fetching 1m equity data (attempt 2): 'NoneType' object has no attribute 'dropna'
2026-03-24 11:08:08,194 - INFO - Fetching 1m equity data (attempt 3/3)...
2026-03-24 11:08:08,310 - ERROR - Error fetching 1m equity data (attempt 3): 'NoneType' object has no attribute 'dropna'
2026-03-24 11:08:08,311 - ERROR - Failed to fetch 1m equity data after 3 attempts
2026-03-24 11:08:08,312 - INFO - Running Donchian AO trading strategy...
2026-03-24 11:08:08,484 - INFO - Using delta limit : 40 for today..
2026-03-24 11:08:10,262 - INFO - 2:2 Ratio detected: Selling CE first then PE
2026-03-24 11:08:10,262 - INFO - Selected CE_FIRST: First Leg : NIFTY2632422850CE (LTP: 47.75, Delta: 32.17998446141102)
2026-03-24 11:08:10,262 - INFO - Selected CE_FIRST: Second leg: NIFTY2632422600PE (LTP: 40.075, Delta: -27.242427672879632)
2026-03-24 11:08:10,262 - INFO - NO TRADE: No suitable option pair found.
2026-03-24 11:08:10,262 - INFO - Running paper trading cycle...
2026-03-24 11:08:10,262 - INFO -  Managing existing positions
2026-03-24 11:08:10,262 - INFO - ----- Position management cycle started at 11:08:10 -----
2026-03-24 11:08:10,553 - INFO - [DEBUG] options_data type: <class 'list'>, length: 25
2026-03-24 11:08:10,829 - INFO - CURRENT NET P&L: 10.850000000000023 points
2026-03-24 11:08:10,830 - WARNING - Skipping position management - stale/no price data
2026-03-24 11:08:10,832 - INFO -  Position Status - P&L: Rs10.85, Adjustments: 0
2026-03-24 11:08:10,833 - INFO - Running SMA paper trading cycle...
2026-03-24 11:08:10,886 - INFO - Running Equity paper trading cycle...
2026-03-24 11:08:10,886 - INFO - Managing existing Equity positions
2026-03-24 11:08:10,886 - INFO - ----- Position management cycle started at 11:08:10 -----
2026-03-24 11:08:10,895 - INFO - [CYCLE SUMMARY] INFY | Price: 1269.00 | Entry: 1263.50 | Stop: 1264.70 | P&L: 0.17 (0.44%) | Status: PROFIT | Risk: HIGH RISK
2026-03-24 11:08:10,897 - INFO - [DETAILED STATUS] Distance to Stop: 4.30 (0.34%) | Distance from Entry: 5.50 (0.44%) | Quantity: 0.03125 | AO Risk Applied: True
2026-03-24 11:08:10,897 - INFO - [PARTIAL EXIT INFO] 50% Exited at: 1265.00 | Partial P&L: 0.05 | Remaining Qty: 0.03125
2026-03-24 11:08:10,911 - WARNING - STOP LOSS PROXIMITY: Price 1269.00 is 0.34% above stop 1264.70
2026-03-24 11:08:10,921 - DEBUG - Stop loss unchanged: 1264.70 (new: 1264.50)
2026-03-24 11:08:10,929 - INFO - Equity Position Status - P&L: Rs0.17
2026-03-24 11:08:10,929 - INFO - Running Nifty Options paper trading cycle...
2026-03-24 11:08:10,945 - INFO - Nifty Position Status - Lot1: CLOSED, Lot2: OPEN
2026-03-24 11:08:10,945 - INFO - Starting high-accuracy delta calculation...
2026-03-24 11:08:11,423 - WARNING - High-accuracy delta calculation failed
2026-03-24 11:08:11,544 - WARNING - Failed to fetch 1m data - empty result
2026-03-24 11:08:11,654 - WARNING - Failed to fetch 1m data - empty result
2026-03-24 11:08:11,784 - WARNING - Failed to fetch 1m data - empty result
2026-03-24 11:08:11,785 - ERROR - Failed to fetch 1m data after 3 attempts
2026-03-24 11:09:08,411 - INFO - Fetching 1m equity data (attempt 1/3)...
2026-03-24 11:09:08,580 - ERROR - Error fetching 1m equity data (attempt 1): 'NoneType' object has no attribute 'dropna'
2026-03-24 11:09:13,594 - INFO - Fetching 1m equity data (attempt 2/3)...
2026-03-24 11:09:13,735 - ERROR - Error fetching 1m equity data (attempt 2): 'NoneType' object has no attribute 'dropna'
2026-03-24 11:09:23,754 - INFO - Fetching 1m equity data (attempt 3/3)...
2026-03-24 11:09:23,914 - ERROR - Error fetching 1m equity data (attempt 3): 'NoneType' object has no attribute 'dropna'
2026-03-24 11:09:23,917 - ERROR - Failed to fetch 1m equity data after 3 attempts
2026-03-24 11:09:24,928 - INFO - Running Donchian AO trading strategy...
2026-03-24 11:09:25,148 - INFO - Using delta limit : 40 for today..
2026-03-24 11:09:27,232 - INFO - 2:2 Ratio detected: Selling CE first then PE
2026-03-24 11:09:27,233 - INFO - Selected CE_FIRST: First Leg : NIFTY2632422850CE (LTP: 47.75, Delta: 32.17998446141102)
2026-03-24 11:09:27,233 - INFO - Selected CE_FIRST: Second leg: NIFTY2632422600PE (LTP: 40.075, Delta: -27.242427672879632)
2026-03-24 11:09:27,234 - INFO - NO TRADE: No suitable option pair found.
2026-03-24 11:09:27,236 - INFO - Running paper trading cycle...
2026-03-24 11:09:27,236 - INFO -  Managing existing positions
2026-03-24 11:09:27,236 - INFO - ----- Position management cycle started at 11:09:27 -----
2026-03-24 11:09:27,434 - INFO - [DEBUG] options_data type: <class 'list'>, length: 25
2026-03-24 11:09:27,637 - INFO - CURRENT NET P&L: 10.850000000000023 points
2026-03-24 11:09:27,638 - WARNING - Skipping position management - stale/no price data
2026-03-24 11:09:27,638 - INFO -  Position Status - P&L: Rs10.85, Adjustments: 0
2026-03-24 11:09:27,639 - INFO - Running SMA paper trading cycle...
2026-03-24 11:09:27,703 - INFO - Running Equity paper trading cycle...
2026-03-24 11:09:27,704 - INFO - Managing existing Equity positions
2026-03-24 11:09:27,705 - INFO - ----- Position management cycle started at 11:09:27 -----
2026-03-24 11:09:27,715 - INFO - [CYCLE SUMMARY] INFY | Price: 1269.00 | Entry: 1263.50 | Stop: 1264.70 | P&L: 0.17 (0.44%) | Status: PROFIT | Risk: HIGH RISK
2026-03-24 11:09:27,716 - INFO - [DETAILED STATUS] Distance to Stop: 4.30 (0.34%) | Distance from Entry: 5.50 (0.44%) | Quantity: 0.03125 | AO Risk Applied: True
2026-03-24 11:09:27,717 - INFO - [PARTIAL EXIT INFO] 50% Exited at: 1265.00 | Partial P&L: 0.05 | Remaining Qty: 0.03125
2026-03-24 11:09:27,722 - WARNING - STOP LOSS PROXIMITY: Price 1269.00 is 0.34% above stop 1264.70
2026-03-24 11:09:27,737 - DEBUG - Stop loss unchanged: 1264.70 (new: 1264.50)
2026-03-24 11:09:27,747 - INFO - Equity Position Status - P&L: Rs0.17
2026-03-24 11:09:27,747 - INFO - Running Nifty Options paper trading cycle...
2026-03-24 11:09:27,758 - INFO - Nifty Position Status - Lot1: CLOSED, Lot2: OPEN
2026-03-24 11:09:27,761 - INFO - Starting high-accuracy delta calculation...
2026-03-24 11:09:28,225 - WARNING - High-accuracy delta calculation failed
2026-03-24 11:09:28,338 - WARNING - Failed to fetch 1m data - empty result
2026-03-24 11:09:28,447 - WARNING - Failed to fetch 1m data - empty result
2026-03-24 11:09:28,557 - WARNING - Failed to fetch 1m data - empty result
2026-03-24 11:09:28,562 - ERROR - Failed to fetch 1m data after 3 attempts
2026-03-24 11:10:24,868 - INFO - Fetching 1m equity data (attempt 1/3)...
2026-03-24 11:10:25,013 - ERROR - Error fetching 1m equity data (attempt 1): 'NoneType' object has no attribute 'dropna'
2026-03-24 11:10:30,030 - INFO - Fetching 1m equity data (attempt 2/3)...
2026-03-24 11:10:30,187 - ERROR - Error fetching 1m equity data (attempt 2): 'NoneType' object has no attribute 'dropna'
2026-03-24 11:10:40,195 - INFO - Fetching 1m equity data (attempt 3/3)...
2026-03-24 11:10:40,478 - ERROR - Error fetching 1m equity data (attempt 3): 'NoneType' object has no attribute 'dropna'
2026-03-24 11:10:40,479 - ERROR - Failed to fetch 1m equity data after 3 attempts
2026-03-24 11:10:41,493 - INFO - Running Donchian AO trading strategy...
2026-03-24 11:10:41,653 - INFO - Using delta limit : 40 for today..
2026-03-24 11:10:43,301 - INFO - 2:2 Ratio detected: Selling CE first then PE
2026-03-24 11:10:43,302 - INFO - Selected CE_FIRST: First Leg : NIFTY2632422850CE (LTP: 47.75, Delta: 32.17998446141102)
2026-03-24 11:10:43,303 - INFO - Selected CE_FIRST: Second leg: NIFTY2632422600PE (LTP: 40.075, Delta: -27.242427672879632)
2026-03-24 11:10:43,304 - INFO - NO TRADE: No suitable option pair found.
2026-03-24 11:10:43,304 - INFO - Running paper trading cycle...
2026-03-24 11:10:43,304 - INFO -  Managing existing positions
2026-03-24 11:10:43,304 - INFO - ----- Position management cycle started at 11:10:43 -----
2026-03-24 11:10:43,549 - INFO - [DEBUG] options_data type: <class 'list'>, length: 25
2026-03-24 11:10:43,863 - INFO - CURRENT NET P&L: 10.850000000000023 points
2026-03-24 11:10:43,864 - WARNING - Skipping position management - stale/no price data
2026-03-24 11:10:43,865 - INFO -  Position Status - P&L: Rs10.85, Adjustments: 0
2026-03-24 11:10:43,865 - INFO - Running SMA paper trading cycle...
2026-03-24 11:10:43,925 - INFO - Running Equity paper trading cycle...
2026-03-24 11:10:43,925 - INFO - Managing existing Equity positions
2026-03-24 11:10:43,925 - INFO - ----- Position management cycle started at 11:10:43 -----
2026-03-24 11:10:43,936 - INFO - [CYCLE SUMMARY] INFY | Price: 1269.00 | Entry: 1263.50 | Stop: 1264.70 | P&L: 0.17 (0.44%) | Status: PROFIT | Risk: HIGH RISK
2026-03-24 11:10:43,938 - INFO - [DETAILED STATUS] Distance to Stop: 4.30 (0.34%) | Distance from Entry: 5.50 (0.44%) | Quantity: 0.03125 | AO Risk Applied: True
2026-03-24 11:10:43,938 - INFO - [PARTIAL EXIT INFO] 50% Exited at: 1265.00 | Partial P&L: 0.05 | Remaining Qty: 0.03125
2026-03-24 11:10:43,949 - WARNING - STOP LOSS PROXIMITY: Price 1269.00 is 0.34% above stop 1264.70
2026-03-24 11:10:43,970 - DEBUG - Stop loss unchanged: 1264.70 (new: 1264.50)
2026-03-24 11:10:43,979 - INFO - Equity Position Status - P&L: Rs0.17
2026-03-24 11:10:43,981 - INFO - Running Nifty Options paper trading cycle...
2026-03-24 11:10:44,000 - INFO - Nifty Position Status - Lot1: CLOSED, Lot2: OPEN
2026-03-24 11:10:44,000 - INFO - Starting high-accuracy delta calculation...
2026-03-24 11:10:44,495 - WARNING - High-accuracy delta calculation failed
2026-03-24 11:10:44,598 - WARNING - Failed to fetch 1m data - empty result
2026-03-24 11:10:44,703 - WARNING - Failed to fetch 1m data - empty result
2026-03-24 11:10:44,814 - WARNING - Failed to fetch 1m data - empty result
2026-03-24 11:10:44,815 - ERROR - Failed to fetch 1m data after 3 attempts
2026-03-24 11:11:41,480 - INFO - Fetching 1m equity data (attempt 1/3)...
2026-03-24 11:11:41,630 - ERROR - Error fetching 1m equity data (attempt 1): 'NoneType' object has no attribute 'dropna'
2026-03-24 11:11:46,646 - INFO - Fetching 1m equity data (attempt 2/3)...
2026-03-24 11:11:46,783 - ERROR - Error fetching 1m equity data (attempt 2): 'NoneType' object has no attribute 'dropna'
2026-03-24 11:11:56,787 - INFO - Fetching 1m equity data (attempt 3/3)...
2026-03-24 11:11:56,918 - ERROR - Error fetching 1m equity data (attempt 3): 'NoneType' object has no attribute 'dropna'
2026-03-24 11:11:56,918 - ERROR - Failed to fetch 1m equity data after 3 attempts
2026-03-24 11:11:57,941 - INFO - Starting separate VIX calculation...
2026-03-24 11:11:58,383 - WARNING - Separate VIX calculation failed
2026-03-24 11:11:58,384 - INFO - Running Donchian AO trading strategy...
2026-03-24 11:11:58,498 - INFO - Using delta limit : 40 for today..
2026-03-24 11:11:59,197 - INFO - 2:2 Ratio detected: Selling CE first then PE
2026-03-24 11:11:59,199 - INFO - Selected CE_FIRST: First Leg : NIFTY2632422850CE (LTP: 47.75, Delta: 32.17998446141102)
2026-03-24 11:11:59,199 - INFO - Selected CE_FIRST: Second leg: NIFTY2632422600PE (LTP: 40.075, Delta: -27.242427672879632)
2026-03-24 11:11:59,202 - INFO - NO TRADE: No suitable option pair found.
2026-03-24 11:11:59,202 - INFO - Running paper trading cycle...
2026-03-24 11:11:59,202 - INFO -  Managing existing positions
2026-03-24 11:11:59,203 - INFO - ----- Position management cycle started at 11:11:59 -----
2026-03-24 11:11:59,447 - INFO - [DEBUG] options_data type: <class 'list'>, length: 25
2026-03-24 11:11:59,691 - INFO - CURRENT NET P&L: 10.850000000000023 points
2026-03-24 11:11:59,692 - WARNING - Skipping position management - stale/no price data
2026-03-24 11:11:59,693 - INFO -  Position Status - P&L: Rs10.85, Adjustments: 0
2026-03-24 11:11:59,697 - INFO - Running SMA paper trading cycle...
2026-03-24 11:11:59,800 - INFO - Running Equity paper trading cycle...
2026-03-24 11:11:59,801 - INFO - Managing existing Equity positions
2026-03-24 11:11:59,801 - INFO - ----- Position management cycle started at 11:11:59 -----
2026-03-24 11:11:59,809 - INFO - [CYCLE SUMMARY] INFY | Price: 1269.00 | Entry: 1263.50 | Stop: 1264.70 | P&L: 0.17 (0.44%) | Status: PROFIT | Risk: HIGH RISK
2026-03-24 11:11:59,811 - INFO - [DETAILED STATUS] Distance to Stop: 4.30 (0.34%) | Distance from Entry: 5.50 (0.44%) | Quantity: 0.03125 | AO Risk Applied: True
2026-03-24 11:11:59,815 - INFO - [PARTIAL EXIT INFO] 50% Exited at: 1265.00 | Partial P&L: 0.05 | Remaining Qty: 0.03125
2026-03-24 11:11:59,824 - WARNING - STOP LOSS PROXIMITY: Price 1269.00 is 0.34% above stop 1264.70
2026-03-24 11:11:59,840 - DEBUG - Stop loss unchanged: 1264.70 (new: 1264.50)
2026-03-24 11:11:59,849 - INFO - Equity Position Status - P&L: Rs0.17
2026-03-24 11:11:59,850 - INFO - Running Nifty Options paper trading cycle...
2026-03-24 11:11:59,869 - INFO - Nifty Position Status - Lot1: CLOSED, Lot2: OPEN
2026-03-24 11:11:59,975 - WARNING - Failed to fetch 5m data - empty result
2026-03-24 11:12:00,075 - WARNING - Failed to fetch 5m data - empty result
2026-03-24 11:12:00,193 - WARNING - Failed to fetch 5m data - empty result
2026-03-24 11:12:00,196 - ERROR - Failed to fetch 5m data after 3 attempts
2026-03-24 11:12:00,198 - INFO - Starting high-accuracy delta calculation...
2026-03-24 11:12:00,658 - WARNING - High-accuracy delta calculation failed
2026-03-24 11:12:00,776 - WARNING - Failed to fetch 1m data - empty result
2026-03-24 11:12:00,909 - WARNING - Failed to fetch 1m data - empty result
2026-03-24 11:12:01,016 - WARNING - Failed to fetch 1m data - empty result
2026-03-24 11:12:01,018 - ERROR - Failed to fetch 1m data after 3 attempts
2026-03-24 11:12:52,582 - INFO - Fetching 5m equity data (attempt 1/3)...
2026-03-24 11:12:52,722 - ERROR - Error fetching 5m equity data (attempt 1): 'NoneType' object has no attribute 'dropna'
2026-03-24 11:12:57,732 - INFO - Fetching 5m equity data (attempt 2/3)...
2026-03-24 11:12:57,875 - ERROR - Error fetching 5m equity data (attempt 2): 'NoneType' object has no attribute 'dropna'
2026-03-24 11:13:07,900 - INFO - Fetching 5m equity data (attempt 3/3)...
2026-03-24 11:13:08,052 - ERROR - Error fetching 5m equity data (attempt 3): 'NoneType' object has no attribute 'dropna'
2026-03-24 11:13:08,053 - ERROR - Failed to fetch 5m equity data after 3 attempts
2026-03-24 11:13:09,066 - INFO - Fetching 1m equity data (attempt 1/3)...
2026-03-24 11:13:09,167 - ERROR - Error fetching 1m equity data (attempt 1): 'NoneType' object has no attribute 'dropna'
2026-03-24 11:13:14,182 - INFO - Fetching 1m equity data (attempt 2/3)...
2026-03-24 11:13:14,263 - ERROR - Error fetching 1m equity data (attempt 2): 'NoneType' object has no attribute 'dropna'
2026-03-24 11:13:24,280 - INFO - Fetching 1m equity data (attempt 3/3)...
2026-03-24 11:13:24,395 - ERROR - Error fetching 1m equity data (attempt 3): 'NoneType' object has no attribute 'dropna'
2026-03-24 11:13:24,399 - ERROR - Failed to fetch 1m equity data after 3 attempts
2026-03-24 11:13:24,400 - INFO - Running Donchian AO trading strategy...
2026-03-24 11:13:24,584 - INFO - Using delta limit : 40 for today..
2026-03-24 11:13:26,462 - INFO - 2:2 Ratio detected: Selling CE first then PE
2026-03-24 11:13:26,467 - INFO - Selected CE_FIRST: First Leg : NIFTY2632422850CE (LTP: 47.75, Delta: 32.17998446141102)
2026-03-24 11:13:26,467 - INFO - Selected CE_FIRST: Second leg: NIFTY2632422600PE (LTP: 40.075, Delta: -27.242427672879632)
2026-03-24 11:13:26,469 - INFO - NO TRADE: No suitable option pair found.
2026-03-24 11:13:26,469 - INFO - Running paper trading cycle...
2026-03-24 11:13:26,469 - INFO -  Managing existing positions
2026-03-24 11:13:26,469 - INFO - ----- Position management cycle started at 11:13:26 -----
2026-03-24 11:13:26,720 - INFO - [DEBUG] options_data type: <class 'list'>, length: 25
2026-03-24 11:13:26,899 - INFO - CURRENT NET P&L: 10.850000000000023 points
2026-03-24 11:13:26,899 - WARNING - Skipping position management - stale/no price data
2026-03-24 11:13:26,899 - INFO -  Position Status - P&L: Rs10.85, Adjustments: 0
2026-03-24 11:13:26,899 - INFO - Running SMA paper trading cycle...
2026-03-24 11:13:26,967 - INFO - Running Equity paper trading cycle...
2026-03-24 11:13:26,967 - INFO - Managing existing Equity positions
2026-03-24 11:13:26,967 - INFO - ----- Position management cycle started at 11:13:26 -----
2026-03-24 11:13:26,983 - INFO - [CYCLE SUMMARY] INFY | Price: 1269.00 | Entry: 1263.50 | Stop: 1264.70 | P&L: 0.17 (0.44%) | Status: PROFIT | Risk: HIGH RISK
2026-03-24 11:13:26,983 - INFO - [DETAILED STATUS] Distance to Stop: 4.30 (0.34%) | Distance from Entry: 5.50 (0.44%) | Quantity: 0.03125 | AO Risk Applied: True
2026-03-24 11:13:26,986 - INFO - [PARTIAL EXIT INFO] 50% Exited at: 1265.00 | Partial P&L: 0.05 | Remaining Qty: 0.03125
2026-03-24 11:13:26,988 - WARNING - STOP LOSS PROXIMITY: Price 1269.00 is 0.34% above stop 1264.70
2026-03-24 11:13:27,001 - DEBUG - Stop loss unchanged: 1264.70 (new: 1264.50)
2026-03-24 11:13:27,015 - INFO - Equity Position Status - P&L: Rs0.17
2026-03-24 11:13:27,015 - INFO - Running Nifty Options paper trading cycle...
2026-03-24 11:13:27,033 - INFO - Nifty Position Status - Lot1: CLOSED, Lot2: OPEN
2026-03-24 11:13:27,033 - INFO - Starting high-accuracy delta calculation...
2026-03-24 11:13:27,433 - WARNING - High-accuracy delta calculation failed
2026-03-24 11:13:27,549 - WARNING - Failed to fetch 1m data - empty result
2026-03-24 11:13:27,666 - WARNING - Failed to fetch 1m data - empty result
2026-03-24 11:13:27,789 - WARNING - Failed to fetch 1m data - empty result
2026-03-24 11:13:27,790 - ERROR - Failed to fetch 1m data after 3 attempts
2026-03-24 11:13:59,352 - WARNING - Failed to fetch 15m data - empty result
2026-03-24 11:13:59,458 - WARNING - Failed to fetch 15m data - empty result
2026-03-24 11:13:59,564 - WARNING - Failed to fetch 15m data - empty result
2026-03-24 11:13:59,564 - ERROR - Failed to fetch 15m data after 3 attempts
2026-03-24 11:14:24,815 - INFO - Fetching 1m equity data (attempt 1/3)...
2026-03-24 11:14:24,931 - ERROR - Error fetching 1m equity data (attempt 1): 'NoneType' object has no attribute 'dropna'
2026-03-24 11:14:29,947 - INFO - Fetching 1m equity data (attempt 2/3)...
2026-03-24 11:14:30,050 - ERROR - Error fetching 1m equity data (attempt 2): 'NoneType' object has no attribute 'dropna'
2026-03-24 11:14:40,071 - INFO - Fetching 1m equity data (attempt 3/3)...
2026-03-24 11:14:40,185 - ERROR - Error fetching 1m equity data (attempt 3): 'NoneType' object has no attribute 'dropna'
2026-03-24 11:14:40,205 - ERROR - Failed to fetch 1m equity data after 3 attempts
2026-03-24 11:14:41,216 - INFO - Running Donchian AO trading strategy...
2026-03-24 11:14:41,387 - INFO - Using delta limit : 40 for today..
2026-03-24 11:14:42,989 - INFO - 2:2 Ratio detected: Selling CE first then PE
2026-03-24 11:14:42,989 - INFO - Selected CE_FIRST: First Leg : NIFTY2632422850CE (LTP: 47.75, Delta: 32.17998446141102)
2026-03-24 11:14:42,995 - INFO - Selected CE_FIRST: Second leg: NIFTY2632422600PE (LTP: 40.075, Delta: -27.242427672879632)
2026-03-24 11:14:42,995 - INFO - NO TRADE: No suitable option pair found.
2026-03-24 11:14:43,000 - INFO - Running paper trading cycle...
2026-03-24 11:14:43,002 - INFO -  Managing existing positions
2026-03-24 11:14:43,002 - INFO - ----- Position management cycle started at 11:14:43 -----
2026-03-24 11:14:43,307 - INFO - [DEBUG] options_data type: <class 'list'>, length: 25
2026-03-24 11:14:43,572 - INFO - CURRENT NET P&L: 10.850000000000023 points
2026-03-24 11:14:43,574 - WARNING - Skipping position management - stale/no price data
2026-03-24 11:14:43,574 - INFO -  Position Status - P&L: Rs10.85, Adjustments: 0
2026-03-24 11:14:43,574 - INFO - Running SMA paper trading cycle...
2026-03-24 11:14:43,640 - INFO - Running Equity paper trading cycle...
2026-03-24 11:14:43,640 - INFO - Managing existing Equity positions
2026-03-24 11:14:43,642 - INFO - ----- Position management cycle started at 11:14:43 -----
2026-03-24 11:14:43,654 - INFO - [CYCLE SUMMARY] INFY | Price: 1269.00 | Entry: 1263.50 | Stop: 1264.70 | P&L: 0.17 (0.44%) | Status: PROFIT | Risk: HIGH RISK
2026-03-24 11:14:43,656 - INFO - [DETAILED STATUS] Distance to Stop: 4.30 (0.34%) | Distance from Entry: 5.50 (0.44%) | Quantity: 0.03125 | AO Risk Applied: True
2026-03-24 11:14:43,658 - INFO - [PARTIAL EXIT INFO] 50% Exited at: 1265.00 | Partial P&L: 0.05 | Remaining Qty: 0.03125
2026-03-24 11:14:43,670 - WARNING - STOP LOSS PROXIMITY: Price 1269.00 is 0.34% above stop 1264.70
2026-03-24 11:14:43,690 - DEBUG - Stop loss unchanged: 1264.70 (new: 1264.50)
2026-03-24 11:14:43,703 - INFO - Equity Position Status - P&L: Rs0.17
2026-03-24 11:14:43,703 - INFO - Running Nifty Options paper trading cycle...
2026-03-24 11:14:43,724 - INFO - Nifty Position Status - Lot1: CLOSED, Lot2: OPEN
2026-03-24 11:14:43,724 - INFO - Starting high-accuracy delta calculation...
2026-03-24 11:14:44,216 - WARNING - High-accuracy delta calculation failed
2026-03-24 11:14:44,332 - WARNING - Failed to fetch 1m data - empty result
2026-03-24 11:14:44,434 - WARNING - Failed to fetch 1m data - empty result
2026-03-24 11:14:44,532 - WARNING - Failed to fetch 1m data - empty result
2026-03-24 11:14:44,532 - ERROR - Failed to fetch 1m data after 3 attempts
2026-03-24 11:15:00,917 - WARNING - Failed to fetch 1h data - empty result
2026-03-24 11:15:01,052 - WARNING - Failed to fetch 1h data - empty result
2026-03-24 11:15:01,152 - WARNING - Failed to fetch 1h data - empty result
2026-03-24 11:15:01,152 - ERROR - Failed to fetch 1h data after 3 attempts
2026-03-24 11:15:40,585 - INFO - Fetching 1m equity data (attempt 1/3)...
2026-03-24 11:15:40,746 - ERROR - Error fetching 1m equity data (attempt 1): 'NoneType' object has no attribute 'dropna'
2026-03-24 11:15:45,751 - INFO - Fetching 1m equity data (attempt 2/3)...
2026-03-24 11:15:45,867 - ERROR - Error fetching 1m equity data (attempt 2): 'NoneType' object has no attribute 'dropna'
2026-03-24 11:15:55,885 - INFO - Fetching 1m equity data (attempt 3/3)...
2026-03-24 11:15:56,020 - ERROR - Error fetching 1m equity data (attempt 3): 'NoneType' object has no attribute 'dropna'
2026-03-24 11:15:56,020 - ERROR - Failed to fetch 1m equity data after 3 attempts
2026-03-24 11:15:56,020 - INFO - Fetching 15m equity data (attempt 1/3)...
2026-03-24 11:15:56,133 - ERROR - Error fetching 15m equity data (attempt 1): 'NoneType' object has no attribute 'dropna'
2026-03-24 11:16:01,158 - INFO - Fetching 15m equity data (attempt 2/3)...
2026-03-24 11:16:01,268 - ERROR - Error fetching 15m equity data (attempt 2): 'NoneType' object has no attribute 'dropna'
2026-03-24 11:16:11,284 - INFO - Fetching 15m equity data (attempt 3/3)...
2026-03-24 11:16:11,388 - ERROR - Error fetching 15m equity data (attempt 3): 'NoneType' object has no attribute 'dropna'
2026-03-24 11:16:11,388 - ERROR - Failed to fetch 15m equity data after 3 attempts
2026-03-24 11:16:12,399 - INFO - Running Donchian AO trading strategy...
2026-03-24 11:16:12,560 - INFO - Using delta limit : 40 for today..
2026-03-24 11:16:13,250 - INFO - 2:2 Ratio detected: Selling CE first then PE
2026-03-24 11:16:13,250 - INFO - Selected CE_FIRST: First Leg : NIFTY2632422850CE (LTP: 47.75, Delta: 32.17998446141102)
2026-03-24 11:16:13,250 - INFO - Selected CE_FIRST: Second leg: NIFTY2632422600PE (LTP: 40.075, Delta: -27.242427672879632)
2026-03-24 11:16:13,269 - INFO - NO TRADE: No suitable option pair found.
2026-03-24 11:16:13,269 - INFO - Running paper trading cycle...
2026-03-24 11:16:13,271 - INFO -  Managing existing positions
2026-03-24 11:16:13,271 - INFO - ----- Position management cycle started at 11:16:13 -----
2026-03-24 11:16:13,494 - INFO - [DEBUG] options_data type: <class 'list'>, length: 25
2026-03-24 11:16:13,755 - INFO - CURRENT NET P&L: 10.850000000000023 points
2026-03-24 11:16:13,755 - WARNING - Skipping position management - stale/no price data
2026-03-24 11:16:13,761 - INFO -  Position Status - P&L: Rs10.85, Adjustments: 0
2026-03-24 11:16:13,761 - INFO - Running SMA paper trading cycle...
2026-03-24 11:16:13,813 - INFO - Running Equity paper trading cycle...
2026-03-24 11:16:13,815 - INFO - Managing existing Equity positions
2026-03-24 11:16:13,818 - INFO - ----- Position management cycle started at 11:16:13 -----
2026-03-24 11:16:13,818 - INFO - [CYCLE SUMMARY] INFY | Price: 1269.00 | Entry: 1263.50 | Stop: 1264.70 | P&L: 0.17 (0.44%) | Status: PROFIT | Risk: HIGH RISK
2026-03-24 11:16:13,818 - INFO - [DETAILED STATUS] Distance to Stop: 4.30 (0.34%) | Distance from Entry: 5.50 (0.44%) | Quantity: 0.03125 | AO Risk Applied: True
2026-03-24 11:16:13,818 - INFO - [PARTIAL EXIT INFO] 50% Exited at: 1265.00 | Partial P&L: 0.05 | Remaining Qty: 0.03125
2026-03-24 11:16:13,836 - WARNING - STOP LOSS PROXIMITY: Price 1269.00 is 0.34% above stop 1264.70
2026-03-24 11:16:13,838 - DEBUG - Stop loss unchanged: 1264.70 (new: 1264.50)
2026-03-24 11:16:13,851 - INFO - Equity Position Status - P&L: Rs0.17
2026-03-24 11:16:13,851 - INFO - Running Nifty Options paper trading cycle...
2026-03-24 11:16:13,867 - INFO - Nifty Position Status - Lot1: CLOSED, Lot2: OPEN
2026-03-24 11:16:13,867 - INFO - Starting high-accuracy delta calculation...
2026-03-24 11:16:14,308 - WARNING - High-accuracy delta calculation failed
2026-03-24 11:16:15,568 - WARNING - Failed to fetch 1m data - empty result
2026-03-24 11:16:15,680 - WARNING - Failed to fetch 1m data - empty result
2026-03-24 11:16:15,790 - WARNING - Failed to fetch 1m data - empty result
2026-03-24 11:16:15,794 - ERROR - Failed to fetch 1m data after 3 attempts
2026-03-24 11:16:56,288 - INFO - Fetching 1m equity data (attempt 1/3)...
2026-03-24 11:16:56,421 - ERROR - Error fetching 1m equity data (attempt 1): 'NoneType' object has no attribute 'dropna'
2026-03-24 11:17:01,435 - INFO - Fetching 1m equity data (attempt 2/3)...
2026-03-24 11:17:01,535 - ERROR - Error fetching 1m equity data (attempt 2): 'NoneType' object has no attribute 'dropna'
2026-03-24 11:17:11,551 - INFO - Fetching 1m equity data (attempt 3/3)...
2026-03-24 11:17:11,754 - ERROR - Error fetching 1m equity data (attempt 3): 'NoneType' object has no attribute 'dropna'
2026-03-24 11:17:11,754 - ERROR - Failed to fetch 1m equity data after 3 attempts
2026-03-24 11:17:12,769 - INFO - Starting separate VIX calculation...
2026-03-24 11:17:13,193 - WARNING - Separate VIX calculation failed
2026-03-24 11:17:13,294 - WARNING - Failed to fetch 5m data - empty result
2026-03-24 11:17:13,385 - WARNING - Failed to fetch 5m data - empty result
2026-03-24 11:17:13,508 - WARNING - Failed to fetch 5m data - empty result
2026-03-24 11:17:13,508 - ERROR - Failed to fetch 5m data after 3 attempts
2026-03-24 11:17:14,521 - INFO - Running Donchian AO trading strategy...
2026-03-24 11:17:14,652 - INFO - Using delta limit : 40 for today..
2026-03-24 11:17:15,299 - INFO - 2:2 Ratio detected: Selling CE first then PE
2026-03-24 11:17:15,300 - INFO - Selected CE_FIRST: First Leg : NIFTY2632422850CE (LTP: 47.75, Delta: 32.17998446141102)
2026-03-24 11:17:15,302 - INFO - Selected CE_FIRST: Second leg: NIFTY2632422600PE (LTP: 40.075, Delta: -27.242427672879632)
2026-03-24 11:17:15,302 - INFO - NO TRADE: No suitable option pair found.
2026-03-24 11:17:15,302 - INFO - Running paper trading cycle...
2026-03-24 11:17:15,302 - INFO -  Managing existing positions
2026-03-24 11:17:15,302 - INFO - ----- Position management cycle started at 11:17:15 -----
2026-03-24 11:17:15,478 - INFO - [DEBUG] options_data type: <class 'list'>, length: 25
2026-03-24 11:17:15,687 - INFO - CURRENT NET P&L: 10.850000000000023 points
2026-03-24 11:17:15,689 - WARNING - Skipping position management - stale/no price data
2026-03-24 11:17:15,689 - INFO -  Position Status - P&L: Rs10.85, Adjustments: 0
2026-03-24 11:17:15,689 - INFO - Running SMA paper trading cycle...
2026-03-24 11:17:15,735 - INFO - Running Equity paper trading cycle...
2026-03-24 11:17:15,735 - INFO - Managing existing Equity positions
2026-03-24 11:17:15,735 - INFO - ----- Position management cycle started at 11:17:15 -----
2026-03-24 11:17:15,735 - INFO - [CYCLE SUMMARY] INFY | Price: 1269.00 | Entry: 1263.50 | Stop: 1264.70 | P&L: 0.17 (0.44%) | Status: PROFIT | Risk: HIGH RISK
2026-03-24 11:17:15,735 - INFO - [DETAILED STATUS] Distance to Stop: 4.30 (0.34%) | Distance from Entry: 5.50 (0.44%) | Quantity: 0.03125 | AO Risk Applied: True
2026-03-24 11:17:15,752 - INFO - [PARTIAL EXIT INFO] 50% Exited at: 1265.00 | Partial P&L: 0.05 | Remaining Qty: 0.03125
2026-03-24 11:17:15,757 - WARNING - STOP LOSS PROXIMITY: Price 1269.00 is 0.34% above stop 1264.70
2026-03-24 11:17:15,769 - DEBUG - Stop loss unchanged: 1264.70 (new: 1264.50)
2026-03-24 11:17:15,786 - INFO - Equity Position Status - P&L: Rs0.17
2026-03-24 11:17:15,787 - INFO - Running Nifty Options paper trading cycle...
2026-03-24 11:17:15,805 - INFO - Nifty Position Status - Lot1: CLOSED, Lot2: OPEN
2026-03-24 11:17:15,806 - INFO - Starting high-accuracy delta calculation...
2026-03-24 11:17:16,253 - WARNING - High-accuracy delta calculation failed
2026-03-24 11:17:17,439 - WARNING - Failed to fetch 1m data - empty result
2026-03-24 11:17:17,592 - WARNING - Failed to fetch 1m data - empty result
2026-03-24 11:17:17,730 - WARNING - Failed to fetch 1m data - empty result
2026-03-24 11:17:17,730 - ERROR - Failed to fetch 1m data after 3 attempts
2026-03-24 11:18:08,336 - INFO - Fetching 5m equity data (attempt 1/3)...
2026-03-24 11:18:08,435 - ERROR - Error fetching 5m equity data (attempt 1): 'NoneType' object has no attribute 'dropna'
2026-03-24 11:18:13,450 - INFO - Fetching 5m equity data (attempt 2/3)...
2026-03-24 11:18:13,586 - ERROR - Error fetching 5m equity data (attempt 2): 'NoneType' object has no attribute 'dropna'
2026-03-24 11:18:23,604 - INFO - Fetching 5m equity data (attempt 3/3)...
2026-03-24 11:18:23,737 - ERROR - Error fetching 5m equity data (attempt 3): 'NoneType' object has no attribute 'dropna'
2026-03-24 11:18:23,737 - ERROR - Failed to fetch 5m equity data after 3 attempts
2026-03-24 11:18:24,764 - INFO - Fetching 1m equity data (attempt 1/3)...
2026-03-24 11:18:24,854 - ERROR - Error fetching 1m equity data (attempt 1): 'NoneType' object has no attribute 'dropna'
2026-03-24 11:18:29,870 - INFO - Fetching 1m equity data (attempt 2/3)...
2026-03-24 11:18:29,988 - ERROR - Error fetching 1m equity data (attempt 2): 'NoneType' object has no attribute 'dropna'
2026-03-24 11:18:40,003 - INFO - Fetching 1m equity data (attempt 3/3)...
2026-03-24 11:18:40,107 - ERROR - Error fetching 1m equity data (attempt 3): 'NoneType' object has no attribute 'dropna'
2026-03-24 11:18:40,107 - ERROR - Failed to fetch 1m equity data after 3 attempts
2026-03-24 11:18:40,107 - INFO - Running Donchian AO trading strategy...
2026-03-24 11:18:40,252 - INFO - Using delta limit : 40 for today..
2026-03-24 11:18:40,926 - INFO - 2:2 Ratio detected: Selling CE first then PE
2026-03-24 11:18:40,926 - INFO - Selected CE_FIRST: First Leg : NIFTY2632422850CE (LTP: 47.75, Delta: 32.17998446141102)
2026-03-24 11:18:40,926 - INFO - Selected CE_FIRST: Second leg: NIFTY2632422600PE (LTP: 40.075, Delta: -27.242427672879632)
2026-03-24 11:18:40,926 - INFO - NO TRADE: No suitable option pair found.
2026-03-24 11:18:40,926 - INFO - Running paper trading cycle...
2026-03-24 11:18:40,926 - INFO -  Managing existing positions
2026-03-24 11:18:40,926 - INFO - ----- Position management cycle started at 11:18:40 -----
2026-03-24 11:18:41,267 - INFO - [DEBUG] options_data type: <class 'list'>, length: 25
2026-03-24 11:18:41,486 - INFO - CURRENT NET P&L: 10.850000000000023 points
2026-03-24 11:18:41,505 - WARNING - Skipping position management - stale/no price data
2026-03-24 11:18:41,505 - INFO -  Position Status - P&L: Rs10.85, Adjustments: 0
2026-03-24 11:18:41,505 - INFO - Running SMA paper trading cycle...
2026-03-24 11:18:41,553 - INFO - Running Equity paper trading cycle...
2026-03-24 11:18:41,553 - INFO - Managing existing Equity positions
2026-03-24 11:18:41,553 - INFO - ----- Position management cycle started at 11:18:41 -----
2026-03-24 11:18:41,553 - INFO - [CYCLE SUMMARY] INFY | Price: 1269.00 | Entry: 1263.50 | Stop: 1264.70 | P&L: 0.17 (0.44%) | Status: PROFIT | Risk: HIGH RISK
2026-03-24 11:18:41,565 - INFO - [DETAILED STATUS] Distance to Stop: 4.30 (0.34%) | Distance from Entry: 5.50 (0.44%) | Quantity: 0.03125 | AO Risk Applied: True
2026-03-24 11:18:41,565 - INFO - [PARTIAL EXIT INFO] 50% Exited at: 1265.00 | Partial P&L: 0.05 | Remaining Qty: 0.03125
2026-03-24 11:18:41,572 - WARNING - STOP LOSS PROXIMITY: Price 1269.00 is 0.34% above stop 1264.70
2026-03-24 11:18:41,587 - DEBUG - Stop loss unchanged: 1264.70 (new: 1264.50)
2026-03-24 11:18:41,592 - INFO - Equity Position Status - P&L: Rs0.17
2026-03-24 11:18:41,592 - INFO - Running Nifty Options paper trading cycle...
2026-03-24 11:18:41,608 - INFO - Nifty Position Status - Lot1: CLOSED, Lot2: OPEN
2026-03-24 11:18:41,608 - INFO - Starting high-accuracy delta calculation...
2026-03-24 11:18:42,088 - WARNING - High-accuracy delta calculation failed
2026-03-24 11:18:42,193 - WARNING - Failed to fetch 1m data - empty result
2026-03-24 11:18:42,296 - WARNING - Failed to fetch 1m data - empty result
2026-03-24 11:18:42,403 - WARNING - Failed to fetch 1m data - empty result
2026-03-24 11:18:42,403 - ERROR - Failed to fetch 1m data after 3 attempts
2026-03-24 11:19:40,140 - INFO - Fetching 1m equity data (attempt 1/3)...
2026-03-24 11:19:40,301 - ERROR - Error fetching 1m equity data (attempt 1): 'NoneType' object has no attribute 'dropna'
2026-03-24 11:19:45,320 - INFO - Fetching 1m equity data (attempt 2/3)...
2026-03-24 11:19:45,471 - ERROR - Error fetching 1m equity data (attempt 2): 'NoneType' object has no attribute 'dropna'
2026-03-24 11:19:55,491 - INFO - Fetching 1m equity data (attempt 3/3)...
2026-03-24 11:19:55,629 - ERROR - Error fetching 1m equity data (attempt 3): 'NoneType' object has no attribute 'dropna'
2026-03-24 11:19:55,629 - ERROR - Failed to fetch 1m equity data after 3 attempts
2026-03-24 11:19:56,639 - INFO - Running Donchian AO trading strategy...
2026-03-24 11:19:56,765 - INFO - Using delta limit : 40 for today..
2026-03-24 11:19:57,544 - INFO - 2:2 Ratio detected: Selling CE first then PE
2026-03-24 11:19:57,546 - INFO - Selected CE_FIRST: First Leg : NIFTY2632422850CE (LTP: 47.75, Delta: 32.17998446141102)
2026-03-24 11:19:57,547 - INFO - Selected CE_FIRST: Second leg: NIFTY2632422600PE (LTP: 40.075, Delta: -27.242427672879632)
2026-03-24 11:19:57,549 - INFO - NO TRADE: No suitable option pair found.
2026-03-24 11:19:57,550 - INFO - Running paper trading cycle...
2026-03-24 11:19:57,550 - INFO -  Managing existing positions
2026-03-24 11:19:57,552 - INFO - ----- Position management cycle started at 11:19:57 -----
2026-03-24 11:19:57,849 - INFO - [DEBUG] options_data type: <class 'list'>, length: 25
2026-03-24 11:19:58,105 - INFO - CURRENT NET P&L: 10.850000000000023 points
2026-03-24 11:19:58,105 - WARNING - Skipping position management - stale/no price data
2026-03-24 11:19:58,105 - INFO -  Position Status - P&L: Rs10.85, Adjustments: 0
2026-03-24 11:19:58,105 - INFO - Running SMA paper trading cycle...
2026-03-24 11:19:58,173 - INFO - Running Equity paper trading cycle...
2026-03-24 11:19:58,175 - INFO - Managing existing Equity positions
2026-03-24 11:19:58,175 - INFO - ----- Position management cycle started at 11:19:58 -----
2026-03-24 11:19:58,183 - INFO - [CYCLE SUMMARY] INFY | Price: 1269.00 | Entry: 1263.50 | Stop: 1264.70 | P&L: 0.17 (0.44%) | Status: PROFIT | Risk: HIGH RISK
2026-03-24 11:19:58,186 - INFO - [DETAILED STATUS] Distance to Stop: 4.30 (0.34%) | Distance from Entry: 5.50 (0.44%) | Quantity: 0.03125 | AO Risk Applied: True
2026-03-24 11:19:58,189 - INFO - [PARTIAL EXIT INFO] 50% Exited at: 1265.00 | Partial P&L: 0.05 | Remaining Qty: 0.03125
2026-03-24 11:19:58,194 - WARNING - STOP LOSS PROXIMITY: Price 1269.00 is 0.34% above stop 1264.70
2026-03-24 11:19:58,214 - DEBUG - Stop loss unchanged: 1264.70 (new: 1264.50)
2026-03-24 11:19:58,219 - INFO - Equity Position Status - P&L: Rs0.17
2026-03-24 11:19:58,222 - INFO - Running Nifty Options paper trading cycle...
2026-03-24 11:19:58,237 - INFO - Nifty Position Status - Lot1: CLOSED, Lot2: OPEN
2026-03-24 11:19:58,237 - INFO - Starting high-accuracy delta calculation...
2026-03-24 11:19:58,757 - WARNING - High-accuracy delta calculation failed
2026-03-24 11:19:58,894 - WARNING - Failed to fetch 1m data - empty result
2026-03-24 11:19:58,989 - WARNING - Failed to fetch 1m data - empty result
2026-03-24 11:19:59,088 - WARNING - Failed to fetch 1m data - empty result
2026-03-24 11:19:59,088 - ERROR - Failed to fetch 1m data after 3 attempts
2026-03-24 11:20:55,725 - INFO - Fetching 1m equity data (attempt 1/3)...
2026-03-24 11:20:55,886 - ERROR - Error fetching 1m equity data (attempt 1): 'NoneType' object has no attribute 'dropna'
2026-03-24 11:21:00,890 - INFO - Fetching 1m equity data (attempt 2/3)...
2026-03-24 11:21:01,050 - ERROR - Error fetching 1m equity data (attempt 2): 'NoneType' object has no attribute 'dropna'
2026-03-24 11:21:11,056 - INFO - Fetching 1m equity data (attempt 3/3)...
2026-03-24 11:21:11,207 - ERROR - Error fetching 1m equity data (attempt 3): 'NoneType' object has no attribute 'dropna'
2026-03-24 11:21:11,207 - ERROR - Failed to fetch 1m equity data after 3 attempts
2026-03-24 11:21:12,222 - INFO - Running Donchian AO trading strategy...
2026-03-24 11:21:12,331 - INFO - Using delta limit : 40 for today..
2026-03-24 11:21:13,063 - INFO - 2:2 Ratio detected: Selling CE first then PE
2026-03-24 11:21:13,063 - INFO - Selected CE_FIRST: First Leg : NIFTY2632422850CE (LTP: 47.75, Delta: 32.17998446141102)
2026-03-24 11:21:13,063 - INFO - Selected CE_FIRST: Second leg: NIFTY2632422600PE (LTP: 40.075, Delta: -27.242427672879632)
2026-03-24 11:21:13,063 - INFO - NO TRADE: No suitable option pair found.
2026-03-24 11:21:13,063 - INFO - Running paper trading cycle...
2026-03-24 11:21:13,063 - INFO -  Managing existing positions
2026-03-24 11:21:13,063 - INFO - ----- Position management cycle started at 11:21:13 -----
2026-03-24 11:21:13,326 - INFO - [DEBUG] options_data type: <class 'list'>, length: 25
2026-03-24 11:21:13,561 - INFO - CURRENT NET P&L: 10.850000000000023 points
2026-03-24 11:21:13,563 - WARNING - Skipping position management - stale/no price data
2026-03-24 11:21:13,565 - INFO -  Position Status - P&L: Rs10.85, Adjustments: 0
2026-03-24 11:21:13,565 - INFO - Running SMA paper trading cycle...
2026-03-24 11:21:13,614 - INFO - Running Equity paper trading cycle...
2026-03-24 11:21:13,614 - INFO - Managing existing Equity positions
2026-03-24 11:21:13,614 - INFO - ----- Position management cycle started at 11:21:13 -----
2026-03-24 11:21:13,623 - INFO - [CYCLE SUMMARY] INFY | Price: 1269.00 | Entry: 1263.50 | Stop: 1264.70 | P&L: 0.17 (0.44%) | Status: PROFIT | Risk: HIGH RISK
2026-03-24 11:21:13,627 - INFO - [DETAILED STATUS] Distance to Stop: 4.30 (0.34%) | Distance from Entry: 5.50 (0.44%) | Quantity: 0.03125 | AO Risk Applied: True
2026-03-24 11:21:13,629 - INFO - [PARTIAL EXIT INFO] 50% Exited at: 1265.00 | Partial P&L: 0.05 | Remaining Qty: 0.03125
2026-03-24 11:21:13,633 - WARNING - STOP LOSS PROXIMITY: Price 1269.00 is 0.34% above stop 1264.70
2026-03-24 11:21:13,640 - DEBUG - Stop loss unchanged: 1264.70 (new: 1264.50)
2026-03-24 11:21:13,659 - INFO - Equity Position Status - P&L: Rs0.17
2026-03-24 11:21:13,660 - INFO - Running Nifty Options paper trading cycle...
2026-03-24 11:21:13,675 - INFO - Nifty Position Status - Lot1: CLOSED, Lot2: OPEN
2026-03-24 11:21:13,675 - INFO - Starting high-accuracy delta calculation...
2026-03-24 11:21:14,106 - WARNING - High-accuracy delta calculation failed
2026-03-24 11:21:14,208 - WARNING - Failed to fetch 1m data - empty result
2026-03-24 11:21:14,340 - WARNING - Failed to fetch 1m data - empty result
2026-03-24 11:21:14,457 - WARNING - Failed to fetch 1m data - empty result
2026-03-24 11:21:14,459 - ERROR - Failed to fetch 1m data after 3 attempts
2026-03-24 11:22:11,339 - INFO - Fetching 1m equity data (attempt 1/3)...
2026-03-24 11:22:11,475 - ERROR - Error fetching 1m equity data (attempt 1): 'NoneType' object has no attribute 'dropna'
2026-03-24 11:22:16,488 - INFO - Fetching 1m equity data (attempt 2/3)...
2026-03-24 11:22:16,610 - ERROR - Error fetching 1m equity data (attempt 2): 'NoneType' object has no attribute 'dropna'
2026-03-24 11:22:26,625 - INFO - Fetching 1m equity data (attempt 3/3)...
2026-03-24 11:22:26,792 - ERROR - Error fetching 1m equity data (attempt 3): 'NoneType' object has no attribute 'dropna'
2026-03-24 11:22:26,794 - ERROR - Failed to fetch 1m equity data after 3 attempts
2026-03-24 11:22:27,804 - INFO - Running Donchian AO trading strategy...
2026-03-24 11:22:27,943 - INFO - Using delta limit : 40 for today..
2026-03-24 11:22:28,709 - INFO - 2:2 Ratio detected: Selling CE first then PE
2026-03-24 11:22:28,709 - INFO - Selected CE_FIRST: First Leg : NIFTY2632422850CE (LTP: 47.75, Delta: 32.17998446141102)
2026-03-24 11:22:28,709 - INFO - Selected CE_FIRST: Second leg: NIFTY2632422600PE (LTP: 40.075, Delta: -27.242427672879632)
2026-03-24 11:22:28,709 - INFO - NO TRADE: No suitable option pair found.
2026-03-24 11:22:28,709 - INFO - Starting separate VIX calculation...
2026-03-24 11:22:29,208 - WARNING - Separate VIX calculation failed
2026-03-24 11:22:29,320 - WARNING - Failed to fetch 5m data - empty result
2026-03-24 11:22:29,436 - WARNING - Failed to fetch 5m data - empty result
2026-03-24 11:22:29,541 - WARNING - Failed to fetch 5m data - empty result
2026-03-24 11:22:29,541 - ERROR - Failed to fetch 5m data after 3 attempts
2026-03-24 11:22:29,541 - INFO - Running paper trading cycle...
2026-03-24 11:22:29,541 - INFO -  Managing existing positions
2026-03-24 11:22:29,541 - INFO - ----- Position management cycle started at 11:22:29 -----
2026-03-24 11:22:29,784 - INFO - [DEBUG] options_data type: <class 'list'>, length: 25
2026-03-24 11:22:30,094 - INFO - CURRENT NET P&L: 10.850000000000023 points
2026-03-24 11:22:30,094 - WARNING - Skipping position management - stale/no price data
2026-03-24 11:22:30,096 - INFO -  Position Status - P&L: Rs10.85, Adjustments: 0
2026-03-24 11:22:30,097 - INFO - Running SMA paper trading cycle...
2026-03-24 11:22:30,140 - INFO - Running Equity paper trading cycle...
2026-03-24 11:22:30,140 - INFO - Managing existing Equity positions
2026-03-24 11:22:30,146 - INFO - ----- Position management cycle started at 11:22:30 -----
2026-03-24 11:22:30,146 - INFO - [CYCLE SUMMARY] INFY | Price: 1269.00 | Entry: 1263.50 | Stop: 1264.70 | P&L: 0.17 (0.44%) | Status: PROFIT | Risk: HIGH RISK
2026-03-24 11:22:30,146 - INFO - [DETAILED STATUS] Distance to Stop: 4.30 (0.34%) | Distance from Entry: 5.50 (0.44%) | Quantity: 0.03125 | AO Risk Applied: True
2026-03-24 11:22:30,146 - INFO - [PARTIAL EXIT INFO] 50% Exited at: 1265.00 | Partial P&L: 0.05 | Remaining Qty: 0.03125
2026-03-24 11:22:30,164 - WARNING - STOP LOSS PROXIMITY: Price 1269.00 is 0.34% above stop 1264.70
2026-03-24 11:22:30,183 - DEBUG - Stop loss unchanged: 1264.70 (new: 1264.50)
2026-03-24 11:22:30,191 - INFO - Equity Position Status - P&L: Rs0.17
2026-03-24 11:22:30,191 - INFO - Running Nifty Options paper trading cycle...
2026-03-24 11:22:30,195 - INFO - Nifty Position Status - Lot1: CLOSED, Lot2: OPEN
2026-03-24 11:22:30,195 - INFO - Starting high-accuracy delta calculation...
2026-03-24 11:22:30,682 - WARNING - High-accuracy delta calculation failed
2026-03-24 11:22:30,793 - WARNING - Failed to fetch 1m data - empty result
2026-03-24 11:22:30,896 - WARNING - Failed to fetch 1m data - empty result
2026-03-24 11:22:31,049 - WARNING - Failed to fetch 1m data - empty result
2026-03-24 11:22:31,049 - ERROR - Failed to fetch 1m data after 3 attempts
2026-03-24 11:23:24,708 - INFO - Fetching 5m equity data (attempt 1/3)...
2026-03-24 11:23:24,877 - ERROR - Error fetching 5m equity data (attempt 1): 'NoneType' object has no attribute 'dropna'
2026-03-24 11:23:29,892 - INFO - Fetching 5m equity data (attempt 2/3)...
2026-03-24 11:23:31,432 - INFO - Successfully fetched 193 rows of 5m equity data
2026-03-24 11:23:32,455 - INFO - Fetching 1m equity data (attempt 1/3)...
2026-03-24 11:23:37,810 - INFO - Successfully fetched 1092 rows of 1m equity data
2026-03-24 11:23:37,810 - INFO - Running Donchian AO trading strategy...
2026-03-24 11:23:37,976 - INFO - Using delta limit : 40 for today..
2026-03-24 11:23:38,676 - INFO - 2:2 Ratio detected: Selling CE first then PE
2026-03-24 11:23:38,679 - INFO - Selected CE_FIRST: First Leg : NIFTY2632422850CE (LTP: 47.75, Delta: 32.17998446141102)
2026-03-24 11:23:38,680 - INFO - Selected CE_FIRST: Second leg: NIFTY2632422600PE (LTP: 40.075, Delta: -27.242427672879632)
2026-03-24 11:23:38,682 - INFO - NO TRADE: No suitable option pair found.
2026-03-24 11:23:38,684 - INFO - Running paper trading cycle...
2026-03-24 11:23:38,684 - INFO -  Managing existing positions
2026-03-24 11:23:38,685 - INFO - ----- Position management cycle started at 11:23:38 -----
2026-03-24 11:23:38,925 - INFO - [DEBUG] options_data type: <class 'list'>, length: 25
2026-03-24 11:23:39,169 - INFO - CURRENT NET P&L: 10.850000000000023 points
2026-03-24 11:23:39,171 - WARNING - Skipping position management - stale/no price data
2026-03-24 11:23:39,173 - INFO -  Position Status - P&L: Rs10.85, Adjustments: 0
2026-03-24 11:23:39,173 - INFO - Running SMA paper trading cycle...
2026-03-24 11:23:39,225 - INFO - Running Equity paper trading cycle...
2026-03-24 11:23:39,225 - INFO - Managing existing Equity positions
2026-03-24 11:23:39,225 - INFO - ----- Position management cycle started at 11:23:39 -----
2026-03-24 11:23:39,236 - INFO - [CYCLE SUMMARY] INFY | Price: 1281.60 | Entry: 1263.50 | Stop: 1264.70 | P&L: 0.57 (1.43%) | Status: PROFIT | Risk: HIGH RISK
2026-03-24 11:23:39,247 - INFO - [DETAILED STATUS] Distance to Stop: 16.90 (1.32%) | Distance from Entry: 18.10 (1.43%) | Quantity: 0.03125 | AO Risk Applied: True
2026-03-24 11:23:39,249 - INFO - [PARTIAL EXIT INFO] 50% Exited at: 1265.00 | Partial P&L: 0.05 | Remaining Qty: 0.03125
2026-03-24 11:23:39,255 - INFO - STOP LOSS WARNING: Price 1281.60 is 1.32% above stop 1264.70
2026-03-24 11:23:39,277 - INFO - STOP LOSS UPDATED:
2026-03-24 11:23:39,278 - INFO -   Old Stop: 1264.70
2026-03-24 11:23:39,279 - INFO -   New Stop: 1275.60
2026-03-24 11:23:39,280 - INFO -   Improvement: +10.90 (+0.86%)
2026-03-24 11:23:39,280 - INFO -   New Distance to Stop: 6.00 (0.47%)
2026-03-24 11:23:39,297 - DEBUG - Position saved to active_equity_position.json
2026-03-24 11:23:39,302 - INFO - Equity Position Status - P&L: Rs0.57
2026-03-24 11:23:39,303 - INFO - Running Nifty Options paper trading cycle...
2026-03-24 11:23:39,312 - INFO - Nifty Position Status - Lot1: CLOSED, Lot2: OPEN
2026-03-24 11:23:39,312 - INFO - Starting high-accuracy delta calculation...
2026-03-24 11:24:01,014 - INFO - High-accuracy delta calculated: Spot=22722.15, Strikes=[22200, 22250, 22300, 22350, 22400, 22450, 22500, 22550, 22600, 22650, 22700, 22750, 22800, 22850, 22900, 22950, 23000, 23050, 23100, 23150, 23200]
2026-03-24 11:24:09,509 - INFO - Successfully fetched 1221 rows of 1m data
2026-03-24 11:24:09,509 - INFO - Stored 1m market data successfully
2026-03-24 11:24:37,862 - INFO - Fetching 1m equity data (attempt 1/3)...
2026-03-24 11:24:38,011 - ERROR - Error fetching 1m equity data (attempt 1): 'NoneType' object has no attribute 'dropna'
2026-03-24 11:24:43,029 - INFO - Fetching 1m equity data (attempt 2/3)...
2026-03-24 11:24:47,610 - INFO - Successfully fetched 1092 rows of 1m equity data
2026-03-24 11:24:48,636 - INFO - Running Donchian AO trading strategy...
2026-03-24 11:24:48,804 - INFO - Using delta limit : 40 for today..
2026-03-24 11:24:49,584 - INFO - 2:2 Ratio detected: Selling CE first then PE
2026-03-24 11:24:49,588 - INFO - Selected CE_FIRST: First Leg : NIFTY2632422800CE (LTP: 47.45, Delta: 35.20404872394534)
2026-03-24 11:24:49,588 - INFO - Selected CE_FIRST: Second leg: NIFTY2632422600PE (LTP: 37.7, Delta: -28.15907302837186)
2026-03-24 11:24:49,599 - INFO - NO TRADE: No suitable option pair found.
2026-03-24 11:24:49,599 - INFO - Running paper trading cycle...
2026-03-24 11:24:49,601 - INFO -  Managing existing positions
2026-03-24 11:24:49,605 - INFO - ----- Position management cycle started at 11:24:49 -----
2026-03-24 11:24:49,838 - INFO - [DEBUG] options_data type: <class 'list'>, length: 21
2026-03-24 11:24:50,155 - INFO - CURRENT NET P&L: 10.850000000000023 points
2026-03-24 11:24:50,161 - WARNING - Skipping position management - stale/no price data
2026-03-24 11:24:50,161 - INFO -  Position Status - P&L: Rs10.85, Adjustments: 0
2026-03-24 11:24:50,163 - INFO - Running SMA paper trading cycle...
2026-03-24 11:24:50,206 - INFO - Running Equity paper trading cycle...
2026-03-24 11:24:50,213 - INFO - Managing existing Equity positions
2026-03-24 11:24:50,213 - INFO - ----- Position management cycle started at 11:24:50 -----
2026-03-24 11:24:50,222 - INFO - [CYCLE SUMMARY] INFY | Price: 1280.30 | Entry: 1263.50 | Stop: 1275.60 | P&L: 0.52 (1.33%) | Status: PROFIT | Risk: HIGH RISK
2026-03-24 11:24:50,229 - INFO - [DETAILED STATUS] Distance to Stop: 4.70 (0.37%) | Distance from Entry: 16.80 (1.33%) | Quantity: 0.03125 | AO Risk Applied: True
2026-03-24 11:24:50,232 - INFO - [PARTIAL EXIT INFO] 50% Exited at: 1265.00 | Partial P&L: 0.05 | Remaining Qty: 0.03125
2026-03-24 11:24:50,236 - WARNING - STOP LOSS PROXIMITY: Price 1280.30 is 0.37% above stop 1275.60
2026-03-24 11:24:50,243 - DEBUG - Stop loss unchanged: 1275.60 (new: 1275.60)
2026-03-24 11:24:50,261 - INFO - Equity Position Status - P&L: Rs0.52
2026-03-24 11:24:50,261 - INFO - Running Nifty Options paper trading cycle...
2026-03-24 11:24:50,285 - INFO - Nifty Position Status - Lot1: CLOSED, Lot2: OPEN
2026-03-24 11:25:01,390 - INFO - Starting high-accuracy delta calculation...
2026-03-24 11:25:22,810 - INFO - High-accuracy delta calculated: Spot=22703.25, Strikes=[22200, 22250, 22300, 22350, 22400, 22450, 22500, 22550, 22600, 22650, 22700, 22750, 22800, 22850, 22900, 22950, 23000, 23050, 23100, 23150, 23200]
2026-03-24 11:25:32,143 - INFO - Successfully fetched 1223 rows of 1m data
2026-03-24 11:25:32,143 - INFO - Stored 1m market data successfully
2026-03-24 11:25:48,341 - INFO - Fetching 1m equity data (attempt 1/3)...
2026-03-24 11:25:52,689 - INFO - Successfully fetched 1092 rows of 1m equity data
2026-03-24 11:25:53,692 - INFO - Running Donchian AO trading strategy...
2026-03-24 11:25:53,829 - INFO - Using delta limit : 40 for today..
2026-03-24 11:26:15,118 - INFO - 2:2 Ratio detected: Selling CE first then PE
2026-03-24 11:26:15,119 - INFO - Selected CE_FIRST: First Leg : NIFTY2632422800CE (LTP: 41.099999999999994, Delta: 31.8604219642694)
2026-03-24 11:26:15,119 - INFO - Selected CE_FIRST: Second leg: NIFTY2632422550PE (LTP: 30.25, Delta: -23.61551337891177)
2026-03-24 11:26:15,131 - INFO - NO TRADE: No suitable option pair found.
2026-03-24 11:26:15,131 - INFO - Running paper trading cycle...
2026-03-24 11:26:15,133 - INFO -  Managing existing positions
2026-03-24 11:26:15,133 - INFO - ----- Position management cycle started at 11:26:15 -----
2026-03-24 11:26:15,321 - INFO - [DEBUG] options_data type: <class 'list'>, length: 21
2026-03-24 11:26:15,502 - INFO - CURRENT NET P&L: 10.850000000000023 points
2026-03-24 11:26:15,504 - WARNING - Skipping position management - stale/no price data
2026-03-24 11:26:15,505 - INFO -  Position Status - P&L: Rs10.85, Adjustments: 0
2026-03-24 11:26:15,506 - INFO - Running SMA paper trading cycle...
2026-03-24 11:26:15,573 - INFO - Running Equity paper trading cycle...
2026-03-24 11:26:15,573 - INFO - Managing existing Equity positions
2026-03-24 11:26:15,574 - INFO - ----- Position management cycle started at 11:26:15 -----
2026-03-24 11:26:15,590 - INFO - [CYCLE SUMMARY] INFY | Price: 1280.10 | Entry: 1263.50 | Stop: 1275.60 | P&L: 0.52 (1.31%) | Status: PROFIT | Risk: HIGH RISK
2026-03-24 11:26:15,592 - INFO - [DETAILED STATUS] Distance to Stop: 4.50 (0.35%) | Distance from Entry: 16.60 (1.31%) | Quantity: 0.03125 | AO Risk Applied: True
2026-03-24 11:26:15,598 - INFO - [PARTIAL EXIT INFO] 50% Exited at: 1265.00 | Partial P&L: 0.05 | Remaining Qty: 0.03125
2026-03-24 11:26:15,604 - WARNING - STOP LOSS PROXIMITY: Price 1280.10 is 0.35% above stop 1275.60
2026-03-24 11:26:15,635 - INFO - STOP LOSS UPDATED:
2026-03-24 11:26:15,636 - INFO -   Old Stop: 1275.60
2026-03-24 11:26:15,636 - INFO -   New Stop: 1278.20
2026-03-24 11:26:15,639 - INFO -   Improvement: +2.60 (+0.20%)
2026-03-24 11:26:15,641 - INFO -   New Distance to Stop: 1.90 (0.15%)
2026-03-24 11:26:15,647 - DEBUG - Position saved to active_equity_position.json
2026-03-24 11:26:15,654 - INFO - Equity Position Status - P&L: Rs0.52
2026-03-24 11:26:15,655 - INFO - Running Nifty Options paper trading cycle...
2026-03-24 11:26:15,673 - INFO - Nifty Position Status - Lot1: CLOSED, Lot2: OPEN
2026-03-24 11:26:23,745 - INFO - Starting high-accuracy delta calculation...
2026-03-24 11:26:24,532 - INFO - High-accuracy delta calculated: Spot=22709.1, Strikes=[22200, 22250, 22300, 22350, 22400, 22450, 22500, 22550, 22600, 22650, 22700, 22750, 22800, 22850, 22900, 22950, 23000, 23050, 23100, 23150, 23200]
2026-03-24 11:26:40,563 - INFO - Successfully fetched 1224 rows of 1m data
2026-03-24 11:26:40,563 - INFO - Stored 1m market data successfully
2026-03-24 11:26:52,712 - INFO - Fetching 1m equity data (attempt 1/3)...
2026-03-24 11:26:52,847 - ERROR - Error fetching 1m equity data (attempt 1): 'NoneType' object has no attribute 'dropna'
2026-03-24 11:26:57,863 - INFO - Fetching 1m equity data (attempt 2/3)...
2026-03-24 11:26:57,998 - ERROR - Error fetching 1m equity data (attempt 2): 'NoneType' object has no attribute 'dropna'
2026-03-24 11:27:08,010 - INFO - Fetching 1m equity data (attempt 3/3)...
2026-03-24 11:27:12,892 - INFO - Successfully fetched 1092 rows of 1m equity data
2026-03-24 11:27:15,929 - INFO - Running Donchian AO trading strategy...
2026-03-24 11:27:16,224 - INFO - Using delta limit : 40 for today..
2026-03-24 11:27:16,929 - INFO - 2:2 Ratio detected: Selling CE first then PE
2026-03-24 11:27:16,929 - INFO - Selected CE_FIRST: First Leg : NIFTY2632422800CE (LTP: 41.099999999999994, Delta: 32.744621641622196)
2026-03-24 11:27:16,929 - INFO - Selected CE_FIRST: Second leg: NIFTY2632422550PE (LTP: 30.25, Delta: -22.912734646368285)
2026-03-24 11:27:16,929 - INFO - NO TRADE: No suitable option pair found.
2026-03-24 11:27:16,929 - INFO - Running paper trading cycle...
2026-03-24 11:27:16,929 - INFO -  Managing existing positions
2026-03-24 11:27:16,929 - INFO - ----- Position management cycle started at 11:27:16 -----
2026-03-24 11:27:17,147 - INFO - [DEBUG] options_data type: <class 'list'>, length: 21
2026-03-24 11:27:17,379 - INFO - CURRENT NET P&L: 10.850000000000023 points
2026-03-24 11:27:17,379 - WARNING - Skipping position management - stale/no price data
2026-03-24 11:27:17,379 - INFO -  Position Status - P&L: Rs10.85, Adjustments: 0
2026-03-24 11:27:17,379 - INFO - Running SMA paper trading cycle...
2026-03-24 11:27:17,426 - INFO - Running Equity paper trading cycle...
2026-03-24 11:27:17,429 - INFO - Managing existing Equity positions
2026-03-24 11:27:17,429 - INFO - ----- Position management cycle started at 11:27:17 -----
2026-03-24 11:27:17,435 - INFO - [CYCLE SUMMARY] INFY | Price: 1281.40 | Entry: 1263.50 | Stop: 1278.20 | P&L: 0.56 (1.42%) | Status: PROFIT | Risk: HIGH RISK
2026-03-24 11:27:17,436 - INFO - [DETAILED STATUS] Distance to Stop: 3.20 (0.25%) | Distance from Entry: 17.90 (1.42%) | Quantity: 0.03125 | AO Risk Applied: True
2026-03-24 11:27:17,438 - INFO - [PARTIAL EXIT INFO] 50% Exited at: 1265.00 | Partial P&L: 0.05 | Remaining Qty: 0.03125
2026-03-24 11:27:17,441 - WARNING - STOP LOSS PROXIMITY: Price 1281.40 is 0.25% above stop 1278.20
2026-03-24 11:27:17,464 - INFO - STOP LOSS UPDATED:
2026-03-24 11:27:17,466 - INFO -   Old Stop: 1278.20
2026-03-24 11:27:17,466 - INFO -   New Stop: 1279.20
2026-03-24 11:27:17,468 - INFO -   Improvement: +1.00 (+0.08%)
2026-03-24 11:27:17,468 - INFO -   New Distance to Stop: 2.20 (0.17%)
2026-03-24 11:27:17,470 - DEBUG - Position saved to active_equity_position.json
2026-03-24 11:27:17,482 - INFO - Equity Position Status - P&L: Rs0.56
2026-03-24 11:27:17,482 - INFO - Running Nifty Options paper trading cycle...
2026-03-24 11:27:17,499 - INFO - Nifty Position Status - Lot1: CLOSED, Lot2: OPEN
2026-03-24 11:27:24,597 - INFO - Starting high-accuracy delta calculation...
2026-03-24 11:27:25,079 - WARNING - High-accuracy delta calculation failed
2026-03-24 11:27:30,166 - INFO - Starting separate VIX calculation...
2026-03-24 11:27:30,581 - WARNING - Separate VIX calculation failed
2026-03-24 11:27:30,697 - WARNING - Failed to fetch 5m data - empty result
2026-03-24 11:27:33,784 - INFO - Successfully fetched 369 rows of 5m data
2026-03-24 11:27:33,786 - INFO - Stored 5m market data successfully
2026-03-24 11:27:40,929 - WARNING - Failed to fetch 1m data - empty result
2026-03-24 11:27:49,619 - INFO - Successfully fetched 1225 rows of 1m data
2026-03-24 11:27:49,619 - INFO - Stored 1m market data successfully
2026-03-24 11:28:12,897 - INFO - Fetching 1m equity data (attempt 1/3)...
2026-03-24 11:28:18,476 - INFO - Successfully fetched 1092 rows of 1m equity data
2026-03-24 11:28:19,481 - INFO - Running Donchian AO trading strategy...
2026-03-24 11:28:19,607 - INFO - Using delta limit : 40 for today..
2026-03-24 11:28:20,363 - INFO - 2:2 Ratio detected: Selling CE first then PE
2026-03-24 11:28:20,363 - INFO - Selected CE_FIRST: First Leg : NIFTY2632422800CE (LTP: 41.099999999999994, Delta: 32.744621641622196)
2026-03-24 11:28:20,363 - INFO - Selected CE_FIRST: Second leg: NIFTY2632422550PE (LTP: 30.25, Delta: -22.912734646368285)
2026-03-24 11:28:20,363 - INFO - NO TRADE: No suitable option pair found.
2026-03-24 11:28:20,363 - INFO - Running paper trading cycle...
2026-03-24 11:28:20,363 - INFO -  Managing existing positions
2026-03-24 11:28:20,363 - INFO - ----- Position management cycle started at 11:28:20 -----
2026-03-24 11:28:20,614 - INFO - [DEBUG] options_data type: <class 'list'>, length: 21
2026-03-24 11:28:20,835 - INFO - CURRENT NET P&L: 10.850000000000023 points
2026-03-24 11:28:20,837 - WARNING - Skipping position management - stale/no price data
2026-03-24 11:28:20,837 - INFO -  Position Status - P&L: Rs10.85, Adjustments: 0
2026-03-24 11:28:20,839 - INFO - Running SMA paper trading cycle...
2026-03-24 11:28:20,904 - INFO - Running Equity paper trading cycle...
2026-03-24 11:28:20,904 - INFO - Managing existing Equity positions
2026-03-24 11:28:20,904 - INFO - ----- Position management cycle started at 11:28:20 -----
2026-03-24 11:28:20,908 - INFO - [CYCLE SUMMARY] INFY | Price: 1281.30 | Entry: 1263.50 | Stop: 1279.20 | P&L: 0.56 (1.41%) | Status: PROFIT | Risk: HIGH RISK
2026-03-24 11:28:20,908 - INFO - [DETAILED STATUS] Distance to Stop: 2.10 (0.16%) | Distance from Entry: 17.80 (1.41%) | Quantity: 0.03125 | AO Risk Applied: True
2026-03-24 11:28:20,914 - INFO - [PARTIAL EXIT INFO] 50% Exited at: 1265.00 | Partial P&L: 0.05 | Remaining Qty: 0.03125
2026-03-24 11:28:20,921 - WARNING - STOP LOSS PROXIMITY: Price 1281.30 is 0.16% above stop 1279.20
2026-03-24 11:28:20,932 - DEBUG - Stop loss unchanged: 1279.20 (new: 1279.20)
2026-03-24 11:28:20,953 - INFO - Equity Position Status - P&L: Rs0.56
2026-03-24 11:28:20,953 - INFO - Running Nifty Options paper trading cycle...
2026-03-24 11:28:20,971 - INFO - Nifty Position Status - Lot1: CLOSED, Lot2: OPEN
2026-03-24 11:28:26,034 - INFO - Starting high-accuracy delta calculation...
2026-03-24 11:28:46,816 - INFO - High-accuracy delta calculated: Spot=22729.55, Strikes=[22250, 22300, 22350, 22400, 22450, 22500, 22550, 22600, 22650, 22700, 22750, 22800, 22850, 22900, 22950, 23000, 23050, 23100, 23150, 23200, 23250]
2026-03-24 11:28:47,831 - INFO - Fetching 5m equity data (attempt 1/3)...
2026-03-24 11:28:49,357 - INFO - Successfully fetched 193 rows of 5m equity data
2026-03-24 11:28:50,481 - WARNING - Failed to fetch 1m data - empty result
2026-03-24 11:28:50,567 - WARNING - Failed to fetch 1m data - empty result
2026-03-24 11:28:50,674 - WARNING - Failed to fetch 1m data - empty result
2026-03-24 11:28:50,676 - ERROR - Failed to fetch 1m data after 3 attempts
2026-03-24 11:28:59,882 - WARNING - Failed to fetch 15m data - empty result
2026-03-24 11:29:01,476 - INFO - Successfully fetched 126 rows of 15m data
2026-03-24 11:29:01,476 - INFO - Stored 15m market data successfully
2026-03-24 11:29:18,701 - INFO - Fetching 1m equity data (attempt 1/3)...
2026-03-24 11:29:23,059 - INFO - Successfully fetched 1092 rows of 1m equity data
2026-03-24 11:29:24,067 - INFO - Running Donchian AO trading strategy...
2026-03-24 11:29:24,166 - INFO - Using delta limit : 40 for today..
2026-03-24 11:29:47,431 - INFO - 2:2 Ratio detected: Selling CE first then PE
2026-03-24 11:29:47,432 - INFO - Selected CE_FIRST: First Leg : NIFTY2632422800CE (LTP: 45.675, Delta: 35.436199038214205)
2026-03-24 11:29:47,433 - INFO - Selected CE_FIRST: Second leg: NIFTY2632422600PE (LTP: 35.3, Delta: -27.108181915194695)
2026-03-24 11:29:47,436 - INFO - NO TRADE: No suitable option pair found.
2026-03-24 11:29:47,436 - INFO - Running paper trading cycle...
2026-03-24 11:29:47,436 - INFO -  Managing existing positions
2026-03-24 11:29:47,437 - INFO - ----- Position management cycle started at 11:29:47 -----
2026-03-24 11:29:47,678 - INFO - [DEBUG] options_data type: <class 'list'>, length: 17
2026-03-24 11:29:47,928 - INFO - CURRENT NET P&L: 10.850000000000023 points
2026-03-24 11:29:47,928 - WARNING - Skipping position management - stale/no price data
2026-03-24 11:29:47,933 - INFO -  Position Status - P&L: Rs10.85, Adjustments: 0
2026-03-24 11:29:47,933 - INFO - Running SMA paper trading cycle...
2026-03-24 11:29:48,001 - INFO - Running Equity paper trading cycle...
2026-03-24 11:29:48,001 - INFO - Managing existing Equity positions
2026-03-24 11:29:48,001 - INFO - ----- Position management cycle started at 11:29:48 -----
2026-03-24 11:29:48,004 - INFO - [CYCLE SUMMARY] INFY | Price: 1281.90 | Entry: 1263.50 | Stop: 1279.20 | P&L: 0.58 (1.46%) | Status: PROFIT | Risk: HIGH RISK
2026-03-24 11:29:48,011 - INFO - [DETAILED STATUS] Distance to Stop: 2.70 (0.21%) | Distance from Entry: 18.40 (1.46%) | Quantity: 0.03125 | AO Risk Applied: True
2026-03-24 11:29:48,012 - INFO - [PARTIAL EXIT INFO] 50% Exited at: 1265.00 | Partial P&L: 0.05 | Remaining Qty: 0.03125
2026-03-24 11:29:48,017 - WARNING - STOP LOSS PROXIMITY: Price 1281.90 is 0.21% above stop 1279.20
2026-03-24 11:29:48,029 - INFO - AO RISK MANAGEMENT TRIGGERED: 5 consecutive red AO candles
2026-03-24 11:29:48,035 - DEBUG - AO risk management already applied
2026-03-24 11:29:48,041 - DEBUG - Stop loss unchanged: 1279.20 (new: 1279.20)
2026-03-24 11:29:48,050 - INFO - Equity Position Status - P&L: Rs0.58
2026-03-24 11:29:48,050 - INFO - Running Nifty Options paper trading cycle...
2026-03-24 11:29:48,065 - INFO - Nifty Position Status - Lot1: CLOSED, Lot2: OPEN
2026-03-24 11:29:49,079 - INFO - Starting high-accuracy delta calculation...
2026-03-24 11:29:49,458 - INFO - High-accuracy delta calculated: Spot=22725.2, Strikes=[22250, 22300, 22350, 22400, 22450, 22500, 22550, 22600, 22650, 22700, 22750, 22800, 22850, 22900, 22950, 23000, 23050, 23100, 23150, 23200, 23250]
2026-03-24 11:29:59,586 - INFO - Successfully fetched 1227 rows of 1m data
2026-03-24 11:29:59,586 - INFO - Stored 1m market data successfully
2026-03-24 11:30:23,932 - INFO - Fetching 1m equity data (attempt 1/3)...
2026-03-24 11:30:28,815 - INFO - Successfully fetched 1092 rows of 1m equity data
2026-03-24 11:30:47,999 - INFO - Running Donchian AO trading strategy...
2026-03-24 11:30:48,178 - INFO - Using delta limit : 40 for today..
2026-03-24 11:31:10,786 - INFO - 2:2 Ratio detected: Selling CE first then PE
2026-03-24 11:31:10,786 - INFO - Selected CE_FIRST: First Leg : NIFTY2632422800CE (LTP: 49.599999999999994, Delta: 37.33253355767211)
2026-03-24 11:31:10,786 - INFO - Selected CE_FIRST: Second leg: NIFTY2632422650PE (LTP: 48.150000000000006, Delta: -33.942796544585654)
2026-03-24 11:31:10,789 - INFO - NO TRADE: No suitable option pair found.
2026-03-24 11:31:10,791 - INFO - Running paper trading cycle...
2026-03-24 11:31:10,791 - INFO -  Managing existing positions
2026-03-24 11:31:10,791 - INFO - ----- Position management cycle started at 11:31:10 -----
2026-03-24 11:31:11,029 - INFO - [DEBUG] options_data type: <class 'list'>, length: 19
2026-03-24 11:31:11,264 - INFO - CURRENT NET P&L: 10.850000000000023 points
2026-03-24 11:31:11,268 - WARNING - Skipping position management - stale/no price data
2026-03-24 11:31:11,269 - INFO -  Position Status - P&L: Rs10.85, Adjustments: 0
2026-03-24 11:31:12,284 - INFO - Running SMA paper trading cycle...
2026-03-24 11:31:12,344 - INFO - Running Equity paper trading cycle...
2026-03-24 11:31:12,348 - INFO - Managing existing Equity positions
2026-03-24 11:31:12,348 - INFO - ----- Position management cycle started at 11:31:12 -----
2026-03-24 11:31:12,357 - INFO - [CYCLE SUMMARY] INFY | Price: 1283.00 | Entry: 1263.50 | Stop: 1279.20 | P&L: 0.61 (1.54%) | Status: PROFIT | Risk: HIGH RISK
2026-03-24 11:31:12,359 - INFO - [DETAILED STATUS] Distance to Stop: 3.80 (0.30%) | Distance from Entry: 19.50 (1.54%) | Quantity: 0.03125 | AO Risk Applied: True
2026-03-24 11:31:12,361 - INFO - [PARTIAL EXIT INFO] 50% Exited at: 1265.00 | Partial P&L: 0.05 | Remaining Qty: 0.03125
2026-03-24 11:31:12,372 - WARNING - STOP LOSS PROXIMITY: Price 1283.00 is 0.30% above stop 1279.20
2026-03-24 11:31:12,386 - DEBUG - Stop loss unchanged: 1279.20 (new: 1279.20)
2026-03-24 11:31:12,393 - INFO - Equity Position Status - P&L: Rs0.61
2026-03-24 11:31:12,393 - INFO - Running Nifty Options paper trading cycle...
2026-03-24 11:31:12,410 - INFO - Nifty Position Status - Lot1: CLOSED, Lot2: OPEN
2026-03-24 11:31:12,411 - INFO - Starting high-accuracy delta calculation...
2026-03-24 11:31:12,791 - INFO - High-accuracy delta calculated: Spot=22733.35, Strikes=[22250, 22300, 22350, 22400, 22450, 22500, 22550, 22600, 22650, 22700, 22750, 22800, 22850, 22900, 22950, 23000, 23050, 23100, 23150, 23200, 23250]
2026-03-24 11:31:21,719 - INFO - Successfully fetched 1229 rows of 1m data
2026-03-24 11:31:21,719 - INFO - Stored 1m market data successfully
2026-03-24 11:31:21,719 - INFO - Fetching 15m equity data (attempt 1/3)...
2026-03-24 11:31:23,185 - INFO - Successfully fetched 42 rows of 15m equity data
2026-03-24 11:31:29,250 - INFO - Fetching 1m equity data (attempt 1/3)...
2026-03-24 11:31:34,571 - INFO - Successfully fetched 1092 rows of 1m equity data
2026-03-24 11:32:11,065 - INFO - Running Donchian AO trading strategy...
2026-03-24 11:32:11,197 - INFO - Using delta limit : 40 for today..
2026-03-24 11:32:32,214 - INFO - 2:2 Ratio detected: Selling CE first then PE
2026-03-24 11:32:32,214 - INFO - Selected CE_FIRST: First Leg : NIFTY2632422800CE (LTP: 49.725, Delta: 36.9836410581509)
2026-03-24 11:32:32,214 - INFO - Selected CE_FIRST: Second leg: NIFTY2632422650PE (LTP: 48.099999999999994, Delta: -34.245589686217876)
2026-03-24 11:32:32,214 - INFO - NO TRADE: No suitable option pair found.
2026-03-24 11:32:33,228 - INFO - Running paper trading cycle...
2026-03-24 11:32:33,231 - INFO -  Managing existing positions
2026-03-24 11:32:33,231 - INFO - ----- Position management cycle started at 11:32:33 -----
2026-03-24 11:32:33,438 - INFO - [DEBUG] options_data type: <class 'list'>, length: 23
2026-03-24 11:32:33,703 - INFO - CURRENT NET P&L: 10.850000000000023 points
2026-03-24 11:32:33,703 - WARNING - Skipping position management - stale/no price data
2026-03-24 11:32:33,703 - INFO -  Position Status - P&L: Rs10.85, Adjustments: 0
2026-03-24 11:32:33,703 - INFO - Running SMA paper trading cycle...
2026-03-24 11:32:33,767 - INFO - Running Equity paper trading cycle...
2026-03-24 11:32:33,767 - INFO - Managing existing Equity positions
2026-03-24 11:32:33,767 - INFO - ----- Position management cycle started at 11:32:33 -----
2026-03-24 11:32:33,774 - INFO - [CYCLE SUMMARY] INFY | Price: 1281.10 | Entry: 1263.50 | Stop: 1279.20 | P&L: 0.55 (1.39%) | Status: PROFIT | Risk: HIGH RISK
2026-03-24 11:32:33,776 - INFO - [DETAILED STATUS] Distance to Stop: 1.90 (0.15%) | Distance from Entry: 17.60 (1.39%) | Quantity: 0.03125 | AO Risk Applied: True
2026-03-24 11:32:33,776 - INFO - [PARTIAL EXIT INFO] 50% Exited at: 1265.00 | Partial P&L: 0.05 | Remaining Qty: 0.03125
2026-03-24 11:32:33,784 - WARNING - STOP LOSS PROXIMITY: Price 1281.10 is 0.15% above stop 1279.20
2026-03-24 11:32:33,799 - DEBUG - Stop loss unchanged: 1279.20 (new: 1279.20)
2026-03-24 11:32:33,799 - INFO - Equity Position Status - P&L: Rs0.55
2026-03-24 11:32:33,799 - INFO - Running Nifty Options paper trading cycle...
2026-03-24 11:32:33,815 - INFO - Nifty Position Status - Lot1: CLOSED, Lot2: OPEN
2026-03-24 11:32:33,815 - INFO - Starting high-accuracy delta calculation...
2026-03-24 11:32:34,261 - INFO - High-accuracy delta calculated: Spot=22737, Strikes=[22250, 22300, 22350, 22400, 22450, 22500, 22550, 22600, 22650, 22700, 22750, 22800, 22850, 22900, 22950, 23000, 23050, 23100, 23150, 23200, 23250]
2026-03-24 11:32:34,387 - WARNING - Failed to fetch 1m data - empty result
2026-03-24 11:32:43,123 - INFO - Successfully fetched 1230 rows of 1m data
2026-03-24 11:32:43,131 - INFO - Stored 1m market data successfully
2026-03-24 11:32:43,131 - INFO - Starting separate VIX calculation...
2026-03-24 11:33:23,554 - INFO - VIX calculated separately: 41.17
2026-03-24 11:33:28,395 - INFO - Successfully fetched 370 rows of 5m data
2026-03-24 11:33:28,395 - INFO - Stored 5m market data successfully
2026-03-24 11:33:28,395 - INFO - Fetching 1m equity data (attempt 1/3)...
2026-03-24 11:33:34,938 - INFO - Successfully fetched 1092 rows of 1m equity data
2026-03-24 11:33:35,948 - INFO - Running Donchian AO trading strategy...
2026-03-24 11:33:36,106 - INFO - Using delta limit : 40 for today..
2026-03-24 11:33:58,104 - INFO - 2:2 Ratio detected: Selling CE first then PE
2026-03-24 11:33:58,104 - INFO - Selected CE_FIRST: First Leg : NIFTY2632422800CE (LTP: 52.05, Delta: 37.68112456471436)
2026-03-24 11:33:58,105 - INFO - Selected CE_FIRST: Second leg: NIFTY2632422650PE (LTP: 46.075, Delta: -33.586667538962274)
2026-03-24 11:33:58,107 - INFO - NO TRADE: No suitable option pair found.
2026-03-24 11:33:58,107 - INFO - Running paper trading cycle...
2026-03-24 11:33:58,107 - INFO -  Managing existing positions
2026-03-24 11:33:58,107 - INFO - ----- Position management cycle started at 11:33:58 -----
2026-03-24 11:33:58,324 - INFO - [DEBUG] options_data type: <class 'list'>, length: 27
2026-03-24 11:33:58,508 - INFO - CURRENT NET P&L: 10.850000000000023 points
2026-03-24 11:33:58,509 - WARNING - Skipping position management - stale/no price data
2026-03-24 11:33:58,510 - INFO -  Position Status - P&L: Rs10.85, Adjustments: 0
2026-03-24 11:33:58,510 - INFO - Running SMA paper trading cycle...
2026-03-24 11:33:58,570 - INFO - Running Equity paper trading cycle...
2026-03-24 11:33:58,571 - INFO - Managing existing Equity positions
2026-03-24 11:33:58,571 - INFO - ----- Position management cycle started at 11:33:58 -----
2026-03-24 11:33:58,578 - INFO - [CYCLE SUMMARY] INFY | Price: 1281.30 | Entry: 1263.50 | Stop: 1279.20 | P&L: 0.56 (1.41%) | Status: PROFIT | Risk: HIGH RISK
2026-03-24 11:33:58,583 - INFO - [DETAILED STATUS] Distance to Stop: 2.10 (0.16%) | Distance from Entry: 17.80 (1.41%) | Quantity: 0.03125 | AO Risk Applied: True
2026-03-24 11:33:58,584 - INFO - [PARTIAL EXIT INFO] 50% Exited at: 1265.00 | Partial P&L: 0.05 | Remaining Qty: 0.03125
2026-03-24 11:33:58,585 - WARNING - STOP LOSS PROXIMITY: Price 1281.30 is 0.16% above stop 1279.20
2026-03-24 11:33:58,606 - INFO - STOP LOSS UPDATED:
2026-03-24 11:33:58,607 - INFO -   Old Stop: 1279.20
2026-03-24 11:33:58,608 - INFO -   New Stop: 1280.20
2026-03-24 11:33:58,609 - INFO -   Improvement: +1.00 (+0.08%)
2026-03-24 11:33:58,609 - INFO -   New Distance to Stop: 1.10 (0.09%)
2026-03-24 11:33:58,611 - DEBUG - Position saved to active_equity_position.json
2026-03-24 11:33:58,618 - INFO - Equity Position Status - P&L: Rs0.56
2026-03-24 11:33:58,618 - INFO - Running Nifty Options paper trading cycle...
2026-03-24 11:33:58,635 - INFO - Nifty Position Status - Lot1: CLOSED, Lot2: OPEN
2026-03-24 11:33:58,635 - INFO - Starting high-accuracy delta calculation...
2026-03-24 11:33:59,025 - INFO - High-accuracy delta calculated: Spot=22739.45, Strikes=[22250, 22300, 22350, 22400, 22450, 22500, 22550, 22600, 22650, 22700, 22750, 22800, 22850, 22900, 22950, 23000, 23050, 23100, 23150, 23200, 23250]
2026-03-24 11:34:08,828 - INFO - Successfully fetched 1231 rows of 1m data
2026-03-24 11:34:08,832 - INFO - Stored 1m market data successfully
2026-03-24 11:34:08,832 - INFO - Fetching 5m equity data (attempt 1/3)...
2026-03-24 11:34:10,423 - INFO - Successfully fetched 192 rows of 5m equity data
2026-03-24 11:34:35,067 - INFO - Fetching 1m equity data (attempt 1/3)...
2026-03-24 11:34:40,225 - INFO - Successfully fetched 1092 rows of 1m equity data
2026-03-24 11:34:58,701 - INFO - Running Donchian AO trading strategy...
2026-03-24 11:34:59,023 - INFO - Using delta limit : 40 for today..
2026-03-24 11:35:33,376 - INFO - 2:2 Ratio detected: Selling CE first then PE
2026-03-24 11:35:33,394 - INFO - Selected CE_FIRST: First Leg : NIFTY2632422850CE (LTP: 39.400000000000006, Delta: 31.260529396868492)
2026-03-24 11:35:33,395 - INFO - Selected CE_FIRST: Second leg: NIFTY2632422600PE (LTP: 28.1, Delta: -23.005226785411004)
2026-03-24 11:35:33,406 - INFO - NO TRADE: No suitable option pair found.
2026-03-24 11:35:33,407 - INFO - Running paper trading cycle...
2026-03-24 11:35:33,407 - INFO -  Managing existing positions
2026-03-24 11:35:33,407 - INFO - ----- Position management cycle started at 11:35:33 -----
2026-03-24 11:35:33,669 - INFO - [DEBUG] options_data type: <class 'list'>, length: 27
2026-03-24 11:35:33,955 - INFO - CURRENT NET P&L: 10.850000000000023 points
2026-03-24 11:35:33,955 - WARNING - Skipping position management - stale/no price data
2026-03-24 11:35:33,958 - INFO -  Position Status - P&L: Rs10.85, Adjustments: 0
2026-03-24 11:35:33,958 - INFO - Running SMA paper trading cycle...
2026-03-24 11:35:34,041 - INFO - Running Equity paper trading cycle...
2026-03-24 11:35:34,042 - INFO - Managing existing Equity positions
2026-03-24 11:35:34,043 - INFO - ----- Position management cycle started at 11:35:34 -----
2026-03-24 11:35:34,054 - INFO - [CYCLE SUMMARY] INFY | Price: 1284.30 | Entry: 1263.50 | Stop: 1280.20 | P&L: 0.65 (1.65%) | Status: PROFIT | Risk: HIGH RISK
2026-03-24 11:35:34,057 - INFO - [DETAILED STATUS] Distance to Stop: 4.10 (0.32%) | Distance from Entry: 20.80 (1.65%) | Quantity: 0.03125 | AO Risk Applied: True
2026-03-24 11:35:34,058 - INFO - [PARTIAL EXIT INFO] 50% Exited at: 1265.00 | Partial P&L: 0.05 | Remaining Qty: 0.03125
2026-03-24 11:35:34,064 - WARNING - STOP LOSS PROXIMITY: Price 1284.30 is 0.32% above stop 1280.20
2026-03-24 11:35:34,085 - INFO - STOP LOSS UPDATED:
2026-03-24 11:35:34,087 - INFO -   Old Stop: 1280.20
2026-03-24 11:35:34,088 - INFO -   New Stop: 1280.40
2026-03-24 11:35:34,089 - INFO -   Improvement: +0.20 (+0.02%)
2026-03-24 11:35:34,090 - INFO -   New Distance to Stop: 3.90 (0.30%)
2026-03-24 11:35:34,092 - DEBUG - Position saved to active_equity_position.json
2026-03-24 11:35:34,103 - INFO - Equity Position Status - P&L: Rs0.65
2026-03-24 11:35:34,103 - INFO - Running Nifty Options paper trading cycle...
2026-03-24 11:35:34,121 - INFO - Nifty Position Status - Lot1: CLOSED, Lot2: OPEN
2026-03-24 11:35:35,131 - INFO - Starting high-accuracy delta calculation...
2026-03-24 11:35:35,540 - INFO - High-accuracy delta calculated: Spot=22767.25, Strikes=[22250, 22300, 22350, 22400, 22450, 22500, 22550, 22600, 22650, 22700, 22750, 22800, 22850, 22900, 22950, 23000, 23050, 23100, 23150, 23200, 23250]
2026-03-24 11:35:44,803 - INFO - Successfully fetched 1233 rows of 1m data
2026-03-24 11:35:44,804 - INFO - Stored 1m market data successfully
2026-03-24 11:35:45,814 - INFO - Fetching 1m equity data (attempt 1/3)...
2026-03-24 11:35:53,261 - INFO - Successfully fetched 1092 rows of 1m equity data
2026-03-24 11:36:33,708 - INFO - Running Donchian AO trading strategy...
2026-03-24 11:36:33,940 - INFO - Using delta limit : 40 for today..
2026-03-24 11:36:58,045 - INFO - 2:2 Ratio detected: Selling CE first then PE
2026-03-24 11:36:58,045 - INFO - Selected CE_FIRST: First Leg : NIFTY2632422850CE (LTP: 39.925, Delta: 32.04666218125393)
2026-03-24 11:36:58,050 - INFO - Selected CE_FIRST: Second leg: NIFTY2632422600PE (LTP: 28.575000000000003, Delta: -22.769315851531704)
2026-03-24 11:36:58,053 - INFO - NO TRADE: No suitable option pair found.
2026-03-24 11:36:59,070 - INFO - Running paper trading cycle...
2026-03-24 11:36:59,070 - INFO -  Managing existing positions
2026-03-24 11:36:59,070 - INFO - ----- Position management cycle started at 11:36:59 -----
2026-03-24 11:36:59,297 - INFO - [DEBUG] options_data type: <class 'list'>, length: 19
2026-03-24 11:36:59,510 - INFO - CURRENT NET P&L: 10.850000000000023 points
2026-03-24 11:36:59,512 - WARNING - Skipping position management - stale/no price data
2026-03-24 11:36:59,512 - INFO -  Position Status - P&L: Rs10.85, Adjustments: 0
2026-03-24 11:36:59,514 - INFO - Running SMA paper trading cycle...
2026-03-24 11:36:59,574 - INFO - Running Equity paper trading cycle...
2026-03-24 11:36:59,574 - INFO - Managing existing Equity positions
2026-03-24 11:36:59,576 - INFO - ----- Position management cycle started at 11:36:59 -----
2026-03-24 11:36:59,582 - INFO - [CYCLE SUMMARY] INFY | Price: 1284.10 | Entry: 1263.50 | Stop: 1280.40 | P&L: 0.64 (1.63%) | Status: PROFIT | Risk: HIGH RISK
2026-03-24 11:36:59,587 - INFO - [DETAILED STATUS] Distance to Stop: 3.70 (0.29%) | Distance from Entry: 20.60 (1.63%) | Quantity: 0.03125 | AO Risk Applied: True
2026-03-24 11:36:59,589 - INFO - [PARTIAL EXIT INFO] 50% Exited at: 1265.00 | Partial P&L: 0.05 | Remaining Qty: 0.03125
2026-03-24 11:36:59,593 - WARNING - STOP LOSS PROXIMITY: Price 1284.10 is 0.29% above stop 1280.40
2026-03-24 11:36:59,604 - INFO - AO RISK MANAGEMENT TRIGGERED: 5 consecutive red AO candles
2026-03-24 11:36:59,606 - DEBUG - AO risk management already applied
2026-03-24 11:36:59,620 - DEBUG - Stop loss unchanged: 1280.40 (new: 1280.40)
2026-03-24 11:36:59,623 - INFO - Equity Position Status - P&L: Rs0.64
2026-03-24 11:36:59,623 - INFO - Running Nifty Options paper trading cycle...
2026-03-24 11:36:59,641 - INFO - Nifty Position Status - Lot1: CLOSED, Lot2: OPEN
2026-03-24 11:36:59,641 - INFO - Starting high-accuracy delta calculation...
2026-03-24 11:37:00,180 - INFO - High-accuracy delta calculated: Spot=22759, Strikes=[22250, 22300, 22350, 22400, 22450, 22500, 22550, 22600, 22650, 22700, 22750, 22800, 22850, 22900, 22950, 23000, 23050, 23100, 23150, 23200, 23250]
2026-03-24 11:37:09,209 - INFO - Successfully fetched 1234 rows of 1m data
2026-03-24 11:37:09,209 - INFO - Stored 1m market data successfully
2026-03-24 11:37:09,210 - INFO - Fetching 1m equity data (attempt 1/3)...
2026-03-24 11:37:09,358 - ERROR - Error fetching 1m equity data (attempt 1): 'NoneType' object has no attribute 'dropna'
2026-03-24 11:37:14,370 - INFO - Fetching 1m equity data (attempt 2/3)...
2026-03-24 11:37:19,940 - INFO - Successfully fetched 1092 rows of 1m equity data
2026-03-24 11:37:58,348 - INFO - Running Donchian AO trading strategy...
2026-03-24 11:37:58,574 - INFO - Using delta limit : 40 for today..
2026-03-24 11:38:21,146 - INFO - 2:2 Ratio detected: Selling CE first then PE
2026-03-24 11:38:21,148 - INFO - Selected CE_FIRST: First Leg : NIFTY2632422850CE (LTP: 42.625, Delta: 32.70842762379627)
2026-03-24 11:38:21,149 - INFO - Selected CE_FIRST: Second leg: NIFTY2632422650PE (LTP: 40.599999999999994, Delta: -30.05038821001065)
2026-03-24 11:38:21,150 - INFO - NO TRADE: No suitable option pair found.
2026-03-24 11:38:22,182 - INFO - Running paper trading cycle...
2026-03-24 11:38:22,183 - INFO -  Managing existing positions
2026-03-24 11:38:22,183 - INFO - ----- Position management cycle started at 11:38:22 -----
2026-03-24 11:38:22,404 - INFO - [DEBUG] options_data type: <class 'list'>, length: 23
2026-03-24 11:38:22,587 - INFO - CURRENT NET P&L: 10.850000000000023 points
2026-03-24 11:38:22,587 - WARNING - Skipping position management - stale/no price data
2026-03-24 11:38:22,599 - INFO -  Position Status - P&L: Rs10.85, Adjustments: 0
2026-03-24 11:38:22,599 - INFO - Running SMA paper trading cycle...
2026-03-24 11:38:22,653 - INFO - Running Equity paper trading cycle...
2026-03-24 11:38:22,653 - INFO - Managing existing Equity positions
2026-03-24 11:38:22,653 - INFO - ----- Position management cycle started at 11:38:22 -----
2026-03-24 11:38:22,653 - INFO - [CYCLE SUMMARY] INFY | Price: 1284.60 | Entry: 1263.50 | Stop: 1280.40 | P&L: 0.66 (1.67%) | Status: PROFIT | Risk: HIGH RISK
2026-03-24 11:38:22,662 - INFO - [DETAILED STATUS] Distance to Stop: 4.20 (0.33%) | Distance from Entry: 21.10 (1.67%) | Quantity: 0.03125 | AO Risk Applied: True
2026-03-24 11:38:22,662 - INFO - [PARTIAL EXIT INFO] 50% Exited at: 1265.00 | Partial P&L: 0.05 | Remaining Qty: 0.03125
2026-03-24 11:38:22,662 - WARNING - STOP LOSS PROXIMITY: Price 1284.60 is 0.33% above stop 1280.40
2026-03-24 11:38:22,686 - DEBUG - Stop loss unchanged: 1280.40 (new: 1280.40)
2026-03-24 11:38:22,686 - INFO - Equity Position Status - P&L: Rs0.66
2026-03-24 11:38:22,686 - INFO - Running Nifty Options paper trading cycle...
2026-03-24 11:38:22,704 - INFO - Nifty Position Status - Lot1: CLOSED, Lot2: OPEN
2026-03-24 11:38:22,704 - INFO - Starting high-accuracy delta calculation...
2026-03-24 11:38:23,120 - INFO - High-accuracy delta calculated: Spot=22758.5, Strikes=[22250, 22300, 22350, 22400, 22450, 22500, 22550, 22600, 22650, 22700, 22750, 22800, 22850, 22900, 22950, 23000, 23050, 23100, 23150, 23200, 23250]
2026-03-24 11:38:31,891 - INFO - Successfully fetched 1236 rows of 1m data
2026-03-24 11:38:31,891 - INFO - Stored 1m market data successfully
2026-03-24 11:38:31,893 - INFO - Fetching 1m equity data (attempt 1/3)...
2026-03-24 11:38:37,688 - INFO - Successfully fetched 1092 rows of 1m equity data
2026-03-24 11:38:38,715 - INFO - Starting separate VIX calculation...
2026-03-24 11:38:59,028 - INFO - VIX calculated separately: 42.28
2026-03-24 11:38:59,139 - WARNING - Failed to fetch 5m data - empty result
2026-03-24 11:39:02,082 - INFO - Successfully fetched 371 rows of 5m data
2026-03-24 11:39:02,084 - INFO - Stored 5m market data successfully
2026-03-24 11:39:11,185 - INFO - Fetching 5m equity data (attempt 1/3)...
2026-03-24 11:39:11,304 - ERROR - Error fetching 5m equity data (attempt 1): 'NoneType' object has no attribute 'dropna'
2026-03-24 11:39:16,320 - INFO - Fetching 5m equity data (attempt 2/3)...
2026-03-24 11:39:18,088 - INFO - Successfully fetched 192 rows of 5m equity data
2026-03-24 11:39:22,116 - INFO - Running Donchian AO trading strategy...
2026-03-24 11:39:22,272 - INFO - Using delta limit : 40 for today..
2026-03-24 11:39:45,339 - INFO - 2:2 Ratio detected: Selling CE first then PE
2026-03-24 11:39:45,339 - INFO - Selected CE_FIRST: First Leg : NIFTY2632422850CE (LTP: 41.599999999999994, Delta: 32.186972332318284)
2026-03-24 11:39:45,339 - INFO - Selected CE_FIRST: Second leg: NIFTY2632422650PE (LTP: 41.5, Delta: -30.515694924517877)
2026-03-24 11:39:45,339 - INFO - NO TRADE: No suitable option pair found.
2026-03-24 11:39:46,351 - INFO - Running paper trading cycle...
2026-03-24 11:39:46,352 - INFO -  Managing existing positions
2026-03-24 11:39:46,353 - INFO - ----- Position management cycle started at 11:39:46 -----
2026-03-24 11:39:46,609 - INFO - [DEBUG] options_data type: <class 'list'>, length: 25
2026-03-24 11:39:46,841 - INFO - CURRENT NET P&L: 10.850000000000023 points
2026-03-24 11:39:46,842 - WARNING - Skipping position management - stale/no price data
2026-03-24 11:39:46,842 - INFO -  Position Status - P&L: Rs10.85, Adjustments: 0
2026-03-24 11:39:46,842 - INFO - Running SMA paper trading cycle...
2026-03-24 11:39:46,913 - INFO - Running Equity paper trading cycle...
2026-03-24 11:39:46,913 - INFO - Managing existing Equity positions
2026-03-24 11:39:46,914 - INFO - ----- Position management cycle started at 11:39:46 -----
2026-03-24 11:39:46,924 - INFO - [CYCLE SUMMARY] INFY | Price: 1284.60 | Entry: 1263.50 | Stop: 1280.40 | P&L: 0.66 (1.67%) | Status: PROFIT | Risk: HIGH RISK
2026-03-24 11:39:46,926 - INFO - [DETAILED STATUS] Distance to Stop: 4.20 (0.33%) | Distance from Entry: 21.10 (1.67%) | Quantity: 0.03125 | AO Risk Applied: True
2026-03-24 11:39:46,929 - INFO - [PARTIAL EXIT INFO] 50% Exited at: 1265.00 | Partial P&L: 0.05 | Remaining Qty: 0.03125
2026-03-24 11:39:46,936 - WARNING - STOP LOSS PROXIMITY: Price 1284.60 is 0.33% above stop 1280.40
2026-03-24 11:39:46,968 - INFO - STOP LOSS UPDATED:
2026-03-24 11:39:46,973 - INFO -   Old Stop: 1280.40
2026-03-24 11:39:46,974 - INFO -   New Stop: 1281.10
2026-03-24 11:39:46,976 - INFO -   Improvement: +0.70 (+0.05%)
2026-03-24 11:39:46,977 - INFO -   New Distance to Stop: 3.50 (0.27%)
2026-03-24 11:39:46,979 - DEBUG - Position saved to active_equity_position.json
2026-03-24 11:39:46,990 - INFO - Equity Position Status - P&L: Rs0.66
2026-03-24 11:39:46,991 - INFO - Running Nifty Options paper trading cycle...
2026-03-24 11:39:47,013 - INFO - Nifty Position Status - Lot1: CLOSED, Lot2: OPEN
2026-03-24 11:39:47,013 - INFO - Starting high-accuracy delta calculation...
2026-03-24 11:39:47,473 - INFO - High-accuracy delta calculated: Spot=22759.05, Strikes=[22250, 22300, 22350, 22400, 22450, 22500, 22550, 22600, 22650, 22700, 22750, 22800, 22850, 22900, 22950, 23000, 23050, 23100, 23150, 23200, 23250]
2026-03-24 11:39:56,823 - INFO - Successfully fetched 1237 rows of 1m data
2026-03-24 11:39:56,823 - INFO - Stored 1m market data successfully
2026-03-24 11:39:56,823 - INFO - Fetching 1m equity data (attempt 1/3)...
2026-03-24 11:40:02,393 - INFO - Successfully fetched 1092 rows of 1m equity data
2026-03-24 11:40:45,823 - INFO - Running Donchian AO trading strategy...
2026-03-24 11:40:45,948 - INFO - Using delta limit : 40 for today..
2026-03-24 11:41:06,823 - INFO - 2:2 Ratio detected: Selling CE first then PE
2026-03-24 11:41:06,823 - INFO - Selected CE_FIRST: First Leg : NIFTY2632422850CE (LTP: 43.375, Delta: 33.6909259427806)
2026-03-24 11:41:06,829 - INFO - Selected CE_FIRST: Second leg: NIFTY2632422650PE (LTP: 40.125, Delta: -29.273105919579734)
2026-03-24 11:41:06,831 - INFO - NO TRADE: No suitable option pair found.
2026-03-24 11:41:07,839 - INFO - Running paper trading cycle...
2026-03-24 11:41:07,841 - INFO -  Managing existing positions
2026-03-24 11:41:07,842 - INFO - ----- Position management cycle started at 11:41:07 -----
2026-03-24 11:41:08,080 - INFO - [DEBUG] options_data type: <class 'list'>, length: 19
2026-03-24 11:41:08,312 - INFO - CURRENT NET P&L: 10.850000000000023 points
2026-03-24 11:41:08,313 - WARNING - Skipping position management - stale/no price data
2026-03-24 11:41:08,314 - INFO -  Position Status - P&L: Rs10.85, Adjustments: 0
2026-03-24 11:41:08,325 - INFO - Running SMA paper trading cycle...
2026-03-24 11:41:08,382 - INFO - Running Equity paper trading cycle...
2026-03-24 11:41:08,383 - INFO - Managing existing Equity positions
2026-03-24 11:41:08,384 - INFO - ----- Position management cycle started at 11:41:08 -----
2026-03-24 11:41:08,392 - INFO - [CYCLE SUMMARY] INFY | Price: 1284.70 | Entry: 1263.50 | Stop: 1281.10 | P&L: 0.66 (1.68%) | Status: PROFIT | Risk: HIGH RISK
2026-03-24 11:41:08,394 - INFO - [DETAILED STATUS] Distance to Stop: 3.60 (0.28%) | Distance from Entry: 21.20 (1.68%) | Quantity: 0.03125 | AO Risk Applied: True
2026-03-24 11:41:08,395 - INFO - [PARTIAL EXIT INFO] 50% Exited at: 1265.00 | Partial P&L: 0.05 | Remaining Qty: 0.03125
2026-03-24 11:41:08,402 - WARNING - STOP LOSS PROXIMITY: Price 1284.70 is 0.28% above stop 1281.10
2026-03-24 11:41:08,419 - INFO - STOP LOSS UPDATED:
2026-03-24 11:41:08,420 - INFO -   Old Stop: 1281.10
2026-03-24 11:41:08,423 - INFO -   New Stop: 1281.20
2026-03-24 11:41:08,424 - INFO -   Improvement: +0.10 (+0.01%)
2026-03-24 11:41:08,425 - INFO -   New Distance to Stop: 3.50 (0.27%)
2026-03-24 11:41:08,427 - DEBUG - Position saved to active_equity_position.json
2026-03-24 11:41:08,433 - INFO - Equity Position Status - P&L: Rs0.66
2026-03-24 11:41:08,434 - INFO - Running Nifty Options paper trading cycle...
2026-03-24 11:41:08,449 - INFO - Nifty Position Status - Lot1: CLOSED, Lot2: OPEN
2026-03-24 11:41:08,450 - INFO - Starting high-accuracy delta calculation...
2026-03-24 11:41:08,948 - INFO - High-accuracy delta calculated: Spot=22762.4, Strikes=[22250, 22300, 22350, 22400, 22450, 22500, 22550, 22600, 22650, 22700, 22750, 22800, 22850, 22900, 22950, 23000, 23050, 23100, 23150, 23200, 23250]
2026-03-24 11:41:18,213 - INFO - Successfully fetched 1239 rows of 1m data
2026-03-24 11:41:18,213 - INFO - Stored 1m market data successfully
2026-03-24 11:41:18,214 - INFO - Fetching 1m equity data (attempt 1/3)...
2026-03-24 11:41:24,609 - INFO - Successfully fetched 1092 rows of 1m equity data
2026-03-24 11:42:07,090 - INFO - Running Donchian AO trading strategy...
2026-03-24 11:42:07,223 - INFO - Using delta limit : 40 for today..
2026-03-24 11:42:28,659 - INFO - 2:2 Ratio detected: Selling CE first then PE
2026-03-24 11:42:28,661 - INFO - Selected CE_FIRST: First Leg : NIFTY2632422800CE (LTP: 49.625, Delta: 38.08744939467726)
2026-03-24 11:42:28,662 - INFO - Selected CE_FIRST: Second leg: NIFTY2632422650PE (LTP: 45.7, Delta: -32.872771372731904)
2026-03-24 11:42:28,663 - INFO - NO TRADE: No suitable option pair found.
2026-03-24 11:42:29,671 - INFO - Running paper trading cycle...
2026-03-24 11:42:29,672 - INFO -  Managing existing positions
2026-03-24 11:42:29,677 - INFO - ----- Position management cycle started at 11:42:29 -----
2026-03-24 11:42:29,938 - INFO - [DEBUG] options_data type: <class 'list'>, length: 19
2026-03-24 11:42:30,178 - INFO - CURRENT NET P&L: 10.850000000000023 points
2026-03-24 11:42:30,179 - WARNING - Skipping position management - stale/no price data
2026-03-24 11:42:30,179 - INFO -  Position Status - P&L: Rs10.85, Adjustments: 0
2026-03-24 11:42:30,180 - INFO - Running SMA paper trading cycle...
2026-03-24 11:42:30,231 - INFO - Running Equity paper trading cycle...
2026-03-24 11:42:30,231 - INFO - Managing existing Equity positions
2026-03-24 11:42:30,231 - INFO - ----- Position management cycle started at 11:42:30 -----
2026-03-24 11:42:30,250 - INFO - [CYCLE SUMMARY] INFY | Price: 1284.60 | Entry: 1263.50 | Stop: 1281.20 | P&L: 0.66 (1.67%) | Status: PROFIT | Risk: HIGH RISK
2026-03-24 11:42:30,251 - INFO - [DETAILED STATUS] Distance to Stop: 3.40 (0.26%) | Distance from Entry: 21.10 (1.67%) | Quantity: 0.03125 | AO Risk Applied: True
2026-03-24 11:42:30,253 - INFO - [PARTIAL EXIT INFO] 50% Exited at: 1265.00 | Partial P&L: 0.05 | Remaining Qty: 0.03125
2026-03-24 11:42:30,264 - WARNING - STOP LOSS PROXIMITY: Price 1284.60 is 0.26% above stop 1281.20
2026-03-24 11:42:30,284 - INFO - STOP LOSS UPDATED:
2026-03-24 11:42:30,286 - INFO -   Old Stop: 1281.20
2026-03-24 11:42:30,286 - INFO -   New Stop: 1283.00
2026-03-24 11:42:30,287 - INFO -   Improvement: +1.80 (+0.14%)
2026-03-24 11:42:30,288 - INFO -   New Distance to Stop: 1.60 (0.12%)
2026-03-24 11:42:30,296 - DEBUG - Position saved to active_equity_position.json
2026-03-24 11:42:30,300 - INFO - Equity Position Status - P&L: Rs0.66
2026-03-24 11:42:30,300 - INFO - Running Nifty Options paper trading cycle...
2026-03-24 11:42:30,335 - INFO - Nifty Position Status - Lot1: CLOSED, Lot2: OPEN
2026-03-24 11:42:30,335 - INFO - Starting high-accuracy delta calculation...
2026-03-24 11:42:30,819 - INFO - High-accuracy delta calculated: Spot=22741.5, Strikes=[22250, 22300, 22350, 22400, 22450, 22500, 22550, 22600, 22650, 22700, 22750, 22800, 22850, 22900, 22950, 23000, 23050, 23100, 23150, 23200, 23250]
2026-03-24 11:42:40,203 - INFO - Successfully fetched 1240 rows of 1m data
2026-03-24 11:42:40,203 - INFO - Stored 1m market data successfully
2026-03-24 11:42:40,204 - INFO - Fetching 1m equity data (attempt 1/3)...
2026-03-24 11:42:45,564 - INFO - Successfully fetched 1092 rows of 1m equity data
2026-03-24 11:43:29,074 - INFO - Running Donchian AO trading strategy...
2026-03-24 11:43:29,214 - INFO - Using delta limit : 40 for today..
2026-03-24 11:43:50,243 - INFO - 2:2 Ratio detected: Selling CE first then PE
2026-03-24 11:43:50,243 - INFO - Selected CE_FIRST: First Leg : NIFTY2632422850CE (LTP: 36.5, Delta: 30.478145267343205)
2026-03-24 11:43:50,243 - INFO - Selected CE_FIRST: Second leg: NIFTY2632422600PE (LTP: 28.65, Delta: -23.20676323997955)
2026-03-24 11:43:50,259 - INFO - NO TRADE: No suitable option pair found.
2026-03-24 11:43:51,275 - INFO - Running paper trading cycle...
2026-03-24 11:43:51,276 - INFO -  Managing existing positions
2026-03-24 11:43:51,276 - INFO - ----- Position management cycle started at 11:43:51 -----
2026-03-24 11:43:51,541 - INFO - [DEBUG] options_data type: <class 'list'>, length: 19
2026-03-24 11:43:51,795 - INFO - CURRENT NET P&L: 10.850000000000023 points
2026-03-24 11:43:51,795 - WARNING - Skipping position management - stale/no price data
2026-03-24 11:43:51,797 - INFO -  Position Status - P&L: Rs10.85, Adjustments: 0
2026-03-24 11:43:51,798 - INFO - Running SMA paper trading cycle...
2026-03-24 11:43:51,857 - INFO - Running Equity paper trading cycle...
2026-03-24 11:43:51,859 - INFO - Managing existing Equity positions
2026-03-24 11:43:51,859 - INFO - ----- Position management cycle started at 11:43:51 -----
2026-03-24 11:43:51,866 - INFO - [CYCLE SUMMARY] INFY | Price: 1286.20 | Entry: 1263.50 | Stop: 1283.00 | P&L: 0.71 (1.80%) | Status: PROFIT | Risk: HIGH RISK
2026-03-24 11:43:51,869 - INFO - [DETAILED STATUS] Distance to Stop: 3.20 (0.25%) | Distance from Entry: 22.70 (1.80%) | Quantity: 0.03125 | AO Risk Applied: True
2026-03-24 11:43:51,869 - INFO - [PARTIAL EXIT INFO] 50% Exited at: 1265.00 | Partial P&L: 0.05 | Remaining Qty: 0.03125
2026-03-24 11:43:51,878 - WARNING - STOP LOSS PROXIMITY: Price 1286.20 is 0.25% above stop 1283.00
2026-03-24 11:43:51,896 - INFO - STOP LOSS UPDATED:
2026-03-24 11:43:51,899 - INFO -   Old Stop: 1283.00
2026-03-24 11:43:51,900 - INFO -   New Stop: 1283.30
2026-03-24 11:43:51,901 - INFO -   Improvement: +0.30 (+0.02%)
2026-03-24 11:43:51,901 - INFO -   New Distance to Stop: 2.90 (0.23%)
2026-03-24 11:43:51,901 - DEBUG - Position saved to active_equity_position.json
2026-03-24 11:43:51,911 - INFO - Equity Position Status - P&L: Rs0.71
2026-03-24 11:43:51,911 - INFO - Running Nifty Options paper trading cycle...
2026-03-24 11:43:51,929 - INFO - Nifty Position Status - Lot1: CLOSED, Lot2: OPEN
2026-03-24 11:43:51,929 - INFO - Starting high-accuracy delta calculation...
2026-03-24 11:43:52,472 - INFO - High-accuracy delta calculated: Spot=22748.55, Strikes=[22250, 22300, 22350, 22400, 22450, 22500, 22550, 22600, 22650, 22700, 22750, 22800, 22850, 22900, 22950, 23000, 23050, 23100, 23150, 23200, 23250]
2026-03-24 11:44:02,115 - INFO - Successfully fetched 1241 rows of 1m data
2026-03-24 11:44:02,115 - INFO - Stored 1m market data successfully
2026-03-24 11:44:02,117 - INFO - Fetching 1m equity data (attempt 1/3)...
2026-03-24 11:44:07,527 - INFO - Successfully fetched 1091 rows of 1m equity data
2026-03-24 11:44:08,540 - INFO - Starting separate VIX calculation...
2026-03-24 11:44:29,203 - WARNING - Separate VIX calculation failed
2026-03-24 11:44:29,302 - WARNING - Failed to fetch 15m data - empty result
2026-03-24 11:44:29,392 - WARNING - Failed to fetch 15m data - empty result
2026-03-24 11:44:30,971 - INFO - Successfully fetched 127 rows of 15m data
2026-03-24 11:44:30,971 - INFO - Stored 15m market data successfully
2026-03-24 11:44:34,436 - INFO - Successfully fetched 372 rows of 5m data
2026-03-24 11:44:34,440 - INFO - Stored 5m market data successfully
2026-03-24 11:44:35,442 - INFO - Fetching 5m equity data (attempt 1/3)...
2026-03-24 11:44:36,952 - INFO - Successfully fetched 192 rows of 5m equity data
2026-03-24 11:44:51,060 - INFO - Running Donchian AO trading strategy...
2026-03-24 11:44:51,244 - INFO - Using delta limit : 40 for today..
2026-03-24 11:45:12,527 - INFO - 2:2 Ratio detected: Selling CE first then PE
2026-03-24 11:45:12,527 - INFO - Selected CE_FIRST: First Leg : NIFTY2632422850CE (LTP: 37.5, Delta: 30.789702182968785)
2026-03-24 11:45:12,527 - INFO - Selected CE_FIRST: Second leg: NIFTY2632422600PE (LTP: 28.45, Delta: -23.111967951717794)
2026-03-24 11:45:12,527 - INFO - NO TRADE: No suitable option pair found.
2026-03-24 11:45:13,544 - INFO - Running paper trading cycle...
2026-03-24 11:45:13,544 - INFO -  Managing existing positions
2026-03-24 11:45:13,544 - INFO - ----- Position management cycle started at 11:45:13 -----
2026-03-24 11:45:13,770 - INFO - [DEBUG] options_data type: <class 'list'>, length: 17
2026-03-24 11:45:14,096 - INFO - CURRENT NET P&L: 10.850000000000023 points
2026-03-24 11:45:14,098 - WARNING - Skipping position management - stale/no price data
2026-03-24 11:45:14,098 - INFO -  Position Status - P&L: Rs10.85, Adjustments: 0
2026-03-24 11:45:14,098 - INFO - Running SMA paper trading cycle...
2026-03-24 11:45:14,149 - INFO - Running Equity paper trading cycle...
2026-03-24 11:45:14,149 - INFO - Managing existing Equity positions
2026-03-24 11:45:14,149 - INFO - ----- Position management cycle started at 11:45:14 -----
2026-03-24 11:45:14,153 - INFO - [CYCLE SUMMARY] INFY | Price: 1285.30 | Entry: 1263.50 | Stop: 1283.30 | P&L: 0.68 (1.73%) | Status: PROFIT | Risk: HIGH RISK
2026-03-24 11:45:14,164 - INFO - [DETAILED STATUS] Distance to Stop: 2.00 (0.16%) | Distance from Entry: 21.80 (1.73%) | Quantity: 0.03125 | AO Risk Applied: True
2026-03-24 11:45:14,164 - INFO - [PARTIAL EXIT INFO] 50% Exited at: 1265.00 | Partial P&L: 0.05 | Remaining Qty: 0.03125
2026-03-24 11:45:14,172 - WARNING - STOP LOSS PROXIMITY: Price 1285.30 is 0.16% above stop 1283.30
2026-03-24 11:45:14,194 - DEBUG - Stop loss unchanged: 1283.30 (new: 1283.30)
2026-03-24 11:45:14,199 - INFO - Equity Position Status - P&L: Rs0.68
2026-03-24 11:45:14,200 - INFO - Running Nifty Options paper trading cycle...
2026-03-24 11:45:14,223 - INFO - Nifty Position Status - Lot1: CLOSED, Lot2: OPEN
2026-03-24 11:45:14,223 - INFO - Starting high-accuracy delta calculation...
2026-03-24 11:45:14,665 - INFO - High-accuracy delta calculated: Spot=22754.7, Strikes=[22250, 22300, 22350, 22400, 22450, 22500, 22550, 22600, 22650, 22700, 22750, 22800, 22850, 22900, 22950, 23000, 23050, 23100, 23150, 23200, 23250]
2026-03-24 11:45:23,914 - INFO - Successfully fetched 1243 rows of 1m data
2026-03-24 11:45:23,914 - INFO - Stored 1m market data successfully
2026-03-24 11:45:23,915 - INFO - Fetching 1m equity data (attempt 1/3)...
2026-03-24 11:45:24,031 - ERROR - Error fetching 1m equity data (attempt 1): 'NoneType' object has no attribute 'dropna'
2026-03-24 11:45:29,043 - INFO - Fetching 1m equity data (attempt 2/3)...
2026-03-24 11:45:34,780 - INFO - Successfully fetched 1092 rows of 1m equity data
2026-03-24 11:46:13,180 - INFO - Running Donchian AO trading strategy...
2026-03-24 11:46:13,295 - INFO - Using delta limit : 40 for today..
2026-03-24 11:46:13,950 - INFO - 2:2 Ratio detected: Selling CE first then PE
2026-03-24 11:46:13,951 - INFO - Selected CE_FIRST: First Leg : NIFTY2632422850CE (LTP: 37.5, Delta: 31.16668865259779)
2026-03-24 11:46:13,952 - INFO - Selected CE_FIRST: Second leg: NIFTY2632422600PE (LTP: 28.45, Delta: -22.81427900398674)
2026-03-24 11:46:13,955 - INFO - NO TRADE: No suitable option pair found.
2026-03-24 11:46:14,958 - INFO - Running paper trading cycle...
2026-03-24 11:46:14,959 - INFO -  Managing existing positions
2026-03-24 11:46:14,963 - INFO - ----- Position management cycle started at 11:46:14 -----
2026-03-24 11:46:15,199 - INFO - [DEBUG] options_data type: <class 'list'>, length: 17
2026-03-24 11:46:15,368 - INFO - CURRENT NET P&L: 10.850000000000023 points
2026-03-24 11:46:15,368 - WARNING - Skipping position management - stale/no price data
2026-03-24 11:46:15,369 - INFO -  Position Status - P&L: Rs10.85, Adjustments: 0
2026-03-24 11:46:15,370 - INFO - Running SMA paper trading cycle...
2026-03-24 11:46:15,408 - INFO - Running Equity paper trading cycle...
2026-03-24 11:46:15,411 - INFO - Managing existing Equity positions
2026-03-24 11:46:15,412 - INFO - ----- Position management cycle started at 11:46:15 -----
2026-03-24 11:46:15,417 - INFO - [CYCLE SUMMARY] INFY | Price: 1283.50 | Entry: 1263.50 | Stop: 1283.30 | P&L: 0.62 (1.58%) | Status: PROFIT | Risk: HIGH RISK
2026-03-24 11:46:15,418 - INFO - [DETAILED STATUS] Distance to Stop: 0.20 (0.02%) | Distance from Entry: 20.00 (1.58%) | Quantity: 0.03125 | AO Risk Applied: True
2026-03-24 11:46:15,420 - INFO - [PARTIAL EXIT INFO] 50% Exited at: 1265.00 | Partial P&L: 0.05 | Remaining Qty: 0.03125
2026-03-24 11:46:15,424 - WARNING - STOP LOSS PROXIMITY: Price 1283.50 is 0.02% above stop 1283.30
2026-03-24 11:46:15,440 - DEBUG - Stop loss unchanged: 1283.30 (new: 1282.90)
2026-03-24 11:46:15,447 - INFO - Equity Position Status - P&L: Rs0.62
2026-03-24 11:46:15,447 - INFO - Running Nifty Options paper trading cycle...
2026-03-24 11:46:15,463 - INFO - Nifty Position Status - Lot1: CLOSED, Lot2: OPEN
2026-03-24 11:46:15,463 - INFO - Starting high-accuracy delta calculation...
2026-03-24 11:46:36,435 - INFO - High-accuracy delta calculated: Spot=22763.05, Strikes=[22250, 22300, 22350, 22400, 22450, 22500, 22550, 22600, 22650, 22700, 22750, 22800, 22850, 22900, 22950, 23000, 23050, 23100, 23150, 23200, 23250]
2026-03-24 11:46:37,442 - INFO - Fetching 15m equity data (attempt 1/3)...
2026-03-24 11:46:38,230 - INFO - Successfully fetched 42 rows of 15m equity data
2026-03-24 11:46:47,138 - INFO - Successfully fetched 1244 rows of 1m data
2026-03-24 11:46:47,139 - INFO - Stored 1m market data successfully
2026-03-24 11:46:47,141 - INFO - Fetching 1m equity data (attempt 1/3)...
2026-03-24 11:46:47,283 - ERROR - Error fetching 1m equity data (attempt 1): 'NoneType' object has no attribute 'dropna'
2026-03-24 11:46:52,296 - INFO - Fetching 1m equity data (attempt 2/3)...
2026-03-24 11:46:57,870 - INFO - Successfully fetched 1092 rows of 1m equity data
2026-03-24 11:47:13,979 - INFO - Running Donchian AO trading strategy...
2026-03-24 11:47:14,079 - INFO - Using delta limit : 40 for today..
2026-03-24 11:47:35,632 - INFO - 2:2 Ratio detected: Selling CE first then PE
2026-03-24 11:47:35,633 - INFO - Selected CE_FIRST: First Leg : NIFTY2632422850CE (LTP: 47.725, Delta: 36.92391191261379)
2026-03-24 11:47:35,633 - INFO - Selected CE_FIRST: Second leg: NIFTY2632422700PE (LTP: 44.650000000000006, Delta: -33.30915142316481)
2026-03-24 11:47:35,636 - INFO - NO TRADE: No suitable option pair found.
2026-03-24 11:47:36,643 - INFO - Running paper trading cycle...
2026-03-24 11:47:36,643 - INFO -  Managing existing positions
2026-03-24 11:47:36,644 - INFO - ----- Position management cycle started at 11:47:36 -----
2026-03-24 11:47:36,880 - INFO - [DEBUG] options_data type: <class 'list'>, length: 23
2026-03-24 11:47:37,147 - INFO - CURRENT NET P&L: 10.850000000000023 points
2026-03-24 11:47:37,147 - WARNING - Skipping position management - stale/no price data
2026-03-24 11:47:37,147 - INFO -  Position Status - P&L: Rs10.85, Adjustments: 0
2026-03-24 11:47:37,147 - INFO - Running SMA paper trading cycle...
2026-03-24 11:47:37,213 - INFO - Running Equity paper trading cycle...
2026-03-24 11:47:37,213 - INFO - Managing existing Equity positions
2026-03-24 11:47:37,213 - INFO - ----- Position management cycle started at 11:47:37 -----
2026-03-24 11:47:37,213 - INFO - [CYCLE SUMMARY] INFY | Price: 1284.60 | Entry: 1263.50 | Stop: 1283.30 | P&L: 0.66 (1.67%) | Status: PROFIT | Risk: HIGH RISK
2026-03-24 11:47:37,213 - INFO - [DETAILED STATUS] Distance to Stop: 1.30 (0.10%) | Distance from Entry: 21.10 (1.67%) | Quantity: 0.03125 | AO Risk Applied: True
2026-03-24 11:47:37,213 - INFO - [PARTIAL EXIT INFO] 50% Exited at: 1265.00 | Partial P&L: 0.05 | Remaining Qty: 0.03125
2026-03-24 11:47:37,231 - WARNING - STOP LOSS PROXIMITY: Price 1284.60 is 0.10% above stop 1283.30
2026-03-24 11:47:37,246 - DEBUG - Stop loss unchanged: 1283.30 (new: 1282.90)
2026-03-24 11:47:37,253 - INFO - Equity Position Status - P&L: Rs0.66
2026-03-24 11:47:37,253 - INFO - Running Nifty Options paper trading cycle...
2026-03-24 11:47:37,266 - INFO - Nifty Position Status - Lot1: CLOSED, Lot2: OPEN
2026-03-24 11:47:37,266 - INFO - Starting high-accuracy delta calculation...
2026-03-24 11:47:37,786 - INFO - High-accuracy delta calculated: Spot=22772.4, Strikes=[22250, 22300, 22350, 22400, 22450, 22500, 22550, 22600, 22650, 22700, 22750, 22800, 22850, 22900, 22950, 23000, 23050, 23100, 23150, 23200, 23250]
2026-03-24 11:47:57,088 - INFO - Successfully fetched 1245 rows of 1m data
2026-03-24 11:47:57,088 - INFO - Stored 1m market data successfully
2026-03-24 11:47:58,094 - INFO - Fetching 1m equity data (attempt 1/3)...
2026-03-24 11:48:04,072 - INFO - Successfully fetched 1092 rows of 1m equity data
2026-03-24 11:48:36,398 - INFO - Running Donchian AO trading strategy...
2026-03-24 11:48:36,531 - INFO - Using delta limit : 40 for today..
2026-03-24 11:48:58,470 - INFO - 2:2 Ratio detected: Selling CE first then PE
2026-03-24 11:48:58,473 - INFO - Selected CE_FIRST: First Leg : NIFTY2632422850CE (LTP: 41.75, Delta: 34.06267384994513)
2026-03-24 11:48:58,473 - INFO - Selected CE_FIRST: Second leg: NIFTY2632422650PE (LTP: 34.400000000000006, Delta: -27.205886635627902)
2026-03-24 11:48:58,475 - INFO - NO TRADE: No suitable option pair found.
2026-03-24 11:48:59,483 - INFO - Running paper trading cycle...
2026-03-24 11:48:59,493 - INFO -  Managing existing positions
2026-03-24 11:48:59,493 - INFO - ----- Position management cycle started at 11:48:59 -----
2026-03-24 11:48:59,736 - INFO - [DEBUG] options_data type: <class 'list'>, length: 17
2026-03-24 11:49:00,008 - INFO - CURRENT NET P&L: 10.850000000000023 points
2026-03-24 11:49:00,009 - WARNING - Skipping position management - stale/no price data
2026-03-24 11:49:00,020 - INFO -  Position Status - P&L: Rs10.85, Adjustments: 0
2026-03-24 11:49:00,021 - INFO - Running SMA paper trading cycle...
2026-03-24 11:49:00,106 - INFO - Running Equity paper trading cycle...
2026-03-24 11:49:00,106 - INFO - Managing existing Equity positions
2026-03-24 11:49:00,106 - INFO - ----- Position management cycle started at 11:49:00 -----
2026-03-24 11:49:00,115 - INFO - [CYCLE SUMMARY] INFY | Price: 1284.80 | Entry: 1263.50 | Stop: 1283.30 | P&L: 0.67 (1.69%) | Status: PROFIT | Risk: HIGH RISK
2026-03-24 11:49:00,115 - INFO - [DETAILED STATUS] Distance to Stop: 1.50 (0.12%) | Distance from Entry: 21.30 (1.69%) | Quantity: 0.03125 | AO Risk Applied: True
2026-03-24 11:49:00,115 - INFO - [PARTIAL EXIT INFO] 50% Exited at: 1265.00 | Partial P&L: 0.05 | Remaining Qty: 0.03125
2026-03-24 11:49:00,123 - WARNING - STOP LOSS PROXIMITY: Price 1284.80 is 0.12% above stop 1283.30
2026-03-24 11:49:00,133 - INFO - AO RISK MANAGEMENT TRIGGERED: 5 consecutive red AO candles
2026-03-24 11:49:00,133 - DEBUG - AO risk management already applied
2026-03-24 11:49:00,140 - DEBUG - Stop loss unchanged: 1283.30 (new: 1282.90)
2026-03-24 11:49:00,149 - INFO - Equity Position Status - P&L: Rs0.67
2026-03-24 11:49:00,149 - INFO - Running Nifty Options paper trading cycle...
2026-03-24 11:49:00,172 - INFO - Nifty Position Status - Lot1: CLOSED, Lot2: OPEN
2026-03-24 11:49:00,172 - INFO - Starting high-accuracy delta calculation...
2026-03-24 11:49:00,658 - INFO - High-accuracy delta calculated: Spot=22773.5, Strikes=[22250, 22300, 22350, 22400, 22450, 22500, 22550, 22600, 22650, 22700, 22750, 22800, 22850, 22900, 22950, 23000, 23050, 23100, 23150, 23200, 23250]
2026-03-24 11:49:09,858 - INFO - Successfully fetched 1246 rows of 1m data
2026-03-24 11:49:09,859 - INFO - Stored 1m market data successfully
2026-03-24 11:49:10,872 - INFO - Fetching 1m equity data (attempt 1/3)...
2026-03-24 11:49:16,624 - INFO - Successfully fetched 1092 rows of 1m equity data
2026-03-24 11:49:29,752 - INFO - Starting separate VIX calculation...
2026-03-24 11:49:50,326 - WARNING - Separate VIX calculation failed
2026-03-24 11:49:54,522 - INFO - Successfully fetched 373 rows of 5m data
2026-03-24 11:49:54,522 - INFO - Stored 5m market data successfully
2026-03-24 11:49:54,533 - INFO - Fetching 5m equity data (attempt 1/3)...
2026-03-24 11:49:56,088 - INFO - Successfully fetched 192 rows of 5m equity data
2026-03-24 11:49:59,126 - INFO - Running Donchian AO trading strategy...
2026-03-24 11:49:59,299 - INFO - Using delta limit : 40 for today..
2026-03-24 11:50:24,064 - INFO - 2:2 Ratio detected: Selling CE first then PE
2026-03-24 11:50:24,066 - INFO - Selected CE_FIRST: First Leg : NIFTY2632422850CE (LTP: 40.099999999999994, Delta: 33.26412922089488)
2026-03-24 11:50:24,068 - INFO - Selected CE_FIRST: Second leg: NIFTY2632422650PE (LTP: 33.975, Delta: -27.369732110169036)
2026-03-24 11:50:24,070 - INFO - NO TRADE: No suitable option pair found.
2026-03-24 11:50:25,083 - INFO - Running paper trading cycle...
2026-03-24 11:50:25,083 - INFO -  Managing existing positions
2026-03-24 11:50:25,083 - INFO - ----- Position management cycle started at 11:50:25 -----
2026-03-24 11:50:25,335 - INFO - [DEBUG] options_data type: <class 'list'>, length: 19
2026-03-24 11:50:25,589 - INFO - CURRENT NET P&L: 10.850000000000023 points
2026-03-24 11:50:25,589 - WARNING - Skipping position management - stale/no price data
2026-03-24 11:50:25,591 - INFO -  Position Status - P&L: Rs10.85, Adjustments: 0
2026-03-24 11:50:25,591 - INFO - Running SMA paper trading cycle...
2026-03-24 11:50:25,657 - INFO - Running Equity paper trading cycle...
2026-03-24 11:50:25,657 - INFO - Managing existing Equity positions
2026-03-24 11:50:25,657 - INFO - ----- Position management cycle started at 11:50:25 -----
2026-03-24 11:50:25,665 - INFO - [CYCLE SUMMARY] INFY | Price: 1284.40 | Entry: 1263.50 | Stop: 1283.30 | P&L: 0.65 (1.65%) | Status: PROFIT | Risk: HIGH RISK
2026-03-24 11:50:25,667 - INFO - [DETAILED STATUS] Distance to Stop: 1.10 (0.09%) | Distance from Entry: 20.90 (1.65%) | Quantity: 0.03125 | AO Risk Applied: True
2026-03-24 11:50:25,667 - INFO - [PARTIAL EXIT INFO] 50% Exited at: 1265.00 | Partial P&L: 0.05 | Remaining Qty: 0.03125
2026-03-24 11:50:25,672 - WARNING - STOP LOSS PROXIMITY: Price 1284.40 is 0.09% above stop 1283.30
2026-03-24 11:50:25,683 - INFO - AO RISK MANAGEMENT TRIGGERED: 5 consecutive red AO candles
2026-03-24 11:50:25,683 - DEBUG - AO risk management already applied
2026-03-24 11:50:25,699 - DEBUG - Stop loss unchanged: 1283.30 (new: 1282.90)
2026-03-24 11:50:25,699 - INFO - Equity Position Status - P&L: Rs0.65
2026-03-24 11:50:25,699 - INFO - Running Nifty Options paper trading cycle...
2026-03-24 11:50:26,180 - INFO - Starting high-accuracy delta calculation...
2026-03-24 11:50:26,643 - INFO - High-accuracy delta calculated: Spot=22760.3, Strikes=[22250, 22300, 22350, 22400, 22450, 22500, 22550, 22600, 22650, 22700, 22750, 22800, 22850, 22900, 22950, 23000, 23050, 23100, 23150, 23200, 23250]
2026-03-24 11:50:35,873 - INFO - Successfully fetched 1248 rows of 1m data
2026-03-24 11:50:35,873 - INFO - Stored 1m market data successfully
2026-03-24 11:50:35,873 - INFO - Fetching 1m equity data (attempt 1/3)...
2026-03-24 11:50:41,915 - INFO - Successfully fetched 1092 rows of 1m equity data
2026-03-24 11:51:24,296 - INFO - Running Donchian AO trading strategy...
2026-03-24 11:51:24,427 - INFO - Using delta limit : 40 for today..
2026-03-24 11:51:25,138 - INFO - 2:2 Ratio detected: Selling CE first then PE
2026-03-24 11:51:25,138 - INFO - Selected CE_FIRST: First Leg : NIFTY2632422850CE (LTP: 40.099999999999994, Delta: 31.518180310889736)
2026-03-24 11:51:25,139 - INFO - Selected CE_FIRST: Second leg: NIFTY2632422650PE (LTP: 33.975, Delta: -28.86057963021193)
2026-03-24 11:51:25,142 - INFO - NO TRADE: No suitable option pair found.
2026-03-24 11:51:26,158 - INFO - Running paper trading cycle...
2026-03-24 11:51:26,158 - INFO -  Managing existing positions
2026-03-24 11:51:26,158 - INFO - ----- Position management cycle started at 11:51:26 -----
2026-03-24 11:51:26,377 - INFO - [DEBUG] options_data type: <class 'list'>, length: 19
2026-03-24 11:51:26,580 - INFO - CURRENT NET P&L: 10.850000000000023 points
2026-03-24 11:51:26,585 - WARNING - Skipping position management - stale/no price data
2026-03-24 11:51:26,585 - INFO -  Position Status - P&L: Rs10.85, Adjustments: 0
2026-03-24 11:51:26,585 - INFO - Running SMA paper trading cycle...
2026-03-24 11:51:26,653 - INFO - Running Equity paper trading cycle...
2026-03-24 11:51:26,653 - INFO - Managing existing Equity positions
2026-03-24 11:51:26,654 - INFO - ----- Position management cycle started at 11:51:26 -----
2026-03-24 11:51:26,661 - INFO - [CYCLE SUMMARY] INFY | Price: 1284.10 | Entry: 1263.50 | Stop: 1283.30 | P&L: 0.64 (1.63%) | Status: PROFIT | Risk: HIGH RISK
2026-03-24 11:51:26,662 - INFO - [DETAILED STATUS] Distance to Stop: 0.80 (0.06%) | Distance from Entry: 20.60 (1.63%) | Quantity: 0.03125 | AO Risk Applied: True
2026-03-24 11:51:26,667 - INFO - [PARTIAL EXIT INFO] 50% Exited at: 1265.00 | Partial P&L: 0.05 | Remaining Qty: 0.03125
2026-03-24 11:51:26,674 - WARNING - STOP LOSS PROXIMITY: Price 1284.10 is 0.06% above stop 1283.30
2026-03-24 11:51:26,683 - DEBUG - Stop loss unchanged: 1283.30 (new: 1282.90)
2026-03-24 11:51:26,693 - INFO - Equity Position Status - P&L: Rs0.64
2026-03-24 11:51:27,701 - INFO - Running Nifty Options paper trading cycle...
2026-03-24 11:51:27,843 - INFO - Starting high-accuracy delta calculation...
2026-03-24 11:51:49,810 - INFO - High-accuracy delta calculated: Spot=22769.4, Strikes=[22250, 22300, 22350, 22400, 22450, 22500, 22550, 22600, 22650, 22700, 22750, 22800, 22850, 22900, 22950, 23000, 23050, 23100, 23150, 23200, 23250]
2026-03-24 11:51:59,837 - INFO - Successfully fetched 1249 rows of 1m data
2026-03-24 11:51:59,837 - INFO - Stored 1m market data successfully
2026-03-24 11:51:59,838 - INFO - Fetching 1m equity data (attempt 1/3)...
2026-03-24 11:52:05,505 - INFO - Successfully fetched 1092 rows of 1m equity data
2026-03-24 11:52:25,741 - INFO - Running Donchian AO trading strategy...
2026-03-24 11:52:25,909 - INFO - Using delta limit : 40 for today..
2026-03-24 11:52:47,465 - INFO - 2:2 Ratio detected: Selling CE first then PE
2026-03-24 11:52:47,468 - INFO - Selected CE_FIRST: First Leg : NIFTY2632422850CE (LTP: 50.0, Delta: 37.74772708708388)
2026-03-24 11:52:47,469 - INFO - Selected CE_FIRST: Second leg: NIFTY2632422700PE (LTP: 41.95, Delta: -32.37246303368437)
2026-03-24 11:52:47,471 - INFO - NO TRADE: No suitable option pair found.
2026-03-24 11:52:48,481 - INFO - Running paper trading cycle...
2026-03-24 11:52:48,481 - INFO -  Managing existing positions
2026-03-24 11:52:48,483 - INFO - ----- Position management cycle started at 11:52:48 -----
2026-03-24 11:52:48,744 - INFO - [DEBUG] options_data type: <class 'list'>, length: 23
2026-03-24 11:52:49,005 - INFO - CURRENT NET P&L: 10.850000000000023 points
2026-03-24 11:52:49,005 - WARNING - Skipping position management - stale/no price data
2026-03-24 11:52:49,006 - INFO -  Position Status - P&L: Rs10.85, Adjustments: 0
2026-03-24 11:52:49,006 - INFO - Running SMA paper trading cycle...
2026-03-24 11:52:49,058 - INFO - Running Equity paper trading cycle...
2026-03-24 11:52:49,058 - INFO - Managing existing Equity positions
2026-03-24 11:52:49,059 - INFO - ----- Position management cycle started at 11:52:49 -----
2026-03-24 11:52:49,071 - INFO - [CYCLE SUMMARY] INFY | Price: 1286.50 | Entry: 1263.50 | Stop: 1283.30 | P&L: 0.72 (1.82%) | Status: PROFIT | Risk: HIGH RISK
2026-03-24 11:52:49,073 - INFO - [DETAILED STATUS] Distance to Stop: 3.20 (0.25%) | Distance from Entry: 23.00 (1.82%) | Quantity: 0.03125 | AO Risk Applied: True
2026-03-24 11:52:49,074 - INFO - [PARTIAL EXIT INFO] 50% Exited at: 1265.00 | Partial P&L: 0.05 | Remaining Qty: 0.03125
2026-03-24 11:52:49,080 - WARNING - STOP LOSS PROXIMITY: Price 1286.50 is 0.25% above stop 1283.30
2026-03-24 11:52:49,097 - DEBUG - Stop loss unchanged: 1283.30 (new: 1283.00)
2026-03-24 11:52:49,107 - INFO - Equity Position Status - P&L: Rs0.72
2026-03-24 11:52:49,109 - INFO - Running Nifty Options paper trading cycle...
2026-03-24 11:52:50,209 - INFO - Starting high-accuracy delta calculation...
2026-03-24 11:52:50,724 - INFO - High-accuracy delta calculated: Spot=22786.05, Strikes=[22300, 22350, 22400, 22450, 22500, 22550, 22600, 22650, 22700, 22750, 22800, 22850, 22900, 22950, 23000, 23050, 23100, 23150, 23200, 23250, 23300]
2026-03-24 11:53:09,970 - INFO - Successfully fetched 1250 rows of 1m data
2026-03-24 11:53:09,970 - INFO - Stored 1m market data successfully
2026-03-24 11:53:10,973 - INFO - Fetching 1m equity data (attempt 1/3)...
2026-03-24 11:53:16,766 - INFO - Successfully fetched 1092 rows of 1m equity data
2026-03-24 11:53:48,013 - INFO - Running Donchian AO trading strategy...
2026-03-24 11:53:48,124 - INFO - Using delta limit : 40 for today..
2026-03-24 11:54:10,112 - INFO - 2:2 Ratio detected: Selling CE first then PE
2026-03-24 11:54:10,113 - INFO - Selected CE_FIRST: First Leg : NIFTY2632422850CE (LTP: 49.075, Delta: 38.25323521547529)
2026-03-24 11:54:10,113 - INFO - Selected CE_FIRST: Second leg: NIFTY2632422700PE (LTP: 40.3, Delta: -31.481247333768387)
2026-03-24 11:54:10,116 - INFO - NO TRADE: No suitable option pair found.
2026-03-24 11:54:11,120 - INFO - Running paper trading cycle...
2026-03-24 11:54:11,122 - INFO -  Managing existing positions
2026-03-24 11:54:11,122 - INFO - ----- Position management cycle started at 11:54:11 -----
2026-03-24 11:54:11,359 - INFO - [DEBUG] options_data type: <class 'list'>, length: 19
2026-03-24 11:54:11,627 - INFO - CURRENT NET P&L: 10.850000000000023 points
2026-03-24 11:54:11,627 - WARNING - Skipping position management - stale/no price data
2026-03-24 11:54:11,628 - INFO -  Position Status - P&L: Rs10.85, Adjustments: 0
2026-03-24 11:54:11,628 - INFO - Running SMA paper trading cycle...
2026-03-24 11:54:11,692 - INFO - Running Equity paper trading cycle...
2026-03-24 11:54:11,692 - INFO - Managing existing Equity positions
2026-03-24 11:54:11,693 - INFO - ----- Position management cycle started at 11:54:11 -----
2026-03-24 11:54:11,698 - INFO - [CYCLE SUMMARY] INFY | Price: 1286.20 | Entry: 1263.50 | Stop: 1283.30 | P&L: 0.71 (1.80%) | Status: PROFIT | Risk: HIGH RISK
2026-03-24 11:54:11,700 - INFO - [DETAILED STATUS] Distance to Stop: 2.90 (0.23%) | Distance from Entry: 22.70 (1.80%) | Quantity: 0.03125 | AO Risk Applied: True
2026-03-24 11:54:11,705 - INFO - [PARTIAL EXIT INFO] 50% Exited at: 1265.00 | Partial P&L: 0.05 | Remaining Qty: 0.03125
2026-03-24 11:54:11,713 - WARNING - STOP LOSS PROXIMITY: Price 1286.20 is 0.23% above stop 1283.30
2026-03-24 11:54:11,734 - DEBUG - Stop loss unchanged: 1283.30 (new: 1283.00)
2026-03-24 11:54:11,745 - INFO - Equity Position Status - P&L: Rs0.71
2026-03-24 11:54:11,745 - INFO - Running Nifty Options paper trading cycle...
2026-03-24 11:54:11,840 - INFO - Starting high-accuracy delta calculation...
2026-03-24 11:54:12,377 - INFO - High-accuracy delta calculated: Spot=22790.1, Strikes=[22300, 22350, 22400, 22450, 22500, 22550, 22600, 22650, 22700, 22750, 22800, 22850, 22900, 22950, 23000, 23050, 23100, 23150, 23200, 23250, 23300]
2026-03-24 11:54:20,899 - INFO - Successfully fetched 1252 rows of 1m data
2026-03-24 11:54:20,900 - INFO - Stored 1m market data successfully
2026-03-24 11:54:21,912 - INFO - Fetching 1m equity data (attempt 1/3)...
2026-03-24 11:54:27,262 - INFO - Successfully fetched 1092 rows of 1m equity data
2026-03-24 11:54:50,498 - INFO - Starting separate VIX calculation...
2026-03-24 11:55:27,144 - INFO - VIX calculated separately: 40.84
2026-03-24 11:55:31,450 - INFO - Successfully fetched 375 rows of 5m data
2026-03-24 11:55:31,451 - INFO - Stored 5m market data successfully
2026-03-24 11:55:31,451 - INFO - Fetching 5m equity data (attempt 1/3)...
2026-03-24 11:55:31,588 - ERROR - Error fetching 5m equity data (attempt 1): 'NoneType' object has no attribute 'dropna'
2026-03-24 11:55:36,605 - INFO - Fetching 5m equity data (attempt 2/3)...
2026-03-24 11:55:36,696 - ERROR - Error fetching 5m equity data (attempt 2): 'NoneType' object has no attribute 'dropna'
2026-03-24 11:55:46,706 - INFO - Fetching 5m equity data (attempt 3/3)...
2026-03-24 11:55:48,014 - INFO - Successfully fetched 193 rows of 5m equity data
2026-03-24 11:55:48,014 - INFO - Running Donchian AO trading strategy...
2026-03-24 11:55:48,127 - INFO - Using delta limit : 40 for today..
2026-03-24 11:56:10,809 - INFO - 2:2 Ratio detected: Selling CE first then PE
2026-03-24 11:56:10,811 - INFO - Selected CE_FIRST: First Leg : NIFTY2632422850CE (LTP: 48.474999999999994, Delta: 38.340166632198375)
2026-03-24 11:56:10,812 - INFO - Selected CE_FIRST: Second leg: NIFTY2632422700PE (LTP: 38.55, Delta: -30.914695438535023)
2026-03-24 11:56:10,813 - INFO - NO TRADE: No suitable option pair found.
2026-03-24 11:56:10,813 - INFO - Running paper trading cycle...
2026-03-24 11:56:10,813 - INFO -  Managing existing positions
2026-03-24 11:56:10,813 - INFO - ----- Position management cycle started at 11:56:10 -----
2026-03-24 11:56:11,063 - INFO - [DEBUG] options_data type: <class 'list'>, length: 25
2026-03-24 11:56:11,306 - INFO - CURRENT NET P&L: 10.850000000000023 points
2026-03-24 11:56:11,308 - WARNING - Skipping position management - stale/no price data
2026-03-24 11:56:11,308 - INFO -  Position Status - P&L: Rs10.85, Adjustments: 0
2026-03-24 11:56:11,308 - INFO - Running SMA paper trading cycle...
2026-03-24 11:56:11,355 - INFO - Running Equity paper trading cycle...
2026-03-24 11:56:11,356 - INFO - Managing existing Equity positions
2026-03-24 11:56:11,356 - INFO - ----- Position management cycle started at 11:56:11 -----
2026-03-24 11:56:11,363 - INFO - [CYCLE SUMMARY] INFY | Price: 1287.60 | Entry: 1263.50 | Stop: 1283.30 | P&L: 0.75 (1.91%) | Status: PROFIT | Risk: HIGH RISK
2026-03-24 11:56:11,365 - INFO - [DETAILED STATUS] Distance to Stop: 4.30 (0.33%) | Distance from Entry: 24.10 (1.91%) | Quantity: 0.03125 | AO Risk Applied: True
2026-03-24 11:56:11,366 - INFO - [PARTIAL EXIT INFO] 50% Exited at: 1265.00 | Partial P&L: 0.05 | Remaining Qty: 0.03125
2026-03-24 11:56:11,376 - WARNING - STOP LOSS PROXIMITY: Price 1287.60 is 0.33% above stop 1283.30
2026-03-24 11:56:11,388 - DEBUG - Stop loss unchanged: 1283.30 (new: 1283.00)
2026-03-24 11:56:11,394 - INFO - Equity Position Status - P&L: Rs0.75
2026-03-24 11:56:11,394 - INFO - Running Nifty Options paper trading cycle...
2026-03-24 11:56:11,547 - INFO - Starting high-accuracy delta calculation...
2026-03-24 11:56:12,083 - INFO - High-accuracy delta calculated: Spot=22811.9, Strikes=[22300, 22350, 22400, 22450, 22500, 22550, 22600, 22650, 22700, 22750, 22800, 22850, 22900, 22950, 23000, 23050, 23100, 23150, 23200, 23250, 23300]
2026-03-24 11:56:12,194 - WARNING - Failed to fetch 1m data - empty result
2026-03-24 11:56:21,715 - INFO - Successfully fetched 1254 rows of 1m data
2026-03-24 11:56:21,715 - INFO - Stored 1m market data successfully
2026-03-24 11:56:21,716 - INFO - Fetching 1m equity data (attempt 1/3)...
2026-03-24 11:56:28,085 - INFO - Successfully fetched 1092 rows of 1m equity data
2026-03-24 11:57:11,589 - INFO - Running Donchian AO trading strategy...
2026-03-24 11:57:11,689 - INFO - Using delta limit : 40 for today..
2026-03-24 11:57:32,335 - INFO - 2:2 Ratio detected: Selling CE first then PE
2026-03-24 11:57:32,337 - WARNING - Invalid trade result: None
2026-03-24 11:57:32,339 - INFO - NO TRADE: No suitable option pair found.
2026-03-24 11:57:32,341 - INFO - Running paper trading cycle...
2026-03-24 11:57:32,341 - INFO -  Managing existing positions
2026-03-24 11:57:32,341 - INFO - ----- Position management cycle started at 11:57:32 -----
2026-03-24 11:57:32,603 - INFO - [DEBUG] options_data type: <class 'list'>, length: 23
2026-03-24 11:57:32,823 - INFO - CURRENT NET P&L: 10.850000000000023 points
2026-03-24 11:57:32,824 - WARNING - Skipping position management - stale/no price data
2026-03-24 11:57:32,825 - INFO -  Position Status - P&L: Rs10.85, Adjustments: 0
2026-03-24 11:57:32,826 - INFO - Running SMA paper trading cycle...
2026-03-24 11:57:32,892 - INFO - Running Equity paper trading cycle...
2026-03-24 11:57:32,893 - INFO - Managing existing Equity positions
2026-03-24 11:57:32,894 - INFO - ----- Position management cycle started at 11:57:32 -----
2026-03-24 11:57:32,900 - INFO - [CYCLE SUMMARY] INFY | Price: 1290.00 | Entry: 1263.50 | Stop: 1283.30 | P&L: 0.83 (2.10%) | Status: PROFIT | Risk: HIGH RISK
2026-03-24 11:57:32,901 - INFO - [DETAILED STATUS] Distance to Stop: 6.70 (0.52%) | Distance from Entry: 26.50 (2.10%) | Quantity: 0.03125 | AO Risk Applied: True
2026-03-24 11:57:32,902 - INFO - [PARTIAL EXIT INFO] 50% Exited at: 1265.00 | Partial P&L: 0.05 | Remaining Qty: 0.03125
2026-03-24 11:57:32,912 - WARNING - STOP LOSS PROXIMITY: Price 1290.00 is 0.52% above stop 1283.30
2026-03-24 11:57:32,924 - INFO - STOP LOSS UPDATED:
2026-03-24 11:57:32,926 - INFO -   Old Stop: 1283.30
2026-03-24 11:57:32,927 - INFO -   New Stop: 1284.10
2026-03-24 11:57:32,927 - INFO -   Improvement: +0.80 (+0.06%)
2026-03-24 11:57:32,929 - INFO -   New Distance to Stop: 5.90 (0.46%)
2026-03-24 11:57:32,931 - DEBUG - Position saved to active_equity_position.json
2026-03-24 11:57:32,935 - INFO - Equity Position Status - P&L: Rs0.83
2026-03-24 11:57:32,936 - INFO - Running Nifty Options paper trading cycle...
2026-03-24 11:57:34,029 - INFO - Starting high-accuracy delta calculation...
2026-03-24 11:57:34,549 - INFO - High-accuracy delta calculated: Spot=22821.3, Strikes=[22300, 22350, 22400, 22450, 22500, 22550, 22600, 22650, 22700, 22750, 22800, 22850, 22900, 22950, 23000, 23050, 23100, 23150, 23200, 23250, 23300]
2026-03-24 11:57:43,965 - INFO - Successfully fetched 1255 rows of 1m data
2026-03-24 11:57:43,965 - INFO - Stored 1m market data successfully
2026-03-24 11:57:43,967 - INFO - Fetching 1m equity data (attempt 1/3)...
2026-03-24 11:57:44,077 - ERROR - Error fetching 1m equity data (attempt 1): 'NoneType' object has no attribute 'dropna'
2026-03-24 11:57:49,102 - INFO - Fetching 1m equity data (attempt 2/3)...
2026-03-24 11:57:54,436 - INFO - Successfully fetched 1092 rows of 1m equity data
2026-03-24 11:58:32,744 - INFO - Running Donchian AO trading strategy...
2026-03-24 11:58:32,953 - INFO - Using delta limit : 40 for today..
2026-03-24 11:58:35,708 - INFO - 2:2 Ratio detected: Selling CE first then PE
2026-03-24 11:58:35,708 - WARNING - Invalid trade result: None
2026-03-24 11:58:35,708 - INFO - NO TRADE: No suitable option pair found.
2026-03-24 11:58:36,732 - INFO - Running paper trading cycle...
2026-03-24 11:58:36,732 - INFO -  Managing existing positions
2026-03-24 11:58:36,733 - INFO - ----- Position management cycle started at 11:58:36 -----
2026-03-24 11:58:36,971 - INFO - [DEBUG] options_data type: <class 'list'>, length: 23
2026-03-24 11:58:37,236 - INFO - CURRENT NET P&L: 10.850000000000023 points
2026-03-24 11:58:37,239 - WARNING - Skipping position management - stale/no price data
2026-03-24 11:58:37,244 - INFO -  Position Status - P&L: Rs10.85, Adjustments: 0
2026-03-24 11:58:37,246 - INFO - Running SMA paper trading cycle...
2026-03-24 11:58:37,315 - INFO - Running Equity paper trading cycle...
2026-03-24 11:58:37,316 - INFO - Managing existing Equity positions
2026-03-24 11:58:37,316 - INFO - ----- Position management cycle started at 11:58:37 -----
2026-03-24 11:58:37,329 - INFO - [CYCLE SUMMARY] INFY | Price: 1290.10 | Entry: 1263.50 | Stop: 1284.10 | P&L: 0.83 (2.11%) | Status: PROFIT | Risk: HIGH RISK
2026-03-24 11:58:37,332 - INFO - [DETAILED STATUS] Distance to Stop: 6.00 (0.47%) | Distance from Entry: 26.60 (2.11%) | Quantity: 0.03125 | AO Risk Applied: True
2026-03-24 11:58:37,335 - INFO - [PARTIAL EXIT INFO] 50% Exited at: 1265.00 | Partial P&L: 0.05 | Remaining Qty: 0.03125
2026-03-24 11:58:37,349 - WARNING - STOP LOSS PROXIMITY: Price 1290.10 is 0.47% above stop 1284.10
2026-03-24 11:58:37,371 - INFO - STOP LOSS UPDATED:
2026-03-24 11:58:37,376 - INFO -   Old Stop: 1284.10
2026-03-24 11:58:37,377 - INFO -   New Stop: 1285.30
2026-03-24 11:58:37,378 - INFO -   Improvement: +1.20 (+0.09%)
2026-03-24 11:58:37,379 - INFO -   New Distance to Stop: 4.80 (0.37%)
2026-03-24 11:58:37,381 - DEBUG - Position saved to active_equity_position.json
2026-03-24 11:58:37,391 - INFO - Equity Position Status - P&L: Rs0.83
2026-03-24 11:58:37,391 - INFO - Running Nifty Options paper trading cycle...
2026-03-24 11:58:37,487 - INFO - Starting high-accuracy delta calculation...
2026-03-24 11:58:58,715 - INFO - High-accuracy delta calculated: Spot=22810.75, Strikes=[22300, 22350, 22400, 22450, 22500, 22550, 22600, 22650, 22700, 22750, 22800, 22850, 22900, 22950, 23000, 23050, 23100, 23150, 23200, 23250, 23300]
2026-03-24 11:59:11,251 - INFO - Successfully fetched 1256 rows of 1m data
2026-03-24 11:59:11,251 - INFO - Stored 1m market data successfully
2026-03-24 11:59:11,251 - INFO - Fetching 1m equity data (attempt 1/3)...
2026-03-24 11:59:11,361 - ERROR - Error fetching 1m equity data (attempt 1): 'NoneType' object has no attribute 'dropna'
2026-03-24 11:59:16,372 - INFO - Fetching 1m equity data (attempt 2/3)...
2026-03-24 11:59:16,477 - ERROR - Error fetching 1m equity data (attempt 2): 'NoneType' object has no attribute 'dropna'
2026-03-24 11:59:26,497 - INFO - Fetching 1m equity data (attempt 3/3)...
2026-03-24 11:59:26,610 - ERROR - Error fetching 1m equity data (attempt 3): 'NoneType' object has no attribute 'dropna'
2026-03-24 11:59:26,612 - ERROR - Failed to fetch 1m equity data after 3 attempts
2026-03-24 11:59:33,421 - INFO - Successfully fetched 128 rows of 15m data
2026-03-24 11:59:33,421 - INFO - Stored 15m market data successfully
2026-03-24 11:59:36,443 - INFO - Running Donchian AO trading strategy...
2026-03-24 11:59:36,630 - INFO - Using delta limit : 40 for today..
2026-03-24 12:00:02,786 - INFO - 2:2 Ratio detected: Selling CE first then PE
2026-03-24 12:00:02,787 - WARNING - Invalid trade result: None
2026-03-24 12:00:02,790 - INFO - NO TRADE: No suitable option pair found.
2026-03-24 12:00:03,805 - INFO - Running paper trading cycle...
2026-03-24 12:00:03,806 - INFO -  Managing existing positions
2026-03-24 12:00:03,807 - INFO - ----- Position management cycle started at 12:00:03 -----
2026-03-24 12:00:04,048 - INFO - [DEBUG] options_data type: <class 'list'>, length: 23
2026-03-24 12:00:04,337 - INFO - CURRENT NET P&L: 10.850000000000023 points
2026-03-24 12:00:04,338 - WARNING - Skipping position management - stale/no price data
2026-03-24 12:00:04,341 - INFO -  Position Status - P&L: Rs10.85, Adjustments: 0
2026-03-24 12:00:04,343 - INFO - Running SMA paper trading cycle...
2026-03-24 12:00:04,418 - INFO - Running Equity paper trading cycle...
2026-03-24 12:00:04,419 - INFO - Managing existing Equity positions
2026-03-24 12:00:04,419 - INFO - ----- Position management cycle started at 12:00:04 -----
2026-03-24 12:00:04,430 - INFO - [CYCLE SUMMARY] INFY | Price: 1290.10 | Entry: 1263.50 | Stop: 1285.30 | P&L: 0.83 (2.11%) | Status: PROFIT | Risk: HIGH RISK
2026-03-24 12:00:04,434 - INFO - [DETAILED STATUS] Distance to Stop: 4.80 (0.37%) | Distance from Entry: 26.60 (2.11%) | Quantity: 0.03125 | AO Risk Applied: True
2026-03-24 12:00:04,437 - INFO - [PARTIAL EXIT INFO] 50% Exited at: 1265.00 | Partial P&L: 0.05 | Remaining Qty: 0.03125
2026-03-24 12:00:04,445 - WARNING - STOP LOSS PROXIMITY: Price 1290.10 is 0.37% above stop 1285.30
2026-03-24 12:00:04,467 - DEBUG - Stop loss unchanged: 1285.30 (new: 1285.30)
2026-03-24 12:00:04,475 - INFO - Equity Position Status - P&L: Rs0.83
2026-03-24 12:00:04,476 - INFO - Running Nifty Options paper trading cycle...
2026-03-24 12:00:04,595 - INFO - Starting high-accuracy delta calculation...
2026-03-24 12:00:05,156 - INFO - High-accuracy delta calculated: Spot=22807.95, Strikes=[22300, 22350, 22400, 22450, 22500, 22550, 22600, 22650, 22700, 22750, 22800, 22850, 22900, 22950, 23000, 23050, 23100, 23150, 23200, 23250, 23300]
2026-03-24 12:00:21,814 - INFO - Successfully fetched 1258 rows of 1m data
2026-03-24 12:00:21,814 - INFO - Stored 1m market data successfully
2026-03-24 12:00:26,860 - INFO - Fetching 1m equity data (attempt 1/3)...
2026-03-24 12:00:26,985 - ERROR - Error fetching 1m equity data (attempt 1): 'NoneType' object has no attribute 'dropna'
2026-03-24 12:00:31,994 - INFO - Fetching 1m equity data (attempt 2/3)...
2026-03-24 12:00:32,115 - ERROR - Error fetching 1m equity data (attempt 2): 'NoneType' object has no attribute 'dropna'
2026-03-24 12:00:42,129 - INFO - Fetching 1m equity data (attempt 3/3)...
2026-03-24 12:00:46,515 - INFO - Successfully fetched 1092 rows of 1m equity data
2026-03-24 12:00:47,523 - INFO - Starting separate VIX calculation...
2026-03-24 12:01:09,634 - WARNING - Separate VIX calculation failed
2026-03-24 12:01:13,421 - INFO - Successfully fetched 376 rows of 5m data
2026-03-24 12:01:13,422 - INFO - Stored 5m market data successfully
2026-03-24 12:01:14,441 - INFO - Fetching 5m equity data (attempt 1/3)...
2026-03-24 12:01:15,906 - INFO - Successfully fetched 193 rows of 5m equity data
2026-03-24 12:01:15,906 - INFO - Running Donchian AO trading strategy...
2026-03-24 12:01:16,111 - INFO - Using delta limit : 40 for today..
2026-03-24 12:01:40,974 - INFO - 2:2 Ratio detected: Selling CE first then PE
2026-03-24 12:01:40,979 - WARNING - Invalid trade result: None
2026-03-24 12:01:40,983 - INFO - NO TRADE: No suitable option pair found.
2026-03-24 12:01:40,984 - INFO - Running paper trading cycle...
2026-03-24 12:01:40,984 - INFO -  Managing existing positions
2026-03-24 12:01:40,985 - INFO - ----- Position management cycle started at 12:01:40 -----
2026-03-24 12:01:41,253 - INFO - [DEBUG] options_data type: <class 'list'>, length: 25
2026-03-24 12:01:41,542 - INFO - CURRENT NET P&L: 10.850000000000023 points
2026-03-24 12:01:41,546 - WARNING - Skipping position management - stale/no price data
2026-03-24 12:01:41,548 - INFO -  Position Status - P&L: Rs10.85, Adjustments: 0
2026-03-24 12:01:41,548 - INFO - Running SMA paper trading cycle...
2026-03-24 12:01:41,614 - INFO - Running Equity paper trading cycle...
2026-03-24 12:01:41,614 - INFO - Managing existing Equity positions
2026-03-24 12:01:41,615 - INFO - ----- Position management cycle started at 12:01:41 -----
2026-03-24 12:01:41,620 - INFO - [CYCLE SUMMARY] INFY | Price: 1293.60 | Entry: 1263.50 | Stop: 1285.30 | P&L: 0.94 (2.38%) | Status: PROFIT | Risk: HIGH RISK
2026-03-24 12:01:41,622 - INFO - [DETAILED STATUS] Distance to Stop: 8.30 (0.64%) | Distance from Entry: 30.10 (2.38%) | Quantity: 0.03125 | AO Risk Applied: True
2026-03-24 12:01:41,623 - INFO - [PARTIAL EXIT INFO] 50% Exited at: 1265.00 | Partial P&L: 0.05 | Remaining Qty: 0.03125
2026-03-24 12:01:41,633 - WARNING - STOP LOSS PROXIMITY: Price 1293.60 is 0.64% above stop 1285.30
2026-03-24 12:01:41,647 - INFO - STOP LOSS UPDATED:
2026-03-24 12:01:41,649 - INFO -   Old Stop: 1285.30
2026-03-24 12:01:41,650 - INFO -   New Stop: 1287.30
2026-03-24 12:01:41,651 - INFO -   Improvement: +2.00 (+0.16%)
2026-03-24 12:01:41,652 - INFO -   New Distance to Stop: 6.30 (0.49%)
2026-03-24 12:01:41,654 - DEBUG - Position saved to active_equity_position.json
2026-03-24 12:01:41,665 - INFO - Equity Position Status - P&L: Rs0.94
2026-03-24 12:01:41,666 - INFO - Running Nifty Options paper trading cycle...
2026-03-24 12:01:41,794 - INFO - Starting high-accuracy delta calculation...
2026-03-24 12:01:42,279 - INFO - High-accuracy delta calculated: Spot=22805.95, Strikes=[22300, 22350, 22400, 22450, 22500, 22550, 22600, 22650, 22700, 22750, 22800, 22850, 22900, 22950, 23000, 23050, 23100, 23150, 23200, 23250, 23300]
2026-03-24 12:01:53,023 - INFO - Successfully fetched 1259 rows of 1m data
2026-03-24 12:01:53,023 - INFO - Stored 1m market data successfully
2026-03-24 12:01:53,024 - INFO - Fetching 15m equity data (attempt 1/3)...
2026-03-24 12:01:53,789 - INFO - Successfully fetched 42 rows of 15m equity data
2026-03-24 12:01:54,792 - INFO - Fetching 1m equity data (attempt 1/3)...
2026-03-24 12:02:01,780 - INFO - Successfully fetched 1092 rows of 1m equity data
2026-03-24 12:02:41,346 - INFO - Running Donchian AO trading strategy...
2026-03-24 12:02:41,570 - INFO - Using delta limit : 40 for today..
2026-03-24 12:03:05,037 - INFO - 2:2 Ratio detected: Selling CE first then PE
2026-03-24 12:03:05,038 - INFO - Selected CE_FIRST: First Leg : NIFTY2632422850CE (LTP: 49.775000000000006, Delta: 38.8737381146129)
2026-03-24 12:03:05,039 - INFO - Selected CE_FIRST: Second leg: NIFTY2632422700PE (LTP: 36.525000000000006, Delta: -30.16088647755484)
2026-03-24 12:03:05,041 - INFO - NO TRADE: No suitable option pair found.
2026-03-24 12:03:06,043 - INFO - Running paper trading cycle...
2026-03-24 12:03:06,046 - INFO -  Managing existing positions
2026-03-24 12:03:06,048 - INFO - ----- Position management cycle started at 12:03:06 -----
2026-03-24 12:03:06,307 - INFO - [DEBUG] options_data type: <class 'list'>, length: 25
2026-03-24 12:03:06,554 - INFO - CURRENT NET P&L: 10.850000000000023 points
2026-03-24 12:03:06,556 - WARNING - Skipping position management - stale/no price data
2026-03-24 12:03:06,557 - INFO -  Position Status - P&L: Rs10.85, Adjustments: 0
2026-03-24 12:03:06,558 - INFO - Running SMA paper trading cycle...
2026-03-24 12:03:06,638 - INFO - Running Equity paper trading cycle...
2026-03-24 12:03:06,639 - INFO - Managing existing Equity positions
2026-03-24 12:03:06,640 - INFO - ----- Position management cycle started at 12:03:06 -----
2026-03-24 12:03:06,651 - INFO - [CYCLE SUMMARY] INFY | Price: 1294.10 | Entry: 1263.50 | Stop: 1287.30 | P&L: 0.96 (2.42%) | Status: PROFIT | Risk: HIGH RISK
2026-03-24 12:03:06,656 - INFO - [DETAILED STATUS] Distance to Stop: 6.80 (0.53%) | Distance from Entry: 30.60 (2.42%) | Quantity: 0.03125 | AO Risk Applied: True
2026-03-24 12:03:06,658 - INFO - [PARTIAL EXIT INFO] 50% Exited at: 1265.00 | Partial P&L: 0.05 | Remaining Qty: 0.03125
2026-03-24 12:03:06,667 - WARNING - STOP LOSS PROXIMITY: Price 1294.10 is 0.53% above stop 1287.30
2026-03-24 12:03:06,682 - INFO - STOP LOSS UPDATED:
2026-03-24 12:03:06,683 - INFO -   Old Stop: 1287.30
2026-03-24 12:03:06,683 - INFO -   New Stop: 1288.00
2026-03-24 12:03:06,684 - INFO -   Improvement: +0.70 (+0.05%)
2026-03-24 12:03:06,684 - INFO -   New Distance to Stop: 6.10 (0.47%)
2026-03-24 12:03:06,685 - DEBUG - Position saved to active_equity_position.json
2026-03-24 12:03:06,692 - INFO - Equity Position Status - P&L: Rs0.96
2026-03-24 12:03:06,692 - INFO - Running Nifty Options paper trading cycle...
2026-03-24 12:03:06,838 - INFO - Starting high-accuracy delta calculation...
2026-03-24 12:03:07,365 - INFO - High-accuracy delta calculated: Spot=22803.7, Strikes=[22300, 22350, 22400, 22450, 22500, 22550, 22600, 22650, 22700, 22750, 22800, 22850, 22900, 22950, 23000, 23050, 23100, 23150, 23200, 23250, 23300]
2026-03-24 12:03:16,802 - INFO - Successfully fetched 1261 rows of 1m data
2026-03-24 12:03:16,803 - INFO - Stored 1m market data successfully
2026-03-24 12:03:16,804 - INFO - Fetching 1m equity data (attempt 1/3)...
2026-03-24 12:03:22,956 - INFO - Successfully fetched 1092 rows of 1m equity data
2026-03-24 12:04:05,427 - INFO - Running Donchian AO trading strategy...
2026-03-24 12:04:05,558 - INFO - Using delta limit : 40 for today..
2026-03-24 12:04:27,001 - INFO - 2:2 Ratio detected: Selling CE first then PE
2026-03-24 12:04:27,001 - INFO - Selected CE_FIRST: First Leg : NIFTY2632422850CE (LTP: 49.3, Delta: 39.044491875555245)
2026-03-24 12:04:27,001 - INFO - Selected CE_FIRST: Second leg: NIFTY2632422700PE (LTP: 36.849999999999994, Delta: -30.080721448899506)
2026-03-24 12:04:27,004 - INFO - NO TRADE: No suitable option pair found.
2026-03-24 12:04:28,015 - INFO - Running paper trading cycle...
2026-03-24 12:04:28,015 - INFO -  Managing existing positions
2026-03-24 12:04:28,015 - INFO - ----- Position management cycle started at 12:04:28 -----
2026-03-24 12:04:28,282 - INFO - [DEBUG] options_data type: <class 'list'>, length: 21
2026-03-24 12:04:28,550 - INFO - CURRENT NET P&L: 10.850000000000023 points
2026-03-24 12:04:28,551 - WARNING - Skipping position management - stale/no price data
2026-03-24 12:04:28,552 - INFO -  Position Status - P&L: Rs10.85, Adjustments: 0
2026-03-24 12:04:28,553 - INFO - Running SMA paper trading cycle...
2026-03-24 12:04:28,605 - INFO - Running Equity paper trading cycle...
2026-03-24 12:04:28,606 - INFO - Managing existing Equity positions
2026-03-24 12:04:28,606 - INFO - ----- Position management cycle started at 12:04:28 -----
2026-03-24 12:04:28,618 - INFO - [CYCLE SUMMARY] INFY | Price: 1294.10 | Entry: 1263.50 | Stop: 1288.00 | P&L: 0.96 (2.42%) | Status: PROFIT | Risk: HIGH RISK
2026-03-24 12:04:28,620 - INFO - [DETAILED STATUS] Distance to Stop: 6.10 (0.47%) | Distance from Entry: 30.60 (2.42%) | Quantity: 0.03125 | AO Risk Applied: True
2026-03-24 12:04:28,622 - INFO - [PARTIAL EXIT INFO] 50% Exited at: 1265.00 | Partial P&L: 0.05 | Remaining Qty: 0.03125
2026-03-24 12:04:28,626 - WARNING - STOP LOSS PROXIMITY: Price 1294.10 is 0.47% above stop 1288.00
2026-03-24 12:04:28,640 - INFO - STOP LOSS UPDATED:
2026-03-24 12:04:28,641 - INFO -   Old Stop: 1288.00
2026-03-24 12:04:28,642 - INFO -   New Stop: 1289.30
2026-03-24 12:04:28,643 - INFO -   Improvement: +1.30 (+0.10%)
2026-03-24 12:04:28,643 - INFO -   New Distance to Stop: 4.80 (0.37%)
2026-03-24 12:04:28,650 - DEBUG - Position saved to active_equity_position.json
2026-03-24 12:04:28,657 - INFO - Equity Position Status - P&L: Rs0.96
2026-03-24 12:04:28,658 - INFO - Running Nifty Options paper trading cycle...
2026-03-24 12:04:28,777 - INFO - Starting high-accuracy delta calculation...
2026-03-24 12:04:29,321 - INFO - High-accuracy delta calculated: Spot=22796, Strikes=[22300, 22350, 22400, 22450, 22500, 22550, 22600, 22650, 22700, 22750, 22800, 22850, 22900, 22950, 23000, 23050, 23100, 23150, 23200, 23250, 23300]
2026-03-24 12:04:39,339 - INFO - Successfully fetched 1262 rows of 1m data
2026-03-24 12:04:39,339 - INFO - Stored 1m market data successfully
2026-03-24 12:04:39,340 - INFO - Fetching 1m equity data (attempt 1/3)...
2026-03-24 12:04:45,141 - INFO - Successfully fetched 1092 rows of 1m equity data
2026-03-24 12:05:27,083 - INFO - Running Donchian AO trading strategy...
2026-03-24 12:05:27,232 - INFO - Using delta limit : 40 for today..
2026-03-24 12:05:28,010 - INFO - 2:2 Ratio detected: Selling CE first then PE
2026-03-24 12:05:28,017 - INFO - Selected CE_FIRST: First Leg : NIFTY2632422850CE (LTP: 49.3, Delta: 38.46848690054391)
2026-03-24 12:05:28,017 - INFO - Selected CE_FIRST: Second leg: NIFTY2632422700PE (LTP: 36.849999999999994, Delta: -30.570431529183452)
2026-03-24 12:05:28,017 - INFO - NO TRADE: No suitable option pair found.
2026-03-24 12:05:29,033 - INFO - Running paper trading cycle...
2026-03-24 12:05:29,033 - INFO -  Managing existing positions
2026-03-24 12:05:29,035 - INFO - ----- Position management cycle started at 12:05:29 -----
2026-03-24 12:05:29,291 - INFO - [DEBUG] options_data type: <class 'list'>, length: 21
2026-03-24 12:05:29,695 - INFO - CURRENT NET P&L: 10.850000000000023 points
2026-03-24 12:05:29,695 - WARNING - Skipping position management - stale/no price data
2026-03-24 12:05:29,701 - INFO -  Position Status - P&L: Rs10.85, Adjustments: 0
2026-03-24 12:05:29,703 - INFO - Running SMA paper trading cycle...
2026-03-24 12:05:29,770 - INFO - Running Equity paper trading cycle...
2026-03-24 12:05:29,770 - INFO - Managing existing Equity positions
2026-03-24 12:05:29,770 - INFO - ----- Position management cycle started at 12:05:29 -----
2026-03-24 12:05:29,773 - INFO - [CYCLE SUMMARY] INFY | Price: 1294.20 | Entry: 1263.50 | Stop: 1289.30 | P&L: 0.96 (2.43%) | Status: PROFIT | Risk: HIGH RISK
2026-03-24 12:05:29,773 - INFO - [DETAILED STATUS] Distance to Stop: 4.90 (0.38%) | Distance from Entry: 30.70 (2.43%) | Quantity: 0.03125 | AO Risk Applied: True
2026-03-24 12:05:29,785 - INFO - [PARTIAL EXIT INFO] 50% Exited at: 1265.00 | Partial P&L: 0.05 | Remaining Qty: 0.03125
2026-03-24 12:05:29,787 - WARNING - STOP LOSS PROXIMITY: Price 1294.20 is 0.38% above stop 1289.30
2026-03-24 12:05:29,800 - INFO - STOP LOSS UPDATED:
2026-03-24 12:05:29,800 - INFO -   Old Stop: 1289.30
2026-03-24 12:05:29,800 - INFO -   New Stop: 1289.80
2026-03-24 12:05:29,800 - INFO -   Improvement: +0.50 (+0.04%)
2026-03-24 12:05:29,800 - INFO -   New Distance to Stop: 4.40 (0.34%)
2026-03-24 12:05:29,800 - DEBUG - Position saved to active_equity_position.json
2026-03-24 12:05:29,819 - INFO - Equity Position Status - P&L: Rs0.96
2026-03-24 12:05:29,819 - INFO - Running Nifty Options paper trading cycle...
2026-03-24 12:05:30,929 - INFO - Starting high-accuracy delta calculation...
2026-03-24 12:05:31,624 - WARNING - High-accuracy delta calculation failed
2026-03-24 12:05:55,418 - INFO - Successfully fetched 1263 rows of 1m data
2026-03-24 12:05:55,418 - INFO - Stored 1m market data successfully
2026-03-24 12:05:56,425 - INFO - Fetching 1m equity data (attempt 1/3)...
2026-03-24 12:06:04,870 - INFO - Successfully fetched 1092 rows of 1m equity data
2026-03-24 12:06:09,913 - INFO - Starting separate VIX calculation...
2026-03-24 12:06:59,487 - INFO - VIX calculated separately: 40.23
2026-03-24 12:07:03,886 - INFO - Successfully fetched 377 rows of 5m data
2026-03-24 12:07:03,886 - INFO - Stored 5m market data successfully
2026-03-24 12:07:03,887 - INFO - Fetching 5m equity data (attempt 1/3)...
2026-03-24 12:07:04,043 - ERROR - Error fetching 5m equity data (attempt 1): 'NoneType' object has no attribute 'dropna'
2026-03-24 12:07:09,052 - INFO - Fetching 5m equity data (attempt 2/3)...
2026-03-24 12:07:10,389 - INFO - Successfully fetched 193 rows of 5m equity data
2026-03-24 12:07:10,389 - INFO - Running Donchian AO trading strategy...
2026-03-24 12:07:10,537 - INFO - Using delta limit : 40 for today..
2026-03-24 12:07:41,756 - INFO - 2:2 Ratio detected: Selling CE first then PE
2026-03-24 12:07:41,758 - INFO - Selected CE_FIRST: First Leg : NIFTY2632422850CE (LTP: 38.05, Delta: 32.69996371481908)
2026-03-24 12:07:41,758 - INFO - Selected CE_FIRST: Second leg: NIFTY2632422650PE (LTP: 27.9, Delta: -25.428036671573796)
2026-03-24 12:07:41,763 - INFO - NO TRADE: No suitable option pair found.
2026-03-24 12:07:41,763 - INFO - Running paper trading cycle...
2026-03-24 12:07:41,764 - INFO -  Managing existing positions
2026-03-24 12:07:41,764 - INFO - ----- Position management cycle started at 12:07:41 -----
2026-03-24 12:07:42,041 - INFO - [DEBUG] options_data type: <class 'list'>, length: 27
2026-03-24 12:07:42,325 - INFO - CURRENT NET P&L: 10.850000000000023 points
2026-03-24 12:07:42,326 - WARNING - Skipping position management - stale/no price data
2026-03-24 12:07:42,327 - INFO -  Position Status - P&L: Rs10.85, Adjustments: 0
2026-03-24 12:07:42,328 - INFO - Running SMA paper trading cycle...
2026-03-24 12:07:42,422 - INFO - Running Equity paper trading cycle...
2026-03-24 12:07:42,423 - INFO - Managing existing Equity positions
2026-03-24 12:07:42,423 - INFO - ----- Position management cycle started at 12:07:42 -----
2026-03-24 12:07:42,440 - INFO - [CYCLE SUMMARY] INFY | Price: 1290.50 | Entry: 1263.50 | Stop: 1289.80 | P&L: 0.84 (2.14%) | Status: PROFIT | Risk: HIGH RISK
2026-03-24 12:07:42,444 - INFO - [DETAILED STATUS] Distance to Stop: 0.70 (0.05%) | Distance from Entry: 27.00 (2.14%) | Quantity: 0.03125 | AO Risk Applied: True
2026-03-24 12:07:42,446 - INFO - [PARTIAL EXIT INFO] 50% Exited at: 1265.00 | Partial P&L: 0.05 | Remaining Qty: 0.03125
2026-03-24 12:07:42,460 - WARNING - STOP LOSS PROXIMITY: Price 1290.50 is 0.05% above stop 1289.80
2026-03-24 12:07:42,487 - INFO - STOP LOSS UPDATED:
2026-03-24 12:07:42,494 - INFO -   Old Stop: 1289.80
2026-03-24 12:07:42,495 - INFO -   New Stop: 1290.20
2026-03-24 12:07:42,501 - INFO -   Improvement: +0.40 (+0.03%)
2026-03-24 12:07:42,503 - INFO -   New Distance to Stop: 0.30 (0.02%)
2026-03-24 12:07:42,507 - DEBUG - Position saved to active_equity_position.json
2026-03-24 12:07:42,513 - INFO - Equity Position Status - P&L: Rs0.84
2026-03-24 12:07:42,522 - INFO - Running Nifty Options paper trading cycle...
2026-03-24 12:07:42,825 - INFO - Starting high-accuracy delta calculation...
2026-03-24 12:07:43,641 - INFO - High-accuracy delta calculated: Spot=22778.6, Strikes=[22300, 22350, 22400, 22450, 22500, 22550, 22600, 22650, 22700, 22750, 22800, 22850, 22900, 22950, 23000, 23050, 23100, 23150, 23200, 23250, 23300]
2026-03-24 12:07:56,397 - INFO - Successfully fetched 1265 rows of 1m data
2026-03-24 12:07:56,397 - INFO - Stored 1m market data successfully
2026-03-24 12:07:57,401 - INFO - Fetching 1m equity data (attempt 1/3)...
2026-03-24 12:08:04,992 - INFO - Successfully fetched 1092 rows of 1m equity data
2026-03-24 12:08:42,415 - INFO - Running Donchian AO trading strategy...
2026-03-24 12:08:42,654 - INFO - Using delta limit : 40 for today..
2026-03-24 12:09:09,333 - INFO - 2:2 Ratio detected: Selling CE first then PE
2026-03-24 12:09:09,338 - INFO - Selected CE_FIRST: First Leg : NIFTY2632422850CE (LTP: 35.150000000000006, Delta: 32.50115747245367)
2026-03-24 12:09:09,341 - INFO - Selected CE_FIRST: Second leg: NIFTY2632422650PE (LTP: 29.125, Delta: -25.475696638950673)
2026-03-24 12:09:09,342 - INFO - NO TRADE: No suitable option pair found.
2026-03-24 12:09:09,343 - INFO - Running paper trading cycle...
2026-03-24 12:09:09,343 - INFO -  Managing existing positions
2026-03-24 12:09:09,344 - INFO - ----- Position management cycle started at 12:09:09 -----
2026-03-24 12:09:09,694 - INFO - [DEBUG] options_data type: <class 'list'>, length: 17
2026-03-24 12:09:09,948 - INFO - CURRENT NET P&L: 10.850000000000023 points
2026-03-24 12:09:09,948 - WARNING - Skipping position management - stale/no price data
2026-03-24 12:09:09,956 - INFO -  Position Status - P&L: Rs10.85, Adjustments: 0
2026-03-24 12:09:10,966 - INFO - Running SMA paper trading cycle...
2026-03-24 12:09:11,044 - INFO - Running Equity paper trading cycle...
2026-03-24 12:09:11,044 - INFO - Managing existing Equity positions
2026-03-24 12:09:11,044 - INFO - ----- Position management cycle started at 12:09:11 -----
2026-03-24 12:09:11,052 - INFO - [CYCLE SUMMARY] INFY | Price: 1292.30 | Entry: 1263.50 | Stop: 1290.20 | P&L: 0.90 (2.28%) | Status: PROFIT | Risk: HIGH RISK
2026-03-24 12:09:11,055 - INFO - [DETAILED STATUS] Distance to Stop: 2.10 (0.16%) | Distance from Entry: 28.80 (2.28%) | Quantity: 0.03125 | AO Risk Applied: True
2026-03-24 12:09:11,055 - INFO - [PARTIAL EXIT INFO] 50% Exited at: 1265.00 | Partial P&L: 0.05 | Remaining Qty: 0.03125
2026-03-24 12:09:11,060 - WARNING - STOP LOSS PROXIMITY: Price 1292.30 is 0.16% above stop 1290.20
2026-03-24 12:09:11,073 - DEBUG - Stop loss unchanged: 1290.20 (new: 1290.10)
2026-03-24 12:09:11,086 - INFO - Equity Position Status - P&L: Rs0.90
2026-03-24 12:09:11,086 - INFO - Running Nifty Options paper trading cycle...
2026-03-24 12:09:11,202 - INFO - Starting high-accuracy delta calculation...
2026-03-24 12:09:12,137 - INFO - High-accuracy delta calculated: Spot=22773.2, Strikes=[22250, 22300, 22350, 22400, 22450, 22500, 22550, 22600, 22650, 22700, 22750, 22800, 22850, 22900, 22950, 23000, 23050, 23100, 23150, 23200, 23250]
2026-03-24 12:09:12,243 - WARNING - Failed to fetch 1m data - empty result
2026-03-24 12:09:21,653 - INFO - Successfully fetched 1267 rows of 1m data
2026-03-24 12:09:21,653 - INFO - Stored 1m market data successfully
2026-03-24 12:09:21,657 - INFO - Fetching 1m equity data (attempt 1/3)...
2026-03-24 12:09:27,793 - INFO - Successfully fetched 1092 rows of 1m equity data
2026-03-24 12:10:10,238 - INFO - Running Donchian AO trading strategy...
2026-03-24 12:10:10,401 - INFO - Using delta limit : 40 for today..
2026-03-24 12:10:40,575 - INFO - 2:2 Ratio detected: Selling CE first then PE
2026-03-24 12:10:40,577 - INFO - Selected CE_FIRST: First Leg : NIFTY2632422850CE (LTP: 33.05, Delta: 31.02278443790411)
2026-03-24 12:10:40,580 - INFO - Selected CE_FIRST: Second leg: NIFTY2632422650PE (LTP: 31.75, Delta: -26.928514772580602)
2026-03-24 12:10:40,588 - INFO - NO TRADE: No suitable option pair found.
2026-03-24 12:10:40,590 - INFO - Running paper trading cycle...
2026-03-24 12:10:40,590 - INFO -  Managing existing positions
2026-03-24 12:10:40,592 - INFO - ----- Position management cycle started at 12:10:40 -----
2026-03-24 12:10:41,392 - INFO - [DEBUG] options_data type: <class 'list'>, length: 17
2026-03-24 12:10:42,228 - INFO - CURRENT NET P&L: 10.850000000000023 points
2026-03-24 12:10:42,230 - WARNING - Skipping position management - stale/no price data
2026-03-24 12:10:42,232 - INFO -  Position Status - P&L: Rs10.85, Adjustments: 0
2026-03-24 12:10:43,239 - INFO - Running SMA paper trading cycle...
2026-03-24 12:10:43,451 - INFO - Running Equity paper trading cycle...
2026-03-24 12:10:43,459 - INFO - Managing existing Equity positions
2026-03-24 12:10:43,460 - INFO - ----- Position management cycle started at 12:10:43 -----
2026-03-24 12:10:43,491 - INFO - [CYCLE SUMMARY] INFY | Price: 1292.50 | Entry: 1263.50 | Stop: 1290.20 | P&L: 0.91 (2.30%) | Status: PROFIT | Risk: HIGH RISK
2026-03-24 12:10:43,494 - INFO - [DETAILED STATUS] Distance to Stop: 2.30 (0.18%) | Distance from Entry: 29.00 (2.30%) | Quantity: 0.03125 | AO Risk Applied: True
2026-03-24 12:10:43,498 - INFO - [PARTIAL EXIT INFO] 50% Exited at: 1265.00 | Partial P&L: 0.05 | Remaining Qty: 0.03125
2026-03-24 12:10:43,524 - WARNING - STOP LOSS PROXIMITY: Price 1292.50 is 0.18% above stop 1290.20
2026-03-24 12:10:43,546 - INFO - AO RISK MANAGEMENT TRIGGERED: 5 consecutive red AO candles
2026-03-24 12:10:43,550 - DEBUG - AO risk management already applied
2026-03-24 12:10:43,611 - DEBUG - Stop loss unchanged: 1290.20 (new: 1290.10)
2026-03-24 12:10:43,632 - INFO - Equity Position Status - P&L: Rs0.91
2026-03-24 12:10:43,634 - INFO - Running Nifty Options paper trading cycle...
2026-03-24 12:10:43,956 - INFO - Starting high-accuracy delta calculation...
2026-03-24 12:10:45,249 - INFO - High-accuracy delta calculated: Spot=22768.75, Strikes=[22250, 22300, 22350, 22400, 22450, 22500, 22550, 22600, 22650, 22700, 22750, 22800, 22850, 22900, 22950, 23000, 23050, 23100, 23150, 23200, 23250]
2026-03-24 12:10:45,404 - WARNING - Failed to fetch 1m data - empty result
2026-03-24 12:11:14,706 - INFO - Successfully fetched 1268 rows of 1m data
2026-03-24 12:11:14,706 - INFO - Stored 1m market data successfully
2026-03-24 12:11:14,706 - INFO - Fetching 1m equity data (attempt 1/3)...
2026-03-24 12:11:14,826 - ERROR - Error fetching 1m equity data (attempt 1): 'NoneType' object has no attribute 'dropna'
2026-03-24 12:11:19,839 - INFO - Fetching 1m equity data (attempt 2/3)...
2026-03-24 12:11:38,468 - INFO - Successfully fetched 1092 rows of 1m equity data
2026-03-24 12:11:41,607 - INFO - Running Donchian AO trading strategy...
2026-03-24 12:11:42,211 - INFO - Using delta limit : 40 for today..
2026-03-24 12:12:39,107 - INFO - 2:2 Ratio detected: Selling CE first then PE
2026-03-24 12:12:39,111 - INFO - Selected CE_FIRST: First Leg : NIFTY2632422850CE (LTP: 39.8, Delta: 35.31616466074963)
2026-03-24 12:12:39,113 - INFO - Selected CE_FIRST: Second leg: NIFTY2632422650PE (LTP: 26.975, Delta: -23.737842488742963)
2026-03-24 12:12:39,124 - INFO - NO TRADE: No suitable option pair found.
2026-03-24 12:12:40,130 - INFO - Running paper trading cycle...
2026-03-24 12:12:40,132 - INFO -  Managing existing positions
2026-03-24 12:12:40,134 - INFO - ----- Position management cycle started at 12:12:40 -----
2026-03-24 12:12:40,881 - INFO - [DEBUG] options_data type: <class 'list'>, length: 15
2026-03-24 12:12:41,679 - INFO - CURRENT NET P&L: 10.850000000000023 points
2026-03-24 12:12:41,681 - WARNING - Skipping position management - stale/no price data
2026-03-24 12:12:41,683 - INFO -  Position Status - P&L: Rs10.85, Adjustments: 0
2026-03-24 12:12:41,686 - INFO - Running SMA paper trading cycle...
2026-03-24 12:12:41,924 - INFO - Running Equity paper trading cycle...
2026-03-24 12:12:41,926 - INFO - Managing existing Equity positions
2026-03-24 12:12:41,927 - INFO - ----- Position management cycle started at 12:12:41 -----
2026-03-24 12:12:41,961 - INFO - [CYCLE SUMMARY] INFY | Price: 1294.10 | Entry: 1263.50 | Stop: 1290.20 | P&L: 0.96 (2.42%) | Status: PROFIT | Risk: HIGH RISK
2026-03-24 12:12:41,964 - INFO - [DETAILED STATUS] Distance to Stop: 3.90 (0.30%) | Distance from Entry: 30.60 (2.42%) | Quantity: 0.03125 | AO Risk Applied: True
2026-03-24 12:12:41,966 - INFO - [PARTIAL EXIT INFO] 50% Exited at: 1265.00 | Partial P&L: 0.05 | Remaining Qty: 0.03125
2026-03-24 12:12:42,000 - WARNING - STOP LOSS PROXIMITY: Price 1294.10 is 0.30% above stop 1290.20
2026-03-24 12:12:42,046 - DEBUG - Stop loss unchanged: 1290.20 (new: 1290.10)
2026-03-24 12:12:42,064 - INFO - Equity Position Status - P&L: Rs0.96
2026-03-24 12:12:42,069 - INFO - Running Nifty Options paper trading cycle...
2026-03-24 12:12:42,451 - INFO - Starting high-accuracy delta calculation...
2026-03-24 12:12:43,781 - INFO - High-accuracy delta calculated: Spot=22764.7, Strikes=[22250, 22300, 22350, 22400, 22450, 22500, 22550, 22600, 22650, 22700, 22750, 22800, 22850, 22900, 22950, 23000, 23050, 23100, 23150, 23200, 23250]
2026-03-24 12:12:43,783 - INFO - Starting separate VIX calculation...
2026-03-24 12:13:59,036 - INFO - VIX calculated separately: 40.29
2026-03-24 12:14:11,617 - INFO - Successfully fetched 378 rows of 5m data
2026-03-24 12:14:11,619 - INFO - Stored 5m market data successfully
2026-03-24 12:14:11,621 - INFO - Fetching 5m equity data (attempt 1/3)...
2026-03-24 12:14:16,699 - INFO - Successfully fetched 192 rows of 5m equity data
2026-03-24 12:14:16,855 - WARNING - Failed to fetch 1m data - empty result
2026-03-24 12:15:00,445 - INFO - Successfully fetched 1272 rows of 1m data
2026-03-24 12:15:00,445 - INFO - Stored 1m market data successfully
2026-03-24 12:15:00,449 - INFO - Fetching 1m equity data (attempt 1/3)...
2026-03-24 12:15:29,131 - INFO - Successfully fetched 1092 rows of 1m equity data
2026-03-24 12:15:30,145 - INFO - Running Donchian AO trading strategy...
2026-03-24 12:15:30,869 - INFO - Using delta limit : 40 for today..
2026-03-24 12:16:38,531 - INFO - 2:2 Ratio detected: Selling CE first then PE
2026-03-24 12:16:38,535 - INFO - Selected CE_FIRST: First Leg : NIFTY2632422850CE (LTP: 33.150000000000006, Delta: 31.469734408143225)
2026-03-24 12:16:38,544 - INFO - Selected CE_FIRST: Second leg: NIFTY2632422650PE (LTP: 30.575000000000003, Delta: -26.235601990589263)
2026-03-24 12:16:38,547 - INFO - NO TRADE: No suitable option pair found.
2026-03-24 12:16:38,549 - INFO - Running paper trading cycle...
2026-03-24 12:16:38,555 - INFO -  Managing existing positions
2026-03-24 12:16:38,562 - INFO - ----- Position management cycle started at 12:16:38 -----
2026-03-24 12:16:39,730 - INFO - [DEBUG] options_data type: <class 'list'>, length: 15
2026-03-24 12:16:40,769 - INFO - CURRENT NET P&L: 10.850000000000023 points
2026-03-24 12:16:40,771 - WARNING - Skipping position management - stale/no price data
2026-03-24 12:16:40,774 - INFO -  Position Status - P&L: Rs10.85, Adjustments: 0
2026-03-24 12:16:40,779 - INFO - Running SMA paper trading cycle...
2026-03-24 12:16:40,986 - INFO - Running Equity paper trading cycle...
2026-03-24 12:16:40,990 - INFO - Managing existing Equity positions
2026-03-24 12:16:40,997 - INFO - ----- Position management cycle started at 12:16:40 -----
2026-03-24 12:16:41,035 - INFO - [CYCLE SUMMARY] INFY | Price: 1290.60 | Entry: 1263.50 | Stop: 1290.20 | P&L: 0.85 (2.14%) | Status: PROFIT | Risk: HIGH RISK
2026-03-24 12:16:41,044 - INFO - [DETAILED STATUS] Distance to Stop: 0.40 (0.03%) | Distance from Entry: 27.10 (2.14%) | Quantity: 0.03125 | AO Risk Applied: True
2026-03-24 12:16:41,048 - INFO - [PARTIAL EXIT INFO] 50% Exited at: 1265.00 | Partial P&L: 0.05 | Remaining Qty: 0.03125
2026-03-24 12:16:41,070 - WARNING - STOP LOSS PROXIMITY: Price 1290.60 is 0.03% above stop 1290.20
2026-03-24 12:16:41,133 - DEBUG - Stop loss unchanged: 1290.20 (new: 1289.70)
2026-03-24 12:16:41,156 - INFO - Equity Position Status - P&L: Rs0.85
2026-03-24 12:16:41,164 - INFO - Running Nifty Options paper trading cycle...
2026-03-24 12:16:43,191 - INFO - Nifty Position Status - Lot1: OPEN, Lot2: OPEN
2026-03-24 12:16:43,195 - INFO - Starting high-accuracy delta calculation...
2026-03-24 12:16:44,515 - INFO - High-accuracy delta calculated: Spot=22766.25, Strikes=[22250, 22300, 22350, 22400, 22450, 22500, 22550, 22600, 22650, 22700, 22750, 22800, 22850, 22900, 22950, 23000, 23050, 23100, 23150, 23200, 23250]
2026-03-24 12:16:50,231 - INFO - Successfully fetched 130 rows of 15m data
2026-03-24 12:16:50,239 - INFO - Stored 15m market data successfully
2026-03-24 12:16:50,360 - WARNING - Failed to fetch 1h data - empty result
2026-03-24 12:17:13,034 - INFO - Successfully fetched 819 rows of 1h data
2026-03-24 12:17:13,034 - INFO - Stored 1h market data successfully
2026-03-24 12:17:55,920 - INFO - Successfully fetched 1275 rows of 1m data
2026-03-24 12:17:55,922 - INFO - Stored 1m market data successfully
2026-03-24 12:17:55,931 - INFO - Fetching 1m equity data (attempt 1/3)...
2026-03-24 12:18:20,886 - INFO - Successfully fetched 1092 rows of 1m equity data
2026-03-24 12:18:20,888 - INFO - Fetching 15m equity data (attempt 1/3)...
2026-03-24 12:18:23,501 - INFO - Successfully fetched 42 rows of 15m equity data
2026-03-24 12:18:24,508 - INFO - Running Donchian AO trading strategy...
2026-03-24 12:18:25,215 - INFO - Using delta limit : 40 for today..
2026-03-24 12:19:12,799 - INFO - 2:2 Ratio detected: Selling CE first then PE
2026-03-24 12:19:12,801 - INFO - Selected CE_FIRST: First Leg : NIFTY2632422850CE (LTP: 30.025, Delta: 29.01967553362286)
2026-03-24 12:19:12,807 - INFO - Selected CE_FIRST: Second leg: NIFTY2632422600PE (LTP: 20.125, Delta: -19.500608877823602)
2026-03-24 12:19:12,814 - INFO - NO TRADE: No suitable option pair found.
2026-03-24 12:19:12,814 - INFO - Running paper trading cycle...
2026-03-24 12:19:12,816 - INFO -  Managing existing positions
2026-03-24 12:19:12,818 - INFO - ----- Position management cycle started at 12:19:12 -----
2026-03-24 12:19:13,464 - INFO - [DEBUG] options_data type: <class 'list'>, length: 19
2026-03-24 12:19:14,069 - INFO - CURRENT NET P&L: 10.850000000000023 points
2026-03-24 12:19:14,073 - WARNING - Skipping position management - stale/no price data
2026-03-24 12:19:14,073 - INFO -  Position Status - P&L: Rs10.85, Adjustments: 0
2026-03-24 12:19:14,074 - INFO - Running SMA paper trading cycle...
2026-03-24 12:19:14,226 - INFO - Running Equity paper trading cycle...
2026-03-24 12:19:14,229 - INFO - Managing existing Equity positions
2026-03-24 12:19:14,229 - INFO - ----- Position management cycle started at 12:19:14 -----
2026-03-24 12:19:14,256 - INFO - [CYCLE SUMMARY] INFY | Price: 1290.00 | Entry: 1263.50 | Stop: 1290.20 | P&L: 0.83 (2.10%) | Status: PROFIT | Risk: HIGH RISK
2026-03-24 12:19:14,269 - INFO - [DETAILED STATUS] Distance to Stop: -0.20 (-0.02%) | Distance from Entry: 26.50 (2.10%) | Quantity: 0.03125 | AO Risk Applied: True
2026-03-24 12:19:14,277 - INFO - [PARTIAL EXIT INFO] 50% Exited at: 1265.00 | Partial P&L: 0.05 | Remaining Qty: 0.03125
2026-03-24 12:19:14,303 - WARNING - STOP LOSS PROXIMITY: Price 1290.00 is -0.02% above stop 1290.20
2026-03-24 12:19:14,306 - INFO - STOP LOSS HIT:
2026-03-24 12:19:14,308 - INFO -   Current Price: 1290.00
2026-03-24 12:19:14,314 - INFO -   Stop Loss: 1290.20
2026-03-24 12:19:14,317 - INFO -   Entry Price: 1263.50
2026-03-24 12:19:14,319 - INFO -   Final P&L: 0.83 (2.10%)
2026-03-24 12:19:14,321 - INFO -   Quantity: 0.03125
2026-03-24 12:19:14,341 - INFO - CLOSING POSITION:
2026-03-24 12:19:14,347 - INFO -   Symbol: INFY
2026-03-24 12:19:14,353 - INFO -   Entry Price: 1263.50
2026-03-24 12:19:14,355 - INFO -   Exit Price: 1290.00
2026-03-24 12:19:14,360 - INFO -   Stop Loss: 1290.20
2026-03-24 12:19:14,362 - INFO -   Quantity: 0.03125
2026-03-24 12:19:14,363 - INFO -   Price Movement: 26.50 (2.10%)
2026-03-24 12:19:14,367 - INFO -   Final P&L: 0.83 (2.10%)
2026-03-24 12:19:14,368 - INFO -   Trade Result: PROFITABLE
2026-03-24 12:19:14,369 - INFO -   Reason: Stop Loss Hit
2026-03-24 12:19:14,380 - INFO -   Partial Exit Summary:
2026-03-24 12:19:14,382 - INFO -     50% Exit P&L: 0.05
2026-03-24 12:19:14,382 - INFO -     Remaining 50% P&L: 0.83
2026-03-24 12:19:14,385 - INFO -     Total P&L: 0.88
2026-03-24 12:19:14,389 - DEBUG - Position file cleared
2026-03-24 12:19:14,395 - INFO - Running Nifty Options paper trading cycle...
2026-03-24 12:19:14,462 - INFO - Nifty Position Status - Lot1: OPEN, Lot2: OPEN
2026-03-24 12:19:14,462 - INFO - Starting high-accuracy delta calculation...
2026-03-24 12:19:15,700 - INFO - High-accuracy delta calculated: Spot=22758.1, Strikes=[22250, 22300, 22350, 22400, 22450, 22500, 22550, 22600, 22650, 22700, 22750, 22800, 22850, 22900, 22950, 23000, 23050, 23100, 23150, 23200, 23250]
2026-03-24 12:19:45,921 - INFO - Successfully fetched 1277 rows of 1m data
2026-03-24 12:19:45,921 - INFO - Stored 1m market data successfully
2026-03-24 12:19:45,924 - INFO - Starting separate VIX calculation...
2026-03-24 12:21:14,938 - INFO - VIX calculated separately: 40.33
2026-03-24 12:21:24,521 - INFO - Successfully fetched 380 rows of 5m data
2026-03-24 12:21:24,526 - INFO - Stored 5m market data successfully
2026-03-24 12:21:24,526 - INFO - Fetching 5m equity data (attempt 1/3)...
2026-03-24 12:21:29,769 - INFO - Successfully fetched 193 rows of 5m equity data
2026-03-24 12:21:30,774 - INFO - Fetching 1m equity data (attempt 1/3)...
2026-03-24 12:21:51,366 - INFO - Successfully fetched 1092 rows of 1m equity data
2026-03-24 12:21:51,367 - INFO - Running Donchian AO trading strategy...
2026-03-24 12:21:51,970 - INFO - Using delta limit : 40 for today..
2026-03-24 12:22:34,967 - INFO - 2:2 Ratio detected: Selling CE first then PE
2026-03-24 12:22:34,974 - INFO - Selected CE_FIRST: First Leg : NIFTY2632422850CE (LTP: 32.45, Delta: 31.086985930455214)
2026-03-24 12:22:34,979 - INFO - Selected CE_FIRST: Second leg: NIFTY2632422650PE (LTP: 28.05, Delta: -25.50598027250453)
2026-03-24 12:22:34,985 - INFO - NO TRADE: No suitable option pair found.
2026-03-24 12:22:34,987 - INFO - Running paper trading cycle...
2026-03-24 12:22:34,989 - INFO -  Managing existing positions
2026-03-24 12:22:34,991 - INFO - ----- Position management cycle started at 12:22:34 -----
2026-03-24 12:22:35,703 - INFO - [DEBUG] options_data type: <class 'list'>, length: 17
2026-03-24 12:22:36,429 - INFO - CURRENT NET P&L: 10.850000000000023 points
2026-03-24 12:22:36,438 - WARNING - Skipping position management - stale/no price data
2026-03-24 12:22:36,440 - INFO -  Position Status - P&L: Rs10.85, Adjustments: 0
2026-03-24 12:22:36,441 - INFO - Running SMA paper trading cycle...
2026-03-24 12:22:36,672 - INFO - Running Equity paper trading cycle...
2026-03-24 12:22:36,686 - INFO - === EQUITY STRATEGY CALLED for INFY ===
2026-03-24 12:22:36,690 - DEBUG - Starting strategy check for INFY
2026-03-24 12:22:36,694 - DEBUG - Checking 15min conditions for INFY
2026-03-24 12:22:36,759 - DEBUG - 15min conditions for INFY:
2026-03-24 12:22:36,762 - DEBUG -   Close: 1288.40, Mid-Donchian: 1271.80 -> Above Mid: True
2026-03-24 12:22:36,770 - DEBUG -   Close: 1288.40, VWAP: 1250.78 -> Above VWAP: True
2026-03-24 12:22:36,775 - DEBUG -   AO Value: 26.989411764705437, Above 20 SMA: True -> AO or SMA: 26.989411764705437
2026-03-24 12:22:36,786 - DEBUG - 15min conditions result for INFY: 26.989411764705437
2026-03-24 12:22:36,790 - INFO - 15min conditions PASSED for INFY
2026-03-24 12:22:36,794 - DEBUG - Checking 5min conditions for INFY
2026-03-24 12:22:36,819 - DEBUG - 5min conditions for INFY:
2026-03-24 12:22:36,824 - DEBUG -   Close: 1290.90, Mid-Donchian: 1282.00 -> Above Mid: True
2026-03-24 12:22:36,829 - DEBUG -   Close: 1290.90, VWAP: 1251.40 -> Above VWAP: True
2026-03-24 12:22:36,836 - DEBUG -   AO Value: 16.65147058823527 -> AO Positive: 16.65147058823527
2026-03-24 12:22:36,838 - DEBUG - 5min conditions result for INFY: 16.65147058823527
2026-03-24 12:22:36,840 - INFO - 5min conditions PASSED for INFY
2026-03-24 12:22:36,844 - DEBUG - Checking 1min entry conditions for INFY
2026-03-24 12:22:36,901 - INFO - 1min entry condition PASSED for INFY - Method: condition_a
2026-03-24 12:22:36,904 - DEBUG - Calculating stop loss for INFY
2026-03-24 12:22:36,939 - INFO - Stop loss calculated for INFY: 1287.90
2026-03-24 12:22:36,939 - INFO - STRATEGY SIGNAL GENERATED for INFY:
2026-03-24 12:22:36,941 - INFO -   Entry Price: 1291.00
2026-03-24 12:22:36,957 - INFO -   Stop Loss: 1287.90
2026-03-24 12:22:36,963 - INFO -   Entry Method: condition_a
2026-03-24 12:22:36,974 - INFO - New Equity trading signal received, executing paper trade
2026-03-24 12:22:36,995 - DEBUG - Position saved to active_equity_position.json
2026-03-24 12:22:36,995 - INFO - NEW POSITION OPENED:
2026-03-24 12:22:37,006 - INFO -   Symbol: INFY
2026-03-24 12:22:37,011 - INFO -   Entry Price: 1291.0
2026-03-24 12:22:37,013 - INFO -   Stop Loss: 1287.9
2026-03-24 12:22:37,019 - INFO -   Quantity: 0.03125
2026-03-24 12:22:37,023 - INFO -   Entry Method: condition_a
2026-03-24 12:22:37,025 - INFO -   Position opened at: 2026-03-24 12:22:36.976450
2026-03-24 12:22:37,036 - INFO - TRADE EXECUTION SUCCESSFUL
2026-03-24 12:22:37,038 - INFO - Equity paper trade executed successfully
2026-03-24 12:22:37,040 - INFO - Managing existing Equity positions
2026-03-24 12:22:37,040 - INFO - ----- Position management cycle started at 12:22:37 -----
2026-03-24 12:22:37,056 - INFO - [CYCLE SUMMARY] INFY | Price: 1291.00 | Entry: 1291.00 | Stop: 1287.90 | P&L: 0.00 (0.00%) | Status: LOSS | Risk: HIGH RISK
2026-03-24 12:22:37,077 - INFO - [DETAILED STATUS] Distance to Stop: 3.10 (0.24%) | Distance from Entry: 0.00 (0.00%) | Quantity: 0.03125 | AO Risk Applied: False
2026-03-24 12:22:37,105 - WARNING - STOP LOSS PROXIMITY: Price 1291.00 is 0.24% above stop 1287.90
2026-03-24 12:22:37,156 - INFO - AO RISK MANAGEMENT TRIGGERED: 5 consecutive red AO candles
2026-03-24 12:22:37,201 - INFO - AO RISK MANAGEMENT:
2026-03-24 12:22:37,208 - INFO -   Exiting 50% (0.015625 qty) at 1291.0
2026-03-24 12:22:37,211 - INFO -   50% Exit P&L: 0.00
2026-03-24 12:22:37,218 - INFO -   Moving remaining 50% stop to: 1286.1765
2026-03-24 12:22:37,227 - DEBUG - Position saved to active_equity_position.json
2026-03-24 12:22:37,289 - INFO - STOP LOSS UPDATED:
2026-03-24 12:22:37,294 - INFO -   Old Stop: 1286.18
2026-03-24 12:22:37,304 - INFO -   New Stop: 1287.90
2026-03-24 12:22:37,306 - INFO -   Improvement: +1.72 (+0.13%)
2026-03-24 12:22:37,308 - INFO -   New Distance to Stop: 3.10 (0.24%)
2026-03-24 12:22:37,308 - DEBUG - Position saved to active_equity_position.json
2026-03-24 12:22:37,338 - INFO - Equity Position Status - P&L: Rs0.00
2026-03-24 12:22:37,338 - INFO - Running Nifty Options paper trading cycle...
2026-03-24 12:22:37,401 - INFO - Nifty Position Status - Lot1: OPEN, Lot2: OPEN
2026-03-24 12:22:37,401 - INFO - Starting high-accuracy delta calculation...
2026-03-24 12:22:39,058 - INFO - High-accuracy delta calculated: Spot=22821.5, Strikes=[22300, 22350, 22400, 22450, 22500, 22550, 22600, 22650, 22700, 22750, 22800, 22850, 22900, 22950, 23000, 23050, 23100, 23150, 23200, 23250, 23300]
2026-03-24 12:23:13,658 - INFO - Successfully fetched 1280 rows of 1m data
2026-03-24 12:23:13,658 - INFO - Stored 1m market data successfully
2026-03-24 12:23:14,673 - INFO - Fetching 1m equity data (attempt 1/3)...
2026-03-24 12:23:36,079 - INFO - Successfully fetched 1092 rows of 1m equity data
2026-03-24 12:23:37,093 - INFO - Running Donchian AO trading strategy...
2026-03-24 12:23:37,424 - INFO - Using delta limit : 40 for today..
2026-03-24 12:23:39,343 - INFO - 2:2 Ratio detected: Selling CE first then PE
2026-03-24 12:23:39,358 - WARNING - Invalid trade result: None
2026-03-24 12:23:39,374 - INFO - NO TRADE: No suitable option pair found.
2026-03-24 12:23:39,378 - INFO - Running paper trading cycle...
2026-03-24 12:23:39,389 - INFO -  Managing existing positions
2026-03-24 12:23:39,391 - INFO - ----- Position management cycle started at 12:23:39 -----
2026-03-24 12:23:40,411 - INFO - [DEBUG] options_data type: <class 'list'>, length: 17
2026-03-24 12:23:41,176 - INFO - CURRENT NET P&L: 10.850000000000023 points
2026-03-24 12:23:41,176 - WARNING - Skipping position management - stale/no price data
2026-03-24 12:23:41,181 - INFO -  Position Status - P&L: Rs10.85, Adjustments: 0
2026-03-24 12:23:41,181 - INFO - Running SMA paper trading cycle...
2026-03-24 12:23:42,390 - INFO - Running Equity paper trading cycle...
2026-03-24 12:23:42,390 - INFO - Managing existing Equity positions
2026-03-24 12:23:42,390 - INFO - ----- Position management cycle started at 12:23:42 -----
2026-03-24 12:23:42,408 - INFO - [CYCLE SUMMARY] INFY | Price: 1292.40 | Entry: 1291.00 | Stop: 1287.90 | P&L: 0.02 (0.11%) | Status: PROFIT | Risk: HIGH RISK
2026-03-24 12:23:42,414 - INFO - [DETAILED STATUS] Distance to Stop: 4.50 (0.35%) | Distance from Entry: 1.40 (0.11%) | Quantity: 0.015625 | AO Risk Applied: True
2026-03-24 12:23:42,426 - INFO - [PARTIAL EXIT INFO] 50% Exited at: 1291.00 | Partial P&L: 0.00 | Remaining Qty: 0.015625
2026-03-24 12:23:42,477 - WARNING - STOP LOSS PROXIMITY: Price 1292.40 is 0.35% above stop 1287.90
2026-03-24 12:23:42,705 - DEBUG - Stop loss unchanged: 1287.90 (new: 1287.90)
2026-03-24 12:23:42,745 - INFO - Equity Position Status - P&L: Rs0.02
2026-03-24 12:23:42,747 - INFO - Running Nifty Options paper trading cycle...
2026-03-24 12:23:43,821 - INFO - Nifty Position Status - Lot1: CLOSED, Lot2: OPEN
2026-03-24 12:23:43,823 - INFO - Starting high-accuracy delta calculation...
2026-03-24 12:24:36,648 - INFO - High-accuracy delta calculated: Spot=22829.3, Strikes=[22350, 22400, 22450, 22500, 22550, 22600, 22650, 22700, 22750, 22800, 22850, 22900, 22950, 23000, 23050, 23100, 23150, 23200, 23250, 23300, 23350]
2026-03-24 12:25:08,038 - INFO - Successfully fetched 1282 rows of 1m data
2026-03-24 12:25:08,055 - INFO - Stored 1m market data successfully
2026-03-24 12:25:08,055 - INFO - Fetching 1m equity data (attempt 1/3)...
2026-03-24 12:25:23,629 - INFO - Successfully fetched 1092 rows of 1m equity data
2026-03-24 12:25:24,638 - INFO - Running Donchian AO trading strategy...
2026-03-24 12:25:24,986 - INFO - Using delta limit : 40 for today..
2026-03-24 12:26:04,705 - INFO - 2:2 Ratio detected: Selling CE first then PE
2026-03-24 12:26:04,705 - WARNING - Invalid trade result: None
2026-03-24 12:26:04,710 - INFO - NO TRADE: No suitable option pair found.
2026-03-24 12:26:04,710 - INFO - Running paper trading cycle...
2026-03-24 12:26:04,710 - INFO -  Managing existing positions
2026-03-24 12:26:04,714 - INFO - ----- Position management cycle started at 12:26:04 -----
2026-03-24 12:26:05,245 - INFO - [DEBUG] options_data type: <class 'list'>, length: 21
2026-03-24 12:26:05,902 - INFO - CURRENT NET P&L: 10.850000000000023 points
2026-03-24 12:26:05,903 - WARNING - Skipping position management - stale/no price data
2026-03-24 12:26:05,907 - INFO -  Position Status - P&L: Rs10.85, Adjustments: 0
2026-03-24 12:26:05,907 - INFO - Running SMA paper trading cycle...
2026-03-24 12:26:06,061 - INFO - Running Equity paper trading cycle...
2026-03-24 12:26:06,061 - INFO - Managing existing Equity positions
2026-03-24 12:26:06,067 - INFO - ----- Position management cycle started at 12:26:06 -----
2026-03-24 12:26:06,089 - INFO - [CYCLE SUMMARY] INFY | Price: 1294.40 | Entry: 1291.00 | Stop: 1287.90 | P&L: 0.05 (0.26%) | Status: PROFIT | Risk: HIGH RISK
2026-03-24 12:26:06,095 - INFO - [DETAILED STATUS] Distance to Stop: 6.50 (0.50%) | Distance from Entry: 3.40 (0.26%) | Quantity: 0.015625 | AO Risk Applied: True
2026-03-24 12:26:06,097 - INFO - [PARTIAL EXIT INFO] 50% Exited at: 1291.00 | Partial P&L: 0.00 | Remaining Qty: 0.015625
2026-03-24 12:26:06,115 - WARNING - STOP LOSS PROXIMITY: Price 1294.40 is 0.50% above stop 1287.90
2026-03-24 12:26:06,177 - INFO - STOP LOSS UPDATED:
2026-03-24 12:26:06,179 - INFO -   Old Stop: 1287.90
2026-03-24 12:26:06,190 - INFO -   New Stop: 1288.80
2026-03-24 12:26:06,194 - INFO -   Improvement: +0.90 (+0.07%)
2026-03-24 12:26:06,194 - INFO -   New Distance to Stop: 5.60 (0.43%)
2026-03-24 12:26:06,198 - DEBUG - Position saved to active_equity_position.json
2026-03-24 12:26:06,218 - INFO - Equity Position Status - P&L: Rs0.05
2026-03-24 12:26:06,221 - INFO - Running Nifty Options paper trading cycle...
2026-03-24 12:26:06,275 - INFO - Nifty Position Status - Lot1: CLOSED, Lot2: OPEN
2026-03-24 12:26:07,292 - INFO - Starting high-accuracy delta calculation...
2026-03-24 12:26:08,455 - INFO - High-accuracy delta calculated: Spot=22916.5, Strikes=[22400, 22450, 22500, 22550, 22600, 22650, 22700, 22750, 22800, 22850, 22900, 22950, 23000, 23050, 23100, 23150, 23200, 23250, 23300, 23350, 23400]
2026-03-24 12:26:35,537 - INFO - Successfully fetched 1284 rows of 1m data
2026-03-24 12:26:35,539 - INFO - Stored 1m market data successfully
2026-03-24 12:26:36,545 - INFO - Starting separate VIX calculation...
2026-03-24 12:27:49,224 - INFO - VIX calculated separately: 46.15
2026-03-24 12:27:49,224 - INFO - Fetching 1m equity data (attempt 1/3)...
2026-03-24 12:28:04,703 - INFO - Successfully fetched 1092 rows of 1m equity data
2026-03-24 12:28:04,832 - WARNING - Failed to fetch 5m data - empty result
2026-03-24 12:28:14,414 - INFO - Successfully fetched 381 rows of 5m data
2026-03-24 12:28:14,415 - INFO - Stored 5m market data successfully
2026-03-24 12:28:14,415 - INFO - Fetching 5m equity data (attempt 1/3)...
2026-03-24 12:28:18,050 - INFO - Successfully fetched 193 rows of 5m equity data
2026-03-24 12:28:19,064 - INFO - Running Donchian AO trading strategy...
2026-03-24 12:28:19,335 - INFO - VIX is above mid-donchian. No positions will be taken.
2026-03-24 12:28:19,339 - INFO - NO TRADE: No suitable option pair found.
2026-03-24 12:28:19,340 - INFO - Running paper trading cycle...
2026-03-24 12:28:19,342 - INFO -  Managing existing positions
2026-03-24 12:28:19,343 - INFO - ----- Position management cycle started at 12:28:19 -----
2026-03-24 12:28:20,098 - INFO - [DEBUG] options_data type: <class 'list'>, length: 21
2026-03-24 12:28:20,740 - INFO - CURRENT NET P&L: 10.850000000000023 points
2026-03-24 12:28:20,740 - WARNING - Skipping position management - stale/no price data
2026-03-24 12:28:20,760 - INFO -  Position Status - P&L: Rs10.85, Adjustments: 0
2026-03-24 12:28:20,760 - INFO - Running SMA paper trading cycle...
2026-03-24 12:28:20,911 - INFO - Running Equity paper trading cycle...
2026-03-24 12:28:20,913 - INFO - Managing existing Equity positions
2026-03-24 12:28:20,914 - INFO - ----- Position management cycle started at 12:28:20 -----
2026-03-24 12:28:20,932 - INFO - [CYCLE SUMMARY] INFY | Price: 1294.80 | Entry: 1291.00 | Stop: 1288.80 | P&L: 0.06 (0.29%) | Status: PROFIT | Risk: HIGH RISK
2026-03-24 12:28:20,942 - INFO - [DETAILED STATUS] Distance to Stop: 6.00 (0.46%) | Distance from Entry: 3.80 (0.29%) | Quantity: 0.015625 | AO Risk Applied: True
2026-03-24 12:28:20,946 - INFO - [PARTIAL EXIT INFO] 50% Exited at: 1291.00 | Partial P&L: 0.00 | Remaining Qty: 0.015625
2026-03-24 12:28:20,966 - WARNING - STOP LOSS PROXIMITY: Price 1294.80 is 0.46% above stop 1288.80
2026-03-24 12:28:21,012 - INFO - STOP LOSS UPDATED:
2026-03-24 12:28:21,017 - INFO -   Old Stop: 1288.80
2026-03-24 12:28:21,024 - INFO -   New Stop: 1290.80
2026-03-24 12:28:21,024 - INFO -   Improvement: +2.00 (+0.16%)
2026-03-24 12:28:21,024 - INFO -   New Distance to Stop: 4.00 (0.31%)
2026-03-24 12:28:21,039 - DEBUG - Position saved to active_equity_position.json
2026-03-24 12:28:21,056 - INFO - Equity Position Status - P&L: Rs0.06
2026-03-24 12:28:21,056 - INFO - Running Nifty Options paper trading cycle...
2026-03-24 12:28:21,991 - INFO - Starting high-accuracy delta calculation...
2026-03-24 12:29:12,604 - INFO - High-accuracy delta calculated: Spot=22899.1, Strikes=[22400, 22450, 22500, 22550, 22600, 22650, 22700, 22750, 22800, 22850, 22900, 22950, 23000, 23050, 23100, 23150, 23200, 23250, 23300, 23350, 23400]
2026-03-24 12:29:51,763 - INFO - Successfully fetched 1287 rows of 1m data
2026-03-24 12:29:51,765 - INFO - Stored 1m market data successfully
2026-03-24 12:29:52,777 - INFO - Fetching 1m equity data (attempt 1/3)...
2026-03-24 12:30:05,556 - INFO - Successfully fetched 1092 rows of 1m equity data
2026-03-24 12:30:05,558 - INFO - Running Donchian AO trading strategy...
2026-03-24 12:30:05,909 - INFO - VIX is above mid-donchian. No positions will be taken.
2026-03-24 12:30:05,909 - INFO - NO TRADE: No suitable option pair found.
2026-03-24 12:30:05,915 - INFO - Running paper trading cycle...
2026-03-24 12:30:05,917 - INFO -  Managing existing positions
2026-03-24 12:30:05,917 - INFO - ----- Position management cycle started at 12:30:05 -----
2026-03-24 12:30:06,549 - INFO - [DEBUG] options_data type: <class 'list'>, length: 11
2026-03-24 12:30:07,182 - INFO - CURRENT NET P&L: 10.850000000000023 points
2026-03-24 12:30:07,185 - WARNING - Skipping position management - stale/no price data
2026-03-24 12:30:07,190 - INFO -  Position Status - P&L: Rs10.85, Adjustments: 0
2026-03-24 12:30:07,192 - INFO - Running SMA paper trading cycle...
2026-03-24 12:30:07,343 - INFO - Running Equity paper trading cycle...
2026-03-24 12:30:07,343 - INFO - Managing existing Equity positions
2026-03-24 12:30:07,345 - INFO - ----- Position management cycle started at 12:30:07 -----
2026-03-24 12:30:07,361 - INFO - [CYCLE SUMMARY] INFY | Price: 1291.50 | Entry: 1291.00 | Stop: 1290.80 | P&L: 0.01 (0.04%) | Status: PROFIT | Risk: HIGH RISK
2026-03-24 12:30:07,369 - INFO - [DETAILED STATUS] Distance to Stop: 0.70 (0.05%) | Distance from Entry: 0.50 (0.04%) | Quantity: 0.015625 | AO Risk Applied: True
2026-03-24 12:30:07,373 - INFO - [PARTIAL EXIT INFO] 50% Exited at: 1291.00 | Partial P&L: 0.00 | Remaining Qty: 0.015625
2026-03-24 12:30:07,393 - WARNING - STOP LOSS PROXIMITY: Price 1291.50 is 0.05% above stop 1290.80
2026-03-24 12:30:07,442 - DEBUG - Stop loss unchanged: 1290.80 (new: 1290.40)
2026-03-24 12:30:07,458 - INFO - Equity Position Status - P&L: Rs0.01
2026-03-24 12:30:07,461 - INFO - Running Nifty Options paper trading cycle...
2026-03-24 12:30:12,750 - INFO - Starting high-accuracy delta calculation...
2026-03-24 12:30:57,882 - INFO - High-accuracy delta calculated: Spot=22851.8, Strikes=[22350, 22400, 22450, 22500, 22550, 22600, 22650, 22700, 22750, 22800, 22850, 22900, 22950, 23000, 23050, 23100, 23150, 23200, 23250, 23300, 23350]
2026-03-24 12:31:29,622 - INFO - Successfully fetched 1288 rows of 1m data
2026-03-24 12:31:29,622 - INFO - Stored 1m market data successfully
2026-03-24 12:31:30,633 - INFO - Fetching 1m equity data (attempt 1/3)...
2026-03-24 12:31:50,765 - INFO - Successfully fetched 1092 rows of 1m equity data
2026-03-24 12:31:50,767 - INFO - Running Donchian AO trading strategy...
2026-03-24 12:31:51,345 - INFO - VIX is above mid-donchian. No positions will be taken.
2026-03-24 12:31:51,349 - INFO - NO TRADE: No suitable option pair found.
2026-03-24 12:31:51,351 - INFO - Running paper trading cycle...
2026-03-24 12:31:51,351 - INFO -  Managing existing positions
2026-03-24 12:31:51,351 - INFO - ----- Position management cycle started at 12:31:51 -----
2026-03-24 12:31:52,828 - INFO - [DEBUG] options_data type: <class 'list'>, length: 23
2026-03-24 12:31:53,656 - INFO - CURRENT NET P&L: 10.850000000000023 points
2026-03-24 12:31:53,665 - WARNING - Skipping position management - stale/no price data
2026-03-24 12:31:53,676 - INFO -  Position Status - P&L: Rs10.85, Adjustments: 0
2026-03-24 12:31:53,677 - INFO - Running SMA paper trading cycle...
2026-03-24 12:31:54,043 - INFO - Running Equity paper trading cycle...
2026-03-24 12:31:54,045 - INFO - Managing existing Equity positions
2026-03-24 12:31:54,047 - INFO - ----- Position management cycle started at 12:31:54 -----
2026-03-24 12:31:54,085 - INFO - [CYCLE SUMMARY] INFY | Price: 1292.30 | Entry: 1291.00 | Stop: 1290.80 | P&L: 0.02 (0.10%) | Status: PROFIT | Risk: HIGH RISK
2026-03-24 12:31:54,110 - INFO - [DETAILED STATUS] Distance to Stop: 1.50 (0.12%) | Distance from Entry: 1.30 (0.10%) | Quantity: 0.015625 | AO Risk Applied: True
2026-03-24 12:31:54,129 - INFO - [PARTIAL EXIT INFO] 50% Exited at: 1291.00 | Partial P&L: 0.00 | Remaining Qty: 0.015625
2026-03-24 12:31:54,207 - WARNING - STOP LOSS PROXIMITY: Price 1292.30 is 0.12% above stop 1290.80
2026-03-24 12:31:54,283 - DEBUG - Stop loss unchanged: 1290.80 (new: 1290.40)
2026-03-24 12:31:54,314 - INFO - Equity Position Status - P&L: Rs0.02
2026-03-24 12:31:54,316 - INFO - Running Nifty Options paper trading cycle...
2026-03-24 12:32:01,000 - INFO - Successfully fetched 131 rows of 15m data
2026-03-24 12:32:01,000 - INFO - Stored 15m market data successfully
2026-03-24 12:32:02,008 - INFO - Starting high-accuracy delta calculation...
2026-03-24 12:32:51,332 - INFO - High-accuracy delta calculated: Spot=22867.5, Strikes=[22350, 22400, 22450, 22500, 22550, 22600, 22650, 22700, 22750, 22800, 22850, 22900, 22950, 23000, 23050, 23100, 23150, 23200, 23250, 23300, 23350]
2026-03-24 12:33:29,134 - INFO - Successfully fetched 1290 rows of 1m data
2026-03-24 12:33:29,134 - INFO - Stored 1m market data successfully
2026-03-24 12:33:29,136 - INFO - Starting separate VIX calculation...
2026-03-24 12:34:57,586 - INFO - VIX calculated separately: 45.74
2026-03-24 12:34:57,588 - INFO - Fetching 1m equity data (attempt 1/3)...
2026-03-24 12:34:57,747 - ERROR - Error fetching 1m equity data (attempt 1): 'NoneType' object has no attribute 'dropna'
2026-03-24 12:35:02,762 - INFO - Fetching 1m equity data (attempt 2/3)...
2026-03-24 12:35:24,235 - INFO - Successfully fetched 1091 rows of 1m equity data
2026-03-24 12:35:24,235 - INFO - Running Donchian AO trading strategy...
2026-03-24 12:35:24,583 - INFO - VIX is above mid-donchian. No positions will be taken.
2026-03-24 12:35:24,597 - INFO - NO TRADE: No suitable option pair found.
2026-03-24 12:35:25,601 - INFO - Running paper trading cycle...
2026-03-24 12:35:25,603 - INFO -  Managing existing positions
2026-03-24 12:35:25,605 - INFO - ----- Position management cycle started at 12:35:25 -----
2026-03-24 12:35:26,393 - INFO - [DEBUG] options_data type: <class 'list'>, length: 23
2026-03-24 12:35:27,170 - INFO - CURRENT NET P&L: 10.850000000000023 points
2026-03-24 12:35:27,177 - WARNING - Skipping position management - stale/no price data
2026-03-24 12:35:27,178 - INFO -  Position Status - P&L: Rs10.85, Adjustments: 0
2026-03-24 12:35:27,178 - INFO - Running SMA paper trading cycle...
2026-03-24 12:35:27,338 - INFO - Running Equity paper trading cycle...
2026-03-24 12:35:27,338 - INFO - Managing existing Equity positions
2026-03-24 12:35:27,344 - INFO - ----- Position management cycle started at 12:35:27 -----
2026-03-24 12:35:27,369 - INFO - [CYCLE SUMMARY] INFY | Price: 1292.40 | Entry: 1291.00 | Stop: 1290.80 | P&L: 0.02 (0.11%) | Status: PROFIT | Risk: HIGH RISK
2026-03-24 12:35:27,373 - INFO - [DETAILED STATUS] Distance to Stop: 1.60 (0.12%) | Distance from Entry: 1.40 (0.11%) | Quantity: 0.015625 | AO Risk Applied: True
2026-03-24 12:35:27,376 - INFO - [PARTIAL EXIT INFO] 50% Exited at: 1291.00 | Partial P&L: 0.00 | Remaining Qty: 0.015625
2026-03-24 12:35:27,399 - WARNING - STOP LOSS PROXIMITY: Price 1292.40 is 0.12% above stop 1290.80
2026-03-24 12:35:27,443 - DEBUG - Stop loss unchanged: 1290.80 (new: 1290.40)
2026-03-24 12:35:27,464 - INFO - Equity Position Status - P&L: Rs0.02
2026-03-24 12:35:27,467 - INFO - Running Nifty Options paper trading cycle...
2026-03-24 12:35:40,146 - INFO - Successfully fetched 383 rows of 5m data
2026-03-24 12:35:40,148 - INFO - Stored 5m market data successfully
2026-03-24 12:35:40,152 - INFO - Fetching 5m equity data (attempt 1/3)...
2026-03-24 12:35:45,013 - INFO - Successfully fetched 193 rows of 5m equity data
2026-03-24 12:35:45,013 - INFO - Fetching 15m equity data (attempt 1/3)...
2026-03-24 12:35:50,311 - INFO - Successfully fetched 42 rows of 15m equity data
2026-03-24 12:35:50,317 - INFO - Starting high-accuracy delta calculation...
2026-03-24 12:36:51,391 - INFO - High-accuracy delta calculated: Spot=22935.95, Strikes=[22400, 22450, 22500, 22550, 22600, 22650, 22700, 22750, 22800, 22850, 22900, 22950, 23000, 23050, 23100, 23150, 23200, 23250, 23300, 23350, 23400]
2026-03-24 12:37:23,569 - INFO - Successfully fetched 1294 rows of 1m data
2026-03-24 12:37:23,569 - INFO - Stored 1m market data successfully
2026-03-24 12:37:24,585 - INFO - Fetching 1m equity data (attempt 1/3)...
2026-03-24 12:37:39,907 - INFO - Successfully fetched 1092 rows of 1m equity data
2026-03-24 12:37:39,907 - INFO - Running Donchian AO trading strategy...
2026-03-24 12:37:40,372 - INFO - VIX is above mid-donchian. No positions will be taken.
2026-03-24 12:37:40,379 - INFO - NO TRADE: No suitable option pair found.
2026-03-24 12:37:40,380 - INFO - Running paper trading cycle...
2026-03-24 12:37:40,388 - INFO -  Managing existing positions
2026-03-24 12:37:40,391 - INFO - ----- Position management cycle started at 12:37:40 -----
2026-03-24 12:37:42,887 - INFO - [DEBUG] options_data type: <class 'list'>, length: 21
2026-03-24 12:37:43,975 - INFO - CURRENT NET P&L: 10.850000000000023 points
2026-03-24 12:37:43,987 - WARNING - Skipping position management - stale/no price data
2026-03-24 12:37:43,990 - INFO -  Position Status - P&L: Rs10.85, Adjustments: 0
2026-03-24 12:37:43,996 - INFO - Running SMA paper trading cycle...
2026-03-24 12:37:44,194 - INFO - Running Equity paper trading cycle...
2026-03-24 12:37:44,196 - INFO - Managing existing Equity positions
2026-03-24 12:37:44,202 - INFO - ----- Position management cycle started at 12:37:44 -----
2026-03-24 12:37:44,240 - INFO - [CYCLE SUMMARY] INFY | Price: 1290.20 | Entry: 1291.00 | Stop: 1290.80 | P&L: -0.01 (-0.06%) | Status: LOSS | Risk: HIGH RISK
2026-03-24 12:37:44,254 - INFO - [DETAILED STATUS] Distance to Stop: -0.60 (-0.05%) | Distance from Entry: -0.80 (-0.06%) | Quantity: 0.015625 | AO Risk Applied: True
2026-03-24 12:37:44,260 - INFO - [PARTIAL EXIT INFO] 50% Exited at: 1291.00 | Partial P&L: 0.00 | Remaining Qty: 0.015625
2026-03-24 12:37:44,290 - WARNING - STOP LOSS PROXIMITY: Price 1290.20 is -0.05% above stop 1290.80
2026-03-24 12:37:44,296 - INFO - STOP LOSS HIT:
2026-03-24 12:37:44,309 - INFO -   Current Price: 1290.20
2026-03-24 12:37:44,311 - INFO -   Stop Loss: 1290.80
2026-03-24 12:37:44,313 - INFO -   Entry Price: 1291.00
2026-03-24 12:37:44,320 - INFO -   Final P&L: -0.01 (-0.06%)
2026-03-24 12:37:44,322 - INFO -   Quantity: 0.015625
2026-03-24 12:37:44,349 - INFO - CLOSING POSITION:
2026-03-24 12:37:44,349 - INFO -   Symbol: INFY
2026-03-24 12:37:44,356 - INFO -   Entry Price: 1291.00
2026-03-24 12:37:44,360 - INFO -   Exit Price: 1290.20
2026-03-24 12:37:44,367 - INFO -   Stop Loss: 1290.80
2026-03-24 12:37:44,371 - INFO -   Quantity: 0.015625
2026-03-24 12:37:44,376 - INFO -   Price Movement: -0.80 (-0.06%)
2026-03-24 12:37:44,379 - INFO -   Final P&L: -0.01 (-0.06%)
2026-03-24 12:37:44,388 - INFO -   Trade Result: LOSS
2026-03-24 12:37:44,390 - INFO -   Reason: Stop Loss Hit
2026-03-24 12:37:44,392 - INFO -   Partial Exit Summary:
2026-03-24 12:37:44,396 - INFO -     50% Exit P&L: 0.00
2026-03-24 12:37:44,401 - INFO -     Remaining 50% P&L: -0.01
2026-03-24 12:37:44,403 - INFO -     Total P&L: -0.01
2026-03-24 12:37:44,406 - DEBUG - Position file cleared
2026-03-24 12:37:44,410 - INFO - Running Nifty Options paper trading cycle...
2026-03-24 12:37:51,797 - INFO - Starting high-accuracy delta calculation...
2026-03-24 12:37:53,550 - WARNING - High-accuracy delta calculation failed
2026-03-24 12:38:57,060 - INFO - Successfully fetched 1296 rows of 1m data
2026-03-24 12:38:57,060 - INFO - Stored 1m market data successfully
2026-03-24 12:38:58,077 - INFO - Fetching 1m equity data (attempt 1/3)...
2026-03-24 12:39:20,466 - INFO - Successfully fetched 1092 rows of 1m equity data
2026-03-24 12:39:20,466 - INFO - Running Donchian AO trading strategy...
2026-03-24 12:39:20,871 - INFO - VIX is above mid-donchian. No positions will be taken.
2026-03-24 12:39:20,887 - INFO - NO TRADE: No suitable option pair found.
2026-03-24 12:39:20,887 - INFO - Running paper trading cycle...
2026-03-24 12:39:20,893 - INFO -  Managing existing positions
2026-03-24 12:39:20,893 - INFO - ----- Position management cycle started at 12:39:20 -----
2026-03-24 12:39:21,745 - INFO - [DEBUG] options_data type: <class 'list'>, length: 21
2026-03-24 12:39:22,655 - INFO - CURRENT NET P&L: 10.850000000000023 points
2026-03-24 12:39:22,664 - WARNING - Skipping position management - stale/no price data
2026-03-24 12:39:22,669 - INFO -  Position Status - P&L: Rs10.85, Adjustments: 0
2026-03-24 12:39:22,669 - INFO - Running SMA paper trading cycle...
2026-03-24 12:39:22,875 - INFO - Running Equity paper trading cycle...
2026-03-24 12:39:22,886 - INFO - === EQUITY STRATEGY CALLED for INFY ===
2026-03-24 12:39:22,890 - DEBUG - Starting strategy check for INFY
2026-03-24 12:39:22,893 - DEBUG - Checking 15min conditions for INFY
2026-03-24 12:39:22,927 - DEBUG - 15min conditions for INFY:
2026-03-24 12:39:22,940 - DEBUG -   Close: 1291.90, Mid-Donchian: 1272.30 -> Above Mid: True
2026-03-24 12:39:22,955 - DEBUG -   Close: 1291.90, VWAP: 1251.13 -> Above VWAP: True
2026-03-24 12:39:22,961 - DEBUG -   AO Value: 28.65647058823538, Above 20 SMA: True -> AO or SMA: 28.65647058823538
2026-03-24 12:39:22,963 - DEBUG - 15min conditions result for INFY: 28.65647058823538
2026-03-24 12:39:22,979 - INFO - 15min conditions PASSED for INFY
2026-03-24 12:39:22,988 - DEBUG - Checking 5min conditions for INFY
2026-03-24 12:39:23,008 - DEBUG - 5min conditions for INFY:
2026-03-24 12:39:23,014 - DEBUG -   Close: 1291.90, Mid-Donchian: 1283.50 -> Above Mid: True
2026-03-24 12:39:23,022 - DEBUG -   Close: 1291.90, VWAP: 1251.70 -> Above VWAP: True
2026-03-24 12:39:23,025 - DEBUG -   AO Value: 13.771176470588443 -> AO Positive: 13.771176470588443
2026-03-24 12:39:23,027 - DEBUG - 5min conditions result for INFY: 13.771176470588443
2026-03-24 12:39:23,027 - INFO - 5min conditions PASSED for INFY
2026-03-24 12:39:23,029 - DEBUG - Checking 1min entry conditions for INFY
2026-03-24 12:39:23,068 - INFO - 1min entry condition PASSED for INFY - Method: condition_a
2026-03-24 12:39:23,069 - DEBUG - Calculating stop loss for INFY
2026-03-24 12:39:23,093 - INFO - Stop loss calculated for INFY: 1289.30
2026-03-24 12:39:23,096 - INFO - STRATEGY SIGNAL GENERATED for INFY:
2026-03-24 12:39:23,104 - INFO -   Entry Price: 1289.50
2026-03-24 12:39:23,106 - INFO -   Stop Loss: 1289.30
2026-03-24 12:39:23,112 - INFO -   Entry Method: condition_a
2026-03-24 12:39:23,112 - INFO - New Equity trading signal received, executing paper trade
2026-03-24 12:39:23,123 - DEBUG - Position saved to active_equity_position.json
2026-03-24 12:39:23,125 - INFO - NEW POSITION OPENED:
2026-03-24 12:39:23,125 - INFO -   Symbol: INFY
2026-03-24 12:39:23,142 - INFO -   Entry Price: 1289.5
2026-03-24 12:39:23,157 - INFO -   Stop Loss: 1289.3
2026-03-24 12:39:23,161 - INFO -   Quantity: 0.015625
2026-03-24 12:39:23,165 - INFO -   Entry Method: condition_a
2026-03-24 12:39:23,195 - INFO -   Position opened at: 2026-03-24 12:39:23.118691
2026-03-24 12:39:23,213 - INFO - TRADE EXECUTION SUCCESSFUL
2026-03-24 12:39:23,220 - INFO - Equity paper trade executed successfully
2026-03-24 12:39:23,222 - INFO - Managing existing Equity positions
2026-03-24 12:39:23,222 - INFO - ----- Position management cycle started at 12:39:23 -----
2026-03-24 12:39:23,242 - INFO - [CYCLE SUMMARY] INFY | Price: 1289.50 | Entry: 1289.50 | Stop: 1289.30 | P&L: 0.00 (0.00%) | Status: LOSS | Risk: HIGH RISK
2026-03-24 12:39:23,247 - INFO - [DETAILED STATUS] Distance to Stop: 0.20 (0.02%) | Distance from Entry: 0.00 (0.00%) | Quantity: 0.015625 | AO Risk Applied: False
2026-03-24 12:39:23,285 - WARNING - STOP LOSS PROXIMITY: Price 1289.50 is 0.02% above stop 1289.30
2026-03-24 12:39:23,329 - DEBUG - Stop loss unchanged: 1289.30 (new: 1289.30)
2026-03-24 12:39:23,353 - INFO - Equity Position Status - P&L: Rs0.00
2026-03-24 12:39:23,353 - INFO - Running Nifty Options paper trading cycle...
2026-03-24 12:39:23,656 - INFO - Starting high-accuracy delta calculation...
2026-03-24 12:40:19,362 - INFO - High-accuracy delta calculated: Spot=22944.05, Strikes=[22400, 22450, 22500, 22550, 22600, 22650, 22700, 22750, 22800, 22850, 22900, 22950, 23000, 23050, 23100, 23150, 23200, 23250, 23300, 23350, 23400]
2026-03-24 12:40:56,982 - INFO - Successfully fetched 1298 rows of 1m data
2026-03-24 12:40:56,986 - INFO - Stored 1m market data successfully
2026-03-24 12:40:56,988 - INFO - Starting separate VIX calculation...
2026-03-24 12:41:24,210 - INFO - VIX calculated separately: 48.01
2026-03-24 12:41:25,220 - INFO - Fetching 1m equity data (attempt 1/3)...
2026-03-24 12:41:25,323 - ERROR - Error fetching 1m equity data (attempt 1): 'NoneType' object has no attribute 'dropna'
2026-03-24 12:41:30,342 - INFO - Fetching 1m equity data (attempt 2/3)...
2026-03-24 12:41:49,428 - INFO - Successfully fetched 1092 rows of 1m equity data
2026-03-24 12:41:49,428 - INFO - Running Donchian AO trading strategy...
2026-03-24 12:41:50,042 - INFO - VIX is above mid-donchian. No positions will be taken.
2026-03-24 12:41:50,044 - INFO - NO TRADE: No suitable option pair found.
2026-03-24 12:41:50,048 - INFO - Running paper trading cycle...
2026-03-24 12:41:50,048 - INFO -  Managing existing positions
2026-03-24 12:41:50,056 - INFO - ----- Position management cycle started at 12:41:50 -----
2026-03-24 12:41:50,844 - INFO - [DEBUG] options_data type: <class 'list'>, length: 21
2026-03-24 12:41:51,564 - INFO - CURRENT NET P&L: 10.850000000000023 points
2026-03-24 12:41:51,574 - WARNING - Skipping position management - stale/no price data
2026-03-24 12:41:51,574 - INFO -  Position Status - P&L: Rs10.85, Adjustments: 0
2026-03-24 12:41:51,574 - INFO - Running SMA paper trading cycle...
2026-03-24 12:41:51,765 - INFO - Running Equity paper trading cycle...
2026-03-24 12:41:51,765 - INFO - Managing existing Equity positions
2026-03-24 12:41:51,771 - INFO - ----- Position management cycle started at 12:41:51 -----
2026-03-24 12:41:51,789 - INFO - [CYCLE SUMMARY] INFY | Price: 1288.70 | Entry: 1289.50 | Stop: 1289.30 | P&L: -0.01 (-0.06%) | Status: LOSS | Risk: HIGH RISK
2026-03-24 12:41:51,806 - INFO - [DETAILED STATUS] Distance to Stop: -0.60 (-0.05%) | Distance from Entry: -0.80 (-0.06%) | Quantity: 0.015625 | AO Risk Applied: False
2026-03-24 12:41:51,828 - WARNING - STOP LOSS PROXIMITY: Price 1288.70 is -0.05% above stop 1289.30
2026-03-24 12:41:51,843 - INFO - STOP LOSS HIT:
2026-03-24 12:41:51,855 - INFO -   Current Price: 1288.70
2026-03-24 12:41:51,856 - INFO -   Stop Loss: 1289.30
2026-03-24 12:41:51,864 - INFO -   Entry Price: 1289.50
2026-03-24 12:41:51,871 - INFO -   Final P&L: -0.01 (-0.06%)
2026-03-24 12:41:51,873 - INFO -   Quantity: 0.015625
2026-03-24 12:41:51,921 - INFO - CLOSING POSITION:
2026-03-24 12:41:51,925 - INFO -   Symbol: INFY
2026-03-24 12:41:51,930 - INFO -   Entry Price: 1289.50
2026-03-24 12:41:51,931 - INFO -   Exit Price: 1288.70
2026-03-24 12:41:51,941 - INFO -   Stop Loss: 1289.30
2026-03-24 12:41:51,943 - INFO -   Quantity: 0.015625
2026-03-24 12:41:51,946 - INFO -   Price Movement: -0.80 (-0.06%)
2026-03-24 12:41:51,948 - INFO -   Final P&L: -0.01 (-0.06%)
2026-03-24 12:41:51,960 - INFO -   Trade Result: LOSS
2026-03-24 12:41:51,962 - INFO -   Reason: Stop Loss Hit
2026-03-24 12:41:51,977 - DEBUG - Position file cleared
2026-03-24 12:41:51,977 - INFO - Running Nifty Options paper trading cycle...
2026-03-24 12:42:03,500 - INFO - Successfully fetched 384 rows of 5m data
2026-03-24 12:42:03,505 - INFO - Stored 5m market data successfully
2026-03-24 12:42:03,506 - INFO - Fetching 5m equity data (attempt 1/3)...
2026-03-24 12:42:07,728 - INFO - Successfully fetched 193 rows of 5m equity data
2026-03-24 12:42:07,731 - INFO - Starting high-accuracy delta calculation...
2026-03-24 12:42:57,750 - INFO - High-accuracy delta calculated: Spot=22955.75, Strikes=[22400, 22450, 22500, 22550, 22600, 22650, 22700, 22750, 22800, 22850, 22900, 22950, 23000, 23050, 23100, 23150, 23200, 23250, 23300, 23350, 23400]
2026-03-24 12:43:36,030 - INFO - Successfully fetched 1300 rows of 1m data
2026-03-24 12:43:36,030 - INFO - Stored 1m market data successfully
2026-03-24 12:43:36,032 - INFO - Fetching 1m equity data (attempt 1/3)...
2026-03-24 12:43:53,359 - INFO - Successfully fetched 1092 rows of 1m equity data
2026-03-24 12:43:53,361 - INFO - Running Donchian AO trading strategy...
2026-03-24 12:43:53,874 - INFO - VIX is above mid-donchian. No positions will be taken.
2026-03-24 12:43:53,942 - INFO - NO TRADE: No suitable option pair found.
2026-03-24 12:43:53,944 - INFO - Running paper trading cycle...
2026-03-24 12:43:53,946 - INFO -  Managing existing positions
2026-03-24 12:43:53,946 - INFO - ----- Position management cycle started at 12:43:53 -----
2026-03-24 12:43:58,547 - INFO - [DEBUG] options_data type: <class 'list'>, length: 21
2026-03-24 12:43:59,281 - INFO - CURRENT NET P&L: 10.850000000000023 points
2026-03-24 12:43:59,285 - WARNING - Skipping position management - stale/no price data
2026-03-24 12:43:59,291 - INFO -  Position Status - P&L: Rs10.85, Adjustments: 0
2026-03-24 12:43:59,293 - INFO - Running SMA paper trading cycle...
2026-03-24 12:43:59,498 - INFO - Running Equity paper trading cycle...
2026-03-24 12:43:59,500 - INFO - === EQUITY STRATEGY CALLED for INFY ===
2026-03-24 12:43:59,510 - DEBUG - Starting strategy check for INFY
2026-03-24 12:43:59,513 - DEBUG - Checking 15min conditions for INFY
2026-03-24 12:43:59,548 - DEBUG - 15min conditions for INFY:
2026-03-24 12:43:59,563 - DEBUG -   Close: 1291.90, Mid-Donchian: 1272.30 -> Above Mid: True
2026-03-24 12:43:59,566 - DEBUG -   Close: 1291.90, VWAP: 1251.13 -> Above VWAP: True
2026-03-24 12:43:59,579 - DEBUG -   AO Value: 28.65647058823538, Above 20 SMA: True -> AO or SMA: 28.65647058823538
2026-03-24 12:43:59,581 - DEBUG - 15min conditions result for INFY: 28.65647058823538
2026-03-24 12:43:59,584 - INFO - 15min conditions PASSED for INFY
2026-03-24 12:43:59,593 - DEBUG - Checking 5min conditions for INFY
2026-03-24 12:43:59,626 - DEBUG - 5min conditions for INFY:
2026-03-24 12:43:59,631 - DEBUG -   Close: 1288.30, Mid-Donchian: 1283.50 -> Above Mid: True
2026-03-24 12:43:59,633 - DEBUG -   Close: 1288.30, VWAP: 1251.85 -> Above VWAP: True
2026-03-24 12:43:59,635 - DEBUG -   AO Value: 12.203529411764976 -> AO Positive: 12.203529411764976
2026-03-24 12:43:59,635 - DEBUG - 5min conditions result for INFY: 12.203529411764976
2026-03-24 12:43:59,641 - INFO - 5min conditions PASSED for INFY
2026-03-24 12:43:59,643 - DEBUG - Checking 1min entry conditions for INFY
2026-03-24 12:43:59,686 - INFO - 1min entry condition PASSED for INFY - Method: condition_a
2026-03-24 12:43:59,696 - DEBUG - Calculating stop loss for INFY
2026-03-24 12:43:59,764 - INFO - Stop loss calculated for INFY: 1286.80
2026-03-24 12:43:59,776 - INFO - STRATEGY SIGNAL GENERATED for INFY:
2026-03-24 12:43:59,779 - INFO -   Entry Price: 1290.50
2026-03-24 12:43:59,813 - INFO -   Stop Loss: 1286.80
2026-03-24 12:43:59,816 - INFO -   Entry Method: condition_a
2026-03-24 12:43:59,826 - INFO - New Equity trading signal received, executing paper trade
2026-03-24 12:43:59,828 - DEBUG - Position saved to active_equity_position.json
2026-03-24 12:43:59,842 - INFO - NEW POSITION OPENED:
2026-03-24 12:43:59,843 - INFO -   Symbol: INFY
2026-03-24 12:43:59,843 - INFO -   Entry Price: 1290.5
2026-03-24 12:43:59,847 - INFO -   Stop Loss: 1286.8
2026-03-24 12:43:59,847 - INFO -   Quantity: 0.015625
2026-03-24 12:43:59,852 - INFO -   Entry Method: condition_a
2026-03-24 12:43:59,856 - INFO -   Position opened at: 2026-03-24 12:43:59.828574
2026-03-24 12:43:59,858 - INFO - TRADE EXECUTION SUCCESSFUL
2026-03-24 12:43:59,858 - INFO - Equity paper trade executed successfully
2026-03-24 12:43:59,858 - INFO - Managing existing Equity positions
2026-03-24 12:43:59,858 - INFO - ----- Position management cycle started at 12:43:59 -----
2026-03-24 12:43:59,878 - INFO - [CYCLE SUMMARY] INFY | Price: 1290.50 | Entry: 1290.50 | Stop: 1286.80 | P&L: 0.00 (0.00%) | Status: LOSS | Risk: HIGH RISK
2026-03-24 12:43:59,884 - INFO - [DETAILED STATUS] Distance to Stop: 3.70 (0.29%) | Distance from Entry: 0.00 (0.00%) | Quantity: 0.015625 | AO Risk Applied: False
2026-03-24 12:43:59,933 - WARNING - STOP LOSS PROXIMITY: Price 1290.50 is 0.29% above stop 1286.80
2026-03-24 12:43:59,973 - DEBUG - Stop loss unchanged: 1286.80 (new: 1286.80)
2026-03-24 12:43:59,991 - INFO - Equity Position Status - P&L: Rs0.00
2026-03-24 12:44:00,011 - INFO - Running Nifty Options paper trading cycle...
2026-03-24 12:44:01,344 - INFO - Starting high-accuracy delta calculation...
2026-03-24 12:44:02,791 - WARNING - High-accuracy delta calculation failed
2026-03-24 12:45:06,075 - INFO - Successfully fetched 1302 rows of 1m data
2026-03-24 12:45:06,080 - INFO - Stored 1m market data successfully
2026-03-24 12:45:07,093 - INFO - Fetching 1m equity data (attempt 1/3)...
2026-03-24 12:45:27,065 - INFO - Successfully fetched 1092 rows of 1m equity data
2026-03-24 12:45:27,065 - INFO - Running Donchian AO trading strategy...
2026-03-24 12:45:27,441 - INFO - VIX is above mid-donchian. No positions will be taken.
2026-03-24 12:45:27,441 - INFO - NO TRADE: No suitable option pair found.
2026-03-24 12:45:27,441 - INFO - Running paper trading cycle...
2026-03-24 12:45:27,448 - INFO -  Managing existing positions
2026-03-24 12:45:27,448 - INFO - ----- Position management cycle started at 12:45:27 -----
2026-03-24 12:45:28,209 - INFO - [DEBUG] options_data type: <class 'list'>, length: 21
2026-03-24 12:45:28,968 - INFO - CURRENT NET P&L: 10.850000000000023 points
2026-03-24 12:45:28,985 - WARNING - Skipping position management - stale/no price data
2026-03-24 12:45:28,992 - INFO -  Position Status - P&L: Rs10.85, Adjustments: 0
2026-03-24 12:45:28,997 - INFO - Running SMA paper trading cycle...
2026-03-24 12:45:29,199 - INFO - Running Equity paper trading cycle...
2026-03-24 12:45:29,201 - INFO - Managing existing Equity positions
2026-03-24 12:45:29,203 - INFO - ----- Position management cycle started at 12:45:29 -----
2026-03-24 12:45:29,229 - INFO - [CYCLE SUMMARY] INFY | Price: 1288.90 | Entry: 1290.50 | Stop: 1286.80 | P&L: -0.02 (-0.12%) | Status: LOSS | Risk: HIGH RISK
2026-03-24 12:45:29,234 - INFO - [DETAILED STATUS] Distance to Stop: 2.10 (0.16%) | Distance from Entry: -1.60 (-0.12%) | Quantity: 0.015625 | AO Risk Applied: False
2026-03-24 12:45:29,263 - WARNING - STOP LOSS PROXIMITY: Price 1288.90 is 0.16% above stop 1286.80
2026-03-24 12:45:29,315 - DEBUG - Stop loss unchanged: 1286.80 (new: 1286.80)
2026-03-24 12:45:29,337 - INFO - Equity Position Status - P&L: Rs-0.02
2026-03-24 12:45:29,340 - INFO - Running Nifty Options paper trading cycle...
2026-03-24 12:45:29,682 - INFO - Starting high-accuracy delta calculation...
2026-03-24 12:46:17,366 - INFO - High-accuracy delta calculated: Spot=22963.85, Strikes=[22400, 22450, 22500, 22550, 22600, 22650, 22700, 22750, 22800, 22850, 22900, 22950, 23000, 23050, 23100, 23150, 23200, 23250, 23300, 23350, 23400]
2026-03-24 12:46:18,509 - WARNING - Failed to fetch 1m data - empty result
2026-03-24 12:46:56,766 - INFO - Successfully fetched 1304 rows of 1m data
2026-03-24 12:46:56,766 - INFO - Stored 1m market data successfully
2026-03-24 12:46:57,810 - INFO - Starting separate VIX calculation...
2026-03-24 12:48:20,030 - INFO - VIX calculated separately: 49.48
2026-03-24 12:48:20,030 - INFO - Fetching 1m equity data (attempt 1/3)...
2026-03-24 12:48:46,383 - INFO - Successfully fetched 1092 rows of 1m equity data
2026-03-24 12:48:46,383 - INFO - Running Donchian AO trading strategy...
2026-03-24 12:48:46,832 - INFO - VIX is above mid-donchian. No positions will be taken.
2026-03-24 12:48:46,835 - INFO - NO TRADE: No suitable option pair found.
2026-03-24 12:48:46,838 - INFO - Running paper trading cycle...
2026-03-24 12:48:46,838 - INFO -  Managing existing positions
2026-03-24 12:48:46,839 - INFO - ----- Position management cycle started at 12:48:46 -----
2026-03-24 12:48:50,447 - INFO - [DEBUG] options_data type: <class 'list'>, length: 17
2026-03-24 12:48:51,684 - INFO - CURRENT NET P&L: 10.850000000000023 points
2026-03-24 12:48:51,688 - WARNING - Skipping position management - stale/no price data
2026-03-24 12:48:51,701 - INFO -  Position Status - P&L: Rs10.85, Adjustments: 0
2026-03-24 12:48:51,716 - INFO - Running SMA paper trading cycle...
2026-03-24 12:48:52,115 - INFO - Running Equity paper trading cycle...
2026-03-24 12:48:52,115 - INFO - Managing existing Equity positions
2026-03-24 12:48:52,117 - INFO - ----- Position management cycle started at 12:48:52 -----
2026-03-24 12:48:52,145 - INFO - [CYCLE SUMMARY] INFY | Price: 1288.80 | Entry: 1290.50 | Stop: 1286.80 | P&L: -0.03 (-0.13%) | Status: LOSS | Risk: HIGH RISK
2026-03-24 12:48:52,154 - INFO - [DETAILED STATUS] Distance to Stop: 2.00 (0.16%) | Distance from Entry: -1.70 (-0.13%) | Quantity: 0.015625 | AO Risk Applied: False
2026-03-24 12:48:52,184 - WARNING - STOP LOSS PROXIMITY: Price 1288.80 is 0.16% above stop 1286.80
2026-03-24 12:48:52,247 - INFO - STOP LOSS UPDATED:
2026-03-24 12:48:52,253 - INFO -   Old Stop: 1286.80
2026-03-24 12:48:52,257 - INFO -   New Stop: 1287.20
2026-03-24 12:48:52,268 - INFO -   Improvement: +0.40 (+0.03%)
2026-03-24 12:48:52,270 - INFO -   New Distance to Stop: 1.60 (0.12%)
2026-03-24 12:48:52,308 - DEBUG - Position saved to active_equity_position.json
2026-03-24 12:48:52,328 - INFO - Equity Position Status - P&L: Rs-0.03
2026-03-24 12:48:52,328 - INFO - Running Nifty Options paper trading cycle...
2026-03-24 12:48:58,668 - INFO - Successfully fetched 132 rows of 15m data
2026-03-24 12:48:58,668 - INFO - Stored 15m market data successfully
2026-03-24 12:49:10,348 - INFO - Successfully fetched 385 rows of 5m data
2026-03-24 12:49:10,350 - INFO - Stored 5m market data successfully
2026-03-24 12:49:10,350 - INFO - Fetching 5m equity data (attempt 1/3)...
2026-03-24 12:49:15,321 - INFO - Successfully fetched 192 rows of 5m equity data
2026-03-24 12:49:15,323 - INFO - Starting high-accuracy delta calculation...
2026-03-24 12:50:05,667 - INFO - High-accuracy delta calculated: Spot=22980.85, Strikes=[22400, 22450, 22500, 22550, 22600, 22650, 22700, 22750, 22800, 22850, 22900, 22950, 23000, 23050, 23100, 23150, 23200, 23250, 23300, 23350, 23400]
2026-03-24 12:50:44,349 - INFO - Successfully fetched 1308 rows of 1m data
2026-03-24 12:50:44,351 - INFO - Stored 1m market data successfully
2026-03-24 12:50:45,361 - INFO - Fetching 1m equity data (attempt 1/3)...
2026-03-24 12:51:01,154 - INFO - Successfully fetched 1092 rows of 1m equity data
2026-03-24 12:51:01,154 - INFO - Running Donchian AO trading strategy...
2026-03-24 12:51:01,504 - INFO - VIX is above mid-donchian. No positions will be taken.
2026-03-24 12:51:01,506 - INFO - NO TRADE: No suitable option pair found.
2026-03-24 12:51:01,513 - INFO - Running paper trading cycle...
2026-03-24 12:51:01,515 - INFO -  Managing existing positions
2026-03-24 12:51:01,516 - INFO - ----- Position management cycle started at 12:51:01 -----
2026-03-24 12:51:02,346 - INFO - [DEBUG] options_data type: <class 'list'>, length: 21
2026-03-24 12:51:02,942 - INFO - CURRENT NET P&L: 10.850000000000023 points
2026-03-24 12:51:02,942 - WARNING - Skipping position management - stale/no price data
2026-03-24 12:51:02,946 - INFO -  Position Status - P&L: Rs10.85, Adjustments: 0
2026-03-24 12:51:02,948 - INFO - Running SMA paper trading cycle...
2026-03-24 12:51:03,120 - INFO - Running Equity paper trading cycle...
2026-03-24 12:51:03,125 - INFO - Managing existing Equity positions
2026-03-24 12:51:03,125 - INFO - ----- Position management cycle started at 12:51:03 -----
2026-03-24 12:51:03,155 - INFO - [CYCLE SUMMARY] INFY | Price: 1288.80 | Entry: 1290.50 | Stop: 1287.20 | P&L: -0.03 (-0.13%) | Status: LOSS | Risk: HIGH RISK
2026-03-24 12:51:03,159 - INFO - [DETAILED STATUS] Distance to Stop: 1.60 (0.12%) | Distance from Entry: -1.70 (-0.13%) | Quantity: 0.015625 | AO Risk Applied: False
2026-03-24 12:51:03,183 - WARNING - STOP LOSS PROXIMITY: Price 1288.80 is 0.12% above stop 1287.20
2026-03-24 12:51:03,235 - DEBUG - Stop loss unchanged: 1287.20 (new: 1287.20)
2026-03-24 12:51:03,260 - INFO - Equity Position Status - P&L: Rs-0.03
2026-03-24 12:51:03,264 - INFO - Running Nifty Options paper trading cycle...
2026-03-24 12:51:04,581 - INFO - Fetching 15m equity data (attempt 1/3)...
2026-03-24 12:51:06,182 - INFO - Successfully fetched 42 rows of 15m equity data
2026-03-24 12:51:07,193 - INFO - Starting high-accuracy delta calculation...
2026-03-24 12:51:56,357 - INFO - High-accuracy delta calculated: Spot=22986.75, Strikes=[22400, 22450, 22500, 22550, 22600, 22650, 22700, 22750, 22800, 22850, 22900, 22950, 23000, 23050, 23100, 23150, 23200, 23250, 23300, 23350, 23400]
2026-03-24 12:52:26,486 - INFO - Successfully fetched 1309 rows of 1m data
2026-03-24 12:52:26,486 - INFO - Stored 1m market data successfully
2026-03-24 12:52:27,495 - INFO - Fetching 1m equity data (attempt 1/3)...
2026-03-24 12:52:49,668 - INFO - Successfully fetched 1092 rows of 1m equity data
2026-03-24 12:52:49,668 - INFO - Running Donchian AO trading strategy...
2026-03-24 12:52:50,254 - INFO - VIX is above mid-donchian. No positions will be taken.
2026-03-24 12:52:50,267 - INFO - NO TRADE: No suitable option pair found.
2026-03-24 12:52:50,273 - INFO - Running paper trading cycle...
2026-03-24 12:52:50,275 - INFO -  Managing existing positions
2026-03-24 12:52:50,275 - INFO - ----- Position management cycle started at 12:52:50 -----
2026-03-24 12:52:51,104 - INFO - [DEBUG] options_data type: <class 'list'>, length: 17
2026-03-24 12:52:52,025 - INFO - CURRENT NET P&L: 10.850000000000023 points
2026-03-24 12:52:52,027 - WARNING - Skipping position management - stale/no price data
2026-03-24 12:52:52,036 - INFO -  Position Status - P&L: Rs10.85, Adjustments: 0
2026-03-24 12:52:52,038 - INFO - Running SMA paper trading cycle...
2026-03-24 12:52:52,238 - INFO - Running Equity paper trading cycle...
2026-03-24 12:52:52,254 - INFO - Managing existing Equity positions
2026-03-24 12:52:52,258 - INFO - ----- Position management cycle started at 12:52:52 -----
2026-03-24 12:52:52,282 - INFO - [CYCLE SUMMARY] INFY | Price: 1289.50 | Entry: 1290.50 | Stop: 1287.20 | P&L: -0.02 (-0.08%) | Status: LOSS | Risk: HIGH RISK
2026-03-24 12:52:52,292 - INFO - [DETAILED STATUS] Distance to Stop: 2.30 (0.18%) | Distance from Entry: -1.00 (-0.08%) | Quantity: 0.015625 | AO Risk Applied: False
2026-03-24 12:52:52,308 - WARNING - STOP LOSS PROXIMITY: Price 1289.50 is 0.18% above stop 1287.20
2026-03-24 12:52:52,361 - INFO - STOP LOSS UPDATED:
2026-03-24 12:52:52,367 - INFO -   Old Stop: 1287.20
2026-03-24 12:52:52,377 - INFO -   New Stop: 1288.10
2026-03-24 12:52:52,389 - INFO -   Improvement: +0.90 (+0.07%)
2026-03-24 12:52:52,412 - INFO -   New Distance to Stop: 1.40 (0.11%)
2026-03-24 12:52:52,422 - DEBUG - Position saved to active_equity_position.json
2026-03-24 12:52:52,451 - INFO - Equity Position Status - P&L: Rs-0.02
2026-03-24 12:52:52,451 - INFO - Running Nifty Options paper trading cycle...
2026-03-24 12:52:56,806 - INFO - Starting high-accuracy delta calculation...
2026-03-24 12:53:45,590 - INFO - High-accuracy delta calculated: Spot=23020, Strikes=[22400, 22450, 22500, 22550, 22600, 22650, 22700, 22750, 22800, 22850, 22900, 22950, 23000, 23050, 23100, 23150, 23200, 23250, 23300, 23350, 23400]
2026-03-24 12:53:46,596 - INFO - Starting separate VIX calculation...
2026-03-24 12:55:14,191 - INFO - VIX calculated separately: 54.78
2026-03-24 12:55:46,048 - INFO - Successfully fetched 1313 rows of 1m data
2026-03-24 12:55:46,048 - INFO - Stored 1m market data successfully
2026-03-24 12:55:47,070 - INFO - Fetching 1m equity data (attempt 1/3)...
2026-03-24 12:56:06,038 - INFO - Successfully fetched 1092 rows of 1m equity data
2026-03-24 12:56:06,040 - INFO - Running Donchian AO trading strategy...
2026-03-24 12:56:06,439 - INFO - VIX is above mid-donchian. No positions will be taken.
2026-03-24 12:56:06,445 - INFO - NO TRADE: No suitable option pair found.
2026-03-24 12:56:06,445 - INFO - Running paper trading cycle...
2026-03-24 12:56:06,453 - INFO -  Managing existing positions
2026-03-24 12:56:06,453 - INFO - ----- Position management cycle started at 12:56:06 -----
2026-03-24 12:56:12,744 - INFO - [DEBUG] options_data type: <class 'list'>, length: 21
2026-03-24 12:56:16,975 - INFO - CURRENT NET P&L: 10.850000000000023 points
2026-03-24 12:56:16,977 - WARNING - Skipping position management - stale/no price data
2026-03-24 12:56:16,981 - INFO -  Position Status - P&L: Rs10.85, Adjustments: 0
2026-03-24 12:56:16,981 - INFO - Running SMA paper trading cycle...
2026-03-24 12:56:17,156 - INFO - Running Equity paper trading cycle...
2026-03-24 12:56:17,156 - INFO - Managing existing Equity positions
2026-03-24 12:56:17,162 - INFO - ----- Position management cycle started at 12:56:17 -----
2026-03-24 12:56:17,196 - INFO - [CYCLE SUMMARY] INFY | Price: 1289.30 | Entry: 1290.50 | Stop: 1288.10 | P&L: -0.02 (-0.09%) | Status: LOSS | Risk: HIGH RISK
2026-03-24 12:56:17,210 - INFO - [DETAILED STATUS] Distance to Stop: 1.20 (0.09%) | Distance from Entry: -1.20 (-0.09%) | Quantity: 0.015625 | AO Risk Applied: False
2026-03-24 12:56:17,229 - WARNING - STOP LOSS PROXIMITY: Price 1289.30 is 0.09% above stop 1288.10
2026-03-24 12:56:17,279 - DEBUG - Stop loss unchanged: 1288.10 (new: 1288.00)
2026-03-24 12:56:17,302 - INFO - Equity Position Status - P&L: Rs-0.02
2026-03-24 12:56:17,302 - INFO - Running Nifty Options paper trading cycle...
2026-03-24 12:56:27,862 - INFO - Successfully fetched 387 rows of 5m data
2026-03-24 12:56:27,862 - INFO - Stored 5m market data successfully
2026-03-24 12:56:27,862 - INFO - Fetching 5m equity data (attempt 1/3)...
2026-03-24 12:56:32,143 - INFO - Successfully fetched 193 rows of 5m equity data
2026-03-24 12:56:32,143 - INFO - Starting high-accuracy delta calculation...
2026-03-24 12:57:16,181 - INFO - High-accuracy delta calculated: Spot=22971.8, Strikes=[22400, 22450, 22500, 22550, 22600, 22650, 22700, 22750, 22800, 22850, 22900, 22950, 23000, 23050, 23100, 23150, 23200, 23250, 23300, 23350, 23400]
2026-03-24 12:57:48,986 - INFO - Successfully fetched 1315 rows of 1m data
2026-03-24 12:57:48,986 - INFO - Stored 1m market data successfully
2026-03-24 12:57:48,991 - INFO - Fetching 1m equity data (attempt 1/3)...
2026-03-24 12:58:06,673 - INFO - Successfully fetched 1092 rows of 1m equity data
2026-03-24 12:58:06,675 - INFO - Running Donchian AO trading strategy...
2026-03-24 12:58:07,300 - INFO - VIX is above mid-donchian. No positions will be taken.
2026-03-24 12:58:07,310 - INFO - NO TRADE: No suitable option pair found.
2026-03-24 12:58:07,312 - INFO - Running paper trading cycle...
2026-03-24 12:58:07,314 - INFO -  Managing existing positions
2026-03-24 12:58:07,316 - INFO - ----- Position management cycle started at 12:58:07 -----
2026-03-24 12:58:11,059 - INFO - [DEBUG] options_data type: <class 'list'>, length: 21
2026-03-24 12:58:11,642 - INFO - CURRENT NET P&L: 10.850000000000023 points
2026-03-24 12:58:11,665 - WARNING - Skipping position management - stale/no price data
2026-03-24 12:58:11,679 - INFO -  Position Status - P&L: Rs10.85, Adjustments: 0
2026-03-24 12:58:11,681 - INFO - Running SMA paper trading cycle...
2026-03-24 12:58:12,880 - INFO - Running Equity paper trading cycle...
2026-03-24 12:58:12,882 - INFO - Managing existing Equity positions
2026-03-24 12:58:12,886 - INFO - ----- Position management cycle started at 12:58:12 -----
2026-03-24 12:58:12,914 - INFO - [CYCLE SUMMARY] INFY | Price: 1290.20 | Entry: 1290.50 | Stop: 1288.10 | P&L: -0.00 (-0.02%) | Status: LOSS | Risk: HIGH RISK
2026-03-24 12:58:12,916 - INFO - [DETAILED STATUS] Distance to Stop: 2.10 (0.16%) | Distance from Entry: -0.30 (-0.02%) | Quantity: 0.015625 | AO Risk Applied: False
2026-03-24 12:58:12,942 - WARNING - STOP LOSS PROXIMITY: Price 1290.20 is 0.16% above stop 1288.10
2026-03-24 12:58:12,998 - DEBUG - Stop loss unchanged: 1288.10 (new: 1288.00)
2026-03-24 12:58:13,021 - INFO - Equity Position Status - P&L: Rs-0.00
2026-03-24 12:58:13,021 - INFO - Running Nifty Options paper trading cycle...
2026-03-24 12:58:16,370 - INFO - Starting high-accuracy delta calculation...
2026-03-24 12:58:59,274 - INFO - High-accuracy delta calculated: Spot=22963.45, Strikes=[22400, 22450, 22500, 22550, 22600, 22650, 22700, 22750, 22800, 22850, 22900, 22950, 23000, 23050, 23100, 23150, 23200, 23250, 23300, 23350, 23400]
2026-03-24 12:59:31,773 - INFO - Successfully fetched 1316 rows of 1m data
2026-03-24 12:59:31,773 - INFO - Stored 1m market data successfully
2026-03-24 12:59:32,792 - INFO - Fetching 1m equity data (attempt 1/3)...
2026-03-24 12:59:52,562 - INFO - Successfully fetched 1092 rows of 1m equity data
2026-03-24 12:59:52,562 - INFO - Running Donchian AO trading strategy...
2026-03-24 12:59:52,876 - INFO - VIX is above mid-donchian. No positions will be taken.
2026-03-24 12:59:52,876 - INFO - NO TRADE: No suitable option pair found.
2026-03-24 12:59:52,880 - INFO - Running paper trading cycle...
2026-03-24 12:59:52,880 - INFO -  Managing existing positions
2026-03-24 12:59:52,880 - INFO - ----- Position management cycle started at 12:59:52 -----
2026-03-24 12:59:53,493 - INFO - [DEBUG] options_data type: <class 'list'>, length: 21
2026-03-24 12:59:54,099 - INFO - CURRENT NET P&L: 10.850000000000023 points
2026-03-24 12:59:54,099 - WARNING - Skipping position management - stale/no price data
2026-03-24 12:59:54,106 - INFO -  Position Status - P&L: Rs10.85, Adjustments: 0
2026-03-24 12:59:54,108 - INFO - Running SMA paper trading cycle...
2026-03-24 12:59:54,248 - INFO - Running Equity paper trading cycle...
2026-03-24 12:59:54,248 - INFO - Managing existing Equity positions
2026-03-24 12:59:54,248 - INFO - ----- Position management cycle started at 12:59:54 -----
2026-03-24 12:59:54,263 - INFO - [CYCLE SUMMARY] INFY | Price: 1291.20 | Entry: 1290.50 | Stop: 1288.10 | P&L: 0.01 (0.05%) | Status: PROFIT | Risk: HIGH RISK
2026-03-24 12:59:54,270 - INFO - [DETAILED STATUS] Distance to Stop: 3.10 (0.24%) | Distance from Entry: 0.70 (0.05%) | Quantity: 0.015625 | AO Risk Applied: False
2026-03-24 12:59:54,290 - WARNING - STOP LOSS PROXIMITY: Price 1291.20 is 0.24% above stop 1288.10
2026-03-24 12:59:54,332 - DEBUG - Stop loss unchanged: 1288.10 (new: 1288.00)
2026-03-24 12:59:54,349 - INFO - Equity Position Status - P&L: Rs0.01
2026-03-24 12:59:54,349 - INFO - Running Nifty Options paper trading cycle...
2026-03-24 12:59:59,668 - INFO - Starting high-accuracy delta calculation...
2026-03-24 13:00:44,217 - INFO - High-accuracy delta calculated: Spot=22975, Strikes=[22400, 22450, 22500, 22550, 22600, 22650, 22700, 22750, 22800, 22850, 22900, 22950, 23000, 23050, 23100, 23150, 23200, 23250, 23300, 23350, 23400]
2026-03-24 13:00:45,220 - INFO - Starting separate VIX calculation...
2026-03-24 13:02:03,421 - INFO - VIX calculated separately: 51.45
2026-03-24 13:02:34,903 - INFO - Successfully fetched 1319 rows of 1m data
2026-03-24 13:02:34,903 - INFO - Stored 1m market data successfully
2026-03-24 13:02:35,921 - INFO - Fetching 1m equity data (attempt 1/3)...
2026-03-24 13:02:52,534 - INFO - Successfully fetched 1092 rows of 1m equity data
2026-03-24 13:02:52,536 - INFO - Running Donchian AO trading strategy...
2026-03-24 13:02:53,071 - INFO - VIX is above mid-donchian. No positions will be taken.
2026-03-24 13:02:53,077 - INFO - NO TRADE: No suitable option pair found.
2026-03-24 13:02:53,080 - INFO - Running paper trading cycle...
2026-03-24 13:02:53,081 - INFO -  Managing existing positions
2026-03-24 13:02:53,081 - INFO - ----- Position management cycle started at 13:02:53 -----
2026-03-24 13:02:53,610 - INFO - [DEBUG] options_data type: <class 'list'>, length: 15
2026-03-24 13:02:54,280 - INFO - CURRENT NET P&L: 10.850000000000023 points
2026-03-24 13:02:54,280 - WARNING - Skipping position management - stale/no price data
2026-03-24 13:02:54,288 - INFO -  Position Status - P&L: Rs10.85, Adjustments: 0
2026-03-24 13:02:54,288 - INFO - Running SMA paper trading cycle...
2026-03-24 13:02:54,720 - INFO - Running Equity paper trading cycle...
2026-03-24 13:02:54,720 - INFO - Managing existing Equity positions
2026-03-24 13:02:54,728 - INFO - ----- Position management cycle started at 13:02:54 -----
2026-03-24 13:02:54,765 - INFO - [CYCLE SUMMARY] INFY | Price: 1289.60 | Entry: 1290.50 | Stop: 1288.10 | P&L: -0.01 (-0.07%) | Status: LOSS | Risk: HIGH RISK
2026-03-24 13:02:54,769 - INFO - [DETAILED STATUS] Distance to Stop: 1.50 (0.12%) | Distance from Entry: -0.90 (-0.07%) | Quantity: 0.015625 | AO Risk Applied: False
2026-03-24 13:02:54,785 - WARNING - STOP LOSS PROXIMITY: Price 1289.60 is 0.12% above stop 1288.10
2026-03-24 13:02:54,832 - INFO - STOP LOSS UPDATED:
2026-03-24 13:02:54,840 - INFO -   Old Stop: 1288.10
2026-03-24 13:02:54,846 - INFO -   New Stop: 1288.40
2026-03-24 13:02:54,862 - INFO -   Improvement: +0.30 (+0.02%)
2026-03-24 13:02:54,867 - INFO -   New Distance to Stop: 1.20 (0.09%)
2026-03-24 13:02:54,879 - DEBUG - Position saved to active_equity_position.json
2026-03-24 13:02:54,897 - INFO - Equity Position Status - P&L: Rs-0.01
2026-03-24 13:02:54,897 - INFO - Running Nifty Options paper trading cycle...
2026-03-24 13:03:06,970 - INFO - Successfully fetched 388 rows of 5m data
2026-03-24 13:03:06,971 - INFO - Stored 5m market data successfully
2026-03-24 13:03:06,977 - INFO - Fetching 5m equity data (attempt 1/3)...
2026-03-24 13:03:10,480 - INFO - Successfully fetched 193 rows of 5m equity data
2026-03-24 13:03:10,480 - INFO - Starting high-accuracy delta calculation...
2026-03-24 13:03:57,213 - INFO - High-accuracy delta calculated: Spot=22960.35, Strikes=[22400, 22450, 22500, 22550, 22600, 22650, 22700, 22750, 22800, 22850, 22900, 22950, 23000, 23050, 23100, 23150, 23200, 23250, 23300, 23350, 23400]
2026-03-24 13:04:28,953 - INFO - Successfully fetched 1321 rows of 1m data
2026-03-24 13:04:28,955 - INFO - Stored 1m market data successfully
2026-03-24 13:04:28,957 - INFO - Fetching 1m equity data (attempt 1/3)...
2026-03-24 13:04:48,395 - INFO - Successfully fetched 1092 rows of 1m equity data
2026-03-24 13:04:48,400 - INFO - Running Donchian AO trading strategy...
2026-03-24 13:04:48,774 - INFO - VIX is above mid-donchian. No positions will be taken.
2026-03-24 13:04:48,781 - INFO - NO TRADE: No suitable option pair found.
2026-03-24 13:04:48,781 - INFO - Running paper trading cycle...
2026-03-24 13:04:48,781 - INFO -  Managing existing positions
2026-03-24 13:04:48,785 - INFO - ----- Position management cycle started at 13:04:48 -----
2026-03-24 13:04:49,458 - INFO - [DEBUG] options_data type: <class 'list'>, length: 5
2026-03-24 13:04:50,119 - INFO - CURRENT NET P&L: 10.850000000000023 points
2026-03-24 13:04:50,119 - WARNING - Skipping position management - stale/no price data
2026-03-24 13:04:50,128 - INFO -  Position Status - P&L: Rs10.85, Adjustments: 0
2026-03-24 13:04:50,128 - INFO - Running SMA paper trading cycle...
2026-03-24 13:04:50,290 - INFO - Running Equity paper trading cycle...
2026-03-24 13:04:50,290 - INFO - Managing existing Equity positions
2026-03-24 13:04:50,296 - INFO - ----- Position management cycle started at 13:04:50 -----
2026-03-24 13:04:50,312 - INFO - [CYCLE SUMMARY] INFY | Price: 1288.80 | Entry: 1290.50 | Stop: 1288.40 | P&L: -0.03 (-0.13%) | Status: LOSS | Risk: HIGH RISK
2026-03-24 13:04:50,320 - INFO - [DETAILED STATUS] Distance to Stop: 0.40 (0.03%) | Distance from Entry: -1.70 (-0.13%) | Quantity: 0.015625 | AO Risk Applied: False
2026-03-24 13:04:50,336 - WARNING - STOP LOSS PROXIMITY: Price 1288.80 is 0.03% above stop 1288.40
2026-03-24 13:04:50,400 - DEBUG - Stop loss unchanged: 1288.40 (new: 1288.10)
2026-03-24 13:04:50,410 - INFO - Equity Position Status - P&L: Rs-0.03
2026-03-24 13:04:50,410 - INFO - Running Nifty Options paper trading cycle...
2026-03-24 13:04:57,874 - INFO - Successfully fetched 133 rows of 15m data
2026-03-24 13:04:57,879 - INFO - Stored 15m market data successfully
2026-03-24 13:04:58,883 - INFO - Starting high-accuracy delta calculation...
2026-03-24 13:05:45,533 - INFO - High-accuracy delta calculated: Spot=22940.95, Strikes=[22400, 22450, 22500, 22550, 22600, 22650, 22700, 22750, 22800, 22850, 22900, 22950, 23000, 23050, 23100, 23150, 23200, 23250, 23300, 23350, 23400]
2026-03-24 13:06:17,774 - INFO - Successfully fetched 1323 rows of 1m data
2026-03-24 13:06:17,774 - INFO - Stored 1m market data successfully
2026-03-24 13:06:18,796 - INFO - Fetching 1m equity data (attempt 1/3)...
2026-03-24 13:06:38,418 - INFO - Successfully fetched 1092 rows of 1m equity data
2026-03-24 13:06:38,419 - INFO - Running Donchian AO trading strategy...
2026-03-24 13:06:38,858 - INFO - VIX is above mid-donchian. No positions will be taken.
2026-03-24 13:06:38,880 - INFO - NO TRADE: No suitable option pair found.
2026-03-24 13:06:38,886 - INFO - Running paper trading cycle...
2026-03-24 13:06:38,886 - INFO -  Managing existing positions
2026-03-24 13:06:38,891 - INFO - ----- Position management cycle started at 13:06:38 -----
2026-03-24 13:06:39,785 - INFO - [DEBUG] options_data type: <class 'list'>, length: 11
2026-03-24 13:06:40,567 - INFO - CURRENT NET P&L: 10.850000000000023 points
2026-03-24 13:06:40,573 - WARNING - Skipping position management - stale/no price data
2026-03-24 13:06:40,576 - INFO -  Position Status - P&L: Rs10.85, Adjustments: 0
2026-03-24 13:06:40,576 - INFO - Running SMA paper trading cycle...
2026-03-24 13:06:40,776 - INFO - Running Equity paper trading cycle...
2026-03-24 13:06:40,782 - INFO - Managing existing Equity positions
2026-03-24 13:06:40,782 - INFO - ----- Position management cycle started at 13:06:40 -----
2026-03-24 13:06:40,832 - INFO - [CYCLE SUMMARY] INFY | Price: 1287.90 | Entry: 1290.50 | Stop: 1288.40 | P&L: -0.04 (-0.20%) | Status: LOSS | Risk: HIGH RISK
2026-03-24 13:06:40,850 - INFO - [DETAILED STATUS] Distance to Stop: -0.50 (-0.04%) | Distance from Entry: -2.60 (-0.20%) | Quantity: 0.015625 | AO Risk Applied: False
2026-03-24 13:06:40,873 - WARNING - STOP LOSS PROXIMITY: Price 1287.90 is -0.04% above stop 1288.40
2026-03-24 13:06:40,883 - INFO - STOP LOSS HIT:
2026-03-24 13:06:40,889 - INFO -   Current Price: 1287.90
2026-03-24 13:06:40,891 - INFO -   Stop Loss: 1288.40
2026-03-24 13:06:40,900 - INFO -   Entry Price: 1290.50
2026-03-24 13:06:40,904 - INFO -   Final P&L: -0.04 (-0.20%)
2026-03-24 13:06:40,906 - INFO -   Quantity: 0.015625
2026-03-24 13:06:40,932 - INFO - CLOSING POSITION:
2026-03-24 13:06:40,934 - INFO -   Symbol: INFY
2026-03-24 13:06:40,946 - INFO -   Entry Price: 1290.50
2026-03-24 13:06:40,950 - INFO -   Exit Price: 1287.90
2026-03-24 13:06:40,967 - INFO -   Stop Loss: 1288.40
2026-03-24 13:06:40,971 - INFO -   Quantity: 0.015625
2026-03-24 13:06:40,976 - INFO -   Price Movement: -2.60 (-0.20%)
2026-03-24 13:06:40,985 - INFO -   Final P&L: -0.04 (-0.20%)
2026-03-24 13:06:40,989 - INFO -   Trade Result: LOSS
2026-03-24 13:06:40,991 - INFO -   Reason: Stop Loss Hit
2026-03-24 13:06:41,015 - DEBUG - Position file cleared
2026-03-24 13:06:41,017 - INFO - Running Nifty Options paper trading cycle...
2026-03-24 13:06:41,344 - INFO - Fetching 15m equity data (attempt 1/3)...
2026-03-24 13:06:43,626 - INFO - Successfully fetched 42 rows of 15m equity data
2026-03-24 13:06:46,005 - INFO - Starting high-accuracy delta calculation...
2026-03-24 13:07:54,292 - INFO - High-accuracy delta calculated: Spot=22918.3, Strikes=[22400, 22450, 22500, 22550, 22600, 22650, 22700, 22750, 22800, 22850, 22900, 22950, 23000, 23050, 23100, 23150, 23200, 23250, 23300, 23350, 23400]
2026-03-24 13:07:55,304 - INFO - Starting separate VIX calculation...
2026-03-24 13:09:40,000 - INFO - VIX calculated separately: 49.15
2026-03-24 13:10:07,539 - INFO - Successfully fetched 1327 rows of 1m data
2026-03-24 13:10:07,540 - INFO - Stored 1m market data successfully
2026-03-24 13:10:07,543 - INFO - Fetching 1m equity data (attempt 1/3)...
2026-03-24 13:10:13,713 - INFO - Successfully fetched 1092 rows of 1m equity data
2026-03-24 13:10:13,719 - INFO - Running Donchian AO trading strategy...
2026-03-24 13:10:13,909 - INFO - VIX is above mid-donchian. No positions will be taken.
2026-03-24 13:10:13,912 - INFO - NO TRADE: No suitable option pair found.
2026-03-24 13:10:13,913 - INFO - Running paper trading cycle...
2026-03-24 13:10:13,919 - INFO -  Managing existing positions
2026-03-24 13:10:13,921 - INFO - ----- Position management cycle started at 13:10:13 -----
2026-03-24 13:10:16,741 - INFO - [DEBUG] options_data type: <class 'list'>, length: 21
2026-03-24 13:10:17,006 - INFO - CURRENT NET P&L: 10.850000000000023 points
2026-03-24 13:10:17,006 - WARNING - Skipping position management - stale/no price data
2026-03-24 13:10:17,006 - INFO -  Position Status - P&L: Rs10.85, Adjustments: 0
2026-03-24 13:10:17,009 - INFO - Running SMA paper trading cycle...
2026-03-24 13:10:17,073 - INFO - Running Equity paper trading cycle...
2026-03-24 13:10:17,073 - INFO - === EQUITY STRATEGY CALLED for INFY ===
2026-03-24 13:10:17,074 - DEBUG - Starting strategy check for INFY
2026-03-24 13:10:17,077 - DEBUG - Checking 15min conditions for INFY
2026-03-24 13:10:17,094 - DEBUG - 15min conditions for INFY:
2026-03-24 13:10:17,095 - DEBUG -   Close: 1288.00, Mid-Donchian: 1272.30 -> Above Mid: True
2026-03-24 13:10:17,103 - DEBUG -   Close: 1288.00, VWAP: 1251.78 -> Above VWAP: True
2026-03-24 13:10:17,106 - DEBUG -   AO Value: 27.58088235294099, Above 20 SMA: True -> AO or SMA: 27.58088235294099
2026-03-24 13:10:17,107 - DEBUG - 15min conditions result for INFY: 27.58088235294099
2026-03-24 13:10:17,108 - INFO - 15min conditions PASSED for INFY
2026-03-24 13:10:17,109 - DEBUG - Checking 5min conditions for INFY
2026-03-24 13:10:17,123 - DEBUG - 5min conditions for INFY:
2026-03-24 13:10:17,123 - DEBUG -   Close: 1288.70, Mid-Donchian: 1287.60 -> Above Mid: True
2026-03-24 13:10:17,124 - DEBUG -   Close: 1288.70, VWAP: 1252.27 -> Above VWAP: True
2026-03-24 13:10:17,125 - DEBUG -   AO Value: 7.5205882352938715 -> AO Positive: 7.5205882352938715
2026-03-24 13:10:17,126 - DEBUG - 5min conditions result for INFY: 7.5205882352938715
2026-03-24 13:10:17,126 - INFO - 5min conditions PASSED for INFY
2026-03-24 13:10:17,134 - DEBUG - Checking 1min entry conditions for INFY
2026-03-24 13:10:17,160 - INFO - 1min entry condition PASSED for INFY - Method: condition_a
2026-03-24 13:10:17,164 - DEBUG - Calculating stop loss for INFY
2026-03-24 13:10:17,187 - INFO - Stop loss calculated for INFY: 1286.70
2026-03-24 13:10:17,188 - INFO - STRATEGY SIGNAL GENERATED for INFY:
2026-03-24 13:10:17,191 - INFO -   Entry Price: 1288.40
2026-03-24 13:10:17,192 - INFO -   Stop Loss: 1286.70
2026-03-24 13:10:17,205 - INFO -   Entry Method: condition_a
2026-03-24 13:10:17,207 - INFO - New Equity trading signal received, executing paper trade
2026-03-24 13:10:17,211 - DEBUG - Position saved to active_equity_position.json
2026-03-24 13:10:17,214 - INFO - NEW POSITION OPENED:
2026-03-24 13:10:17,219 - INFO -   Symbol: INFY
2026-03-24 13:10:17,219 - INFO -   Entry Price: 1288.4
2026-03-24 13:10:17,220 - INFO -   Stop Loss: 1286.7
2026-03-24 13:10:17,221 - INFO -   Quantity: 0.015625
2026-03-24 13:10:17,222 - INFO -   Entry Method: condition_a
2026-03-24 13:10:17,223 - INFO -   Position opened at: 2026-03-24 13:10:17.207736
2026-03-24 13:10:17,224 - INFO - TRADE EXECUTION SUCCESSFUL
2026-03-24 13:10:17,224 - INFO - Equity paper trade executed successfully
2026-03-24 13:10:17,225 - INFO - Managing existing Equity positions
2026-03-24 13:10:17,225 - INFO - ----- Position management cycle started at 13:10:17 -----
2026-03-24 13:10:17,238 - INFO - [CYCLE SUMMARY] INFY | Price: 1288.40 | Entry: 1288.40 | Stop: 1286.70 | P&L: 0.00 (0.00%) | Status: LOSS | Risk: HIGH RISK
2026-03-24 13:10:17,239 - INFO - [DETAILED STATUS] Distance to Stop: 1.70 (0.13%) | Distance from Entry: 0.00 (0.00%) | Quantity: 0.015625 | AO Risk Applied: False
2026-03-24 13:10:17,251 - WARNING - STOP LOSS PROXIMITY: Price 1288.40 is 0.13% above stop 1286.70
2026-03-24 13:10:17,263 - DEBUG - Stop loss unchanged: 1286.70 (new: 1286.70)
2026-03-24 13:10:17,273 - INFO - Equity Position Status - P&L: Rs0.00
2026-03-24 13:10:17,273 - INFO - Running Nifty Options paper trading cycle...
2026-03-24 13:10:22,003 - INFO - Successfully fetched 390 rows of 5m data
2026-03-24 13:10:22,003 - INFO - Stored 5m market data successfully
2026-03-24 13:10:22,005 - INFO - Fetching 5m equity data (attempt 1/3)...
2026-03-24 13:10:23,570 - INFO - Successfully fetched 193 rows of 5m equity data
2026-03-24 13:10:23,570 - INFO - Starting high-accuracy delta calculation...
2026-03-24 13:10:59,086 - INFO - High-accuracy delta calculated: Spot=22943.2, Strikes=[22400, 22450, 22500, 22550, 22600, 22650, 22700, 22750, 22800, 22850, 22900, 22950, 23000, 23050, 23100, 23150, 23200, 23250, 23300, 23350, 23400]
2026-03-24 13:11:15,452 - INFO - Successfully fetched 1329 rows of 1m data
2026-03-24 13:11:15,452 - INFO - Stored 1m market data successfully
2026-03-24 13:11:16,463 - INFO - Fetching 1m equity data (attempt 1/3)...
2026-03-24 13:11:22,708 - INFO - Successfully fetched 1092 rows of 1m equity data
2026-03-24 13:11:22,708 - INFO - Running Donchian AO trading strategy...
2026-03-24 13:11:22,839 - INFO - VIX is above mid-donchian. No positions will be taken.
2026-03-24 13:11:22,843 - INFO - NO TRADE: No suitable option pair found.
2026-03-24 13:11:23,853 - INFO - Running paper trading cycle...
2026-03-24 13:11:23,853 - INFO -  Managing existing positions
2026-03-24 13:11:23,855 - INFO - ----- Position management cycle started at 13:11:23 -----
2026-03-24 13:11:24,091 - INFO - [DEBUG] options_data type: <class 'list'>, length: 21
2026-03-24 13:11:24,360 - INFO - CURRENT NET P&L: 10.850000000000023 points
2026-03-24 13:11:24,362 - WARNING - Skipping position management - stale/no price data
2026-03-24 13:11:24,362 - INFO -  Position Status - P&L: Rs10.85, Adjustments: 0
2026-03-24 13:11:24,362 - INFO - Running SMA paper trading cycle...
2026-03-24 13:11:24,425 - INFO - Running Equity paper trading cycle...
2026-03-24 13:11:24,426 - INFO - Managing existing Equity positions
2026-03-24 13:11:24,427 - INFO - ----- Position management cycle started at 13:11:24 -----
2026-03-24 13:11:24,438 - INFO - [CYCLE SUMMARY] INFY | Price: 1288.60 | Entry: 1288.40 | Stop: 1286.70 | P&L: 0.00 (0.02%) | Status: PROFIT | Risk: HIGH RISK
2026-03-24 13:11:24,439 - INFO - [DETAILED STATUS] Distance to Stop: 1.90 (0.15%) | Distance from Entry: 0.20 (0.02%) | Quantity: 0.015625 | AO Risk Applied: False
2026-03-24 13:11:24,443 - WARNING - STOP LOSS PROXIMITY: Price 1288.60 is 0.15% above stop 1286.70
2026-03-24 13:11:24,462 - DEBUG - Stop loss unchanged: 1286.70 (new: 1286.70)
2026-03-24 13:11:24,468 - INFO - Equity Position Status - P&L: Rs0.00
2026-03-24 13:11:24,469 - INFO - Running Nifty Options paper trading cycle...
2026-03-24 13:11:59,999 - INFO - Starting high-accuracy delta calculation...
2026-03-24 13:12:37,046 - INFO - High-accuracy delta calculated: Spot=22984.15, Strikes=[22400, 22450, 22500, 22550, 22600, 22650, 22700, 22750, 22800, 22850, 22900, 22950, 23000, 23050, 23100, 23150, 23200, 23250, 23300, 23350, 23400]
2026-03-24 13:12:47,481 - INFO - Successfully fetched 1330 rows of 1m data
2026-03-24 13:12:47,481 - INFO - Stored 1m market data successfully
2026-03-24 13:12:47,482 - INFO - Fetching 1m equity data (attempt 1/3)...
2026-03-24 13:12:53,045 - INFO - Successfully fetched 1092 rows of 1m equity data
2026-03-24 13:12:53,046 - INFO - Running Donchian AO trading strategy...
2026-03-24 13:12:53,188 - INFO - VIX is above mid-donchian. No positions will be taken.
2026-03-24 13:12:53,203 - INFO - NO TRADE: No suitable option pair found.
2026-03-24 13:12:53,203 - INFO - Running paper trading cycle...
2026-03-24 13:12:53,205 - INFO -  Managing existing positions
2026-03-24 13:12:53,205 - INFO - ----- Position management cycle started at 13:12:53 -----
2026-03-24 13:12:53,420 - INFO - [DEBUG] options_data type: <class 'list'>, length: 5
2026-03-24 13:12:53,690 - INFO - CURRENT NET P&L: 10.850000000000023 points
2026-03-24 13:12:53,691 - WARNING - Skipping position management - stale/no price data
2026-03-24 13:12:53,692 - INFO -  Position Status - P&L: Rs10.85, Adjustments: 0
2026-03-24 13:12:53,693 - INFO - Running SMA paper trading cycle...
2026-03-24 13:12:54,077 - INFO - Running Equity paper trading cycle...
2026-03-24 13:12:54,078 - INFO - Managing existing Equity positions
2026-03-24 13:12:54,078 - INFO - ----- Position management cycle started at 13:12:54 -----
2026-03-24 13:12:54,090 - INFO - [CYCLE SUMMARY] INFY | Price: 1288.80 | Entry: 1288.40 | Stop: 1286.70 | P&L: 0.01 (0.03%) | Status: PROFIT | Risk: HIGH RISK
2026-03-24 13:12:54,091 - INFO - [DETAILED STATUS] Distance to Stop: 2.10 (0.16%) | Distance from Entry: 0.40 (0.03%) | Quantity: 0.015625 | AO Risk Applied: False
2026-03-24 13:12:54,097 - WARNING - STOP LOSS PROXIMITY: Price 1288.80 is 0.16% above stop 1286.70
2026-03-24 13:12:54,128 - INFO - STOP LOSS UPDATED:
2026-03-24 13:12:54,129 - INFO -   Old Stop: 1286.70
2026-03-24 13:12:54,130 - INFO -   New Stop: 1286.90
2026-03-24 13:12:54,130 - INFO -   Improvement: +0.20 (+0.02%)
2026-03-24 13:12:54,131 - INFO -   New Distance to Stop: 1.90 (0.15%)
2026-03-24 13:12:54,132 - DEBUG - Position saved to active_equity_position.json
2026-03-24 13:12:54,144 - INFO - Equity Position Status - P&L: Rs0.01
2026-03-24 13:12:54,144 - INFO - Running Nifty Options paper trading cycle...
2026-03-24 13:13:37,721 - INFO - Starting high-accuracy delta calculation...
2026-03-24 13:14:11,557 - INFO - High-accuracy delta calculated: Spot=22971.7, Strikes=[22400, 22450, 22500, 22550, 22600, 22650, 22700, 22750, 22800, 22850, 22900, 22950, 23000, 23050, 23100, 23150, 23200, 23250, 23300, 23350, 23400]
2026-03-24 13:14:22,767 - INFO - Successfully fetched 1332 rows of 1m data
2026-03-24 13:14:22,768 - INFO - Stored 1m market data successfully
2026-03-24 13:14:22,768 - INFO - Fetching 1m equity data (attempt 1/3)...
2026-03-24 13:14:28,527 - INFO - Successfully fetched 1092 rows of 1m equity data
2026-03-24 13:14:28,528 - INFO - Running Donchian AO trading strategy...
2026-03-24 13:14:28,649 - INFO - VIX is above mid-donchian. No positions will be taken.
2026-03-24 13:14:28,655 - INFO - NO TRADE: No suitable option pair found.
2026-03-24 13:14:28,656 - INFO - Running paper trading cycle...
2026-03-24 13:14:28,656 - INFO -  Managing existing positions
2026-03-24 13:14:28,657 - INFO - ----- Position management cycle started at 13:14:28 -----
2026-03-24 13:14:28,947 - INFO - [DEBUG] options_data type: <class 'list'>, length: 17
2026-03-24 13:14:29,205 - INFO - CURRENT NET P&L: 10.850000000000023 points
2026-03-24 13:14:29,206 - WARNING - Skipping position management - stale/no price data
2026-03-24 13:14:29,207 - INFO -  Position Status - P&L: Rs10.85, Adjustments: 0
2026-03-24 13:14:29,207 - INFO - Running SMA paper trading cycle...
2026-03-24 13:14:29,287 - INFO - Running Equity paper trading cycle...
2026-03-24 13:14:29,287 - INFO - Managing existing Equity positions
2026-03-24 13:14:29,288 - INFO - ----- Position management cycle started at 13:14:29 -----
2026-03-24 13:14:29,295 - INFO - [CYCLE SUMMARY] INFY | Price: 1289.90 | Entry: 1288.40 | Stop: 1286.90 | P&L: 0.02 (0.12%) | Status: PROFIT | Risk: HIGH RISK
2026-03-24 13:14:29,298 - INFO - [DETAILED STATUS] Distance to Stop: 3.00 (0.23%) | Distance from Entry: 1.50 (0.12%) | Quantity: 0.015625 | AO Risk Applied: False
2026-03-24 13:14:29,308 - WARNING - STOP LOSS PROXIMITY: Price 1289.90 is 0.23% above stop 1286.90
2026-03-24 13:14:29,332 - INFO - STOP LOSS UPDATED:
2026-03-24 13:14:29,335 - INFO -   Old Stop: 1286.90
2026-03-24 13:14:29,340 - INFO -   New Stop: 1287.20
2026-03-24 13:14:29,342 - INFO -   Improvement: +0.30 (+0.02%)
2026-03-24 13:14:29,344 - INFO -   New Distance to Stop: 2.70 (0.21%)
2026-03-24 13:14:29,345 - DEBUG - Position saved to active_equity_position.json
2026-03-24 13:14:29,351 - INFO - Equity Position Status - P&L: Rs0.02
2026-03-24 13:14:29,351 - INFO - Running Nifty Options paper trading cycle...
2026-03-24 13:14:40,552 - INFO - Starting separate VIX calculation...
2026-03-24 13:15:48,446 - INFO - VIX calculated separately: 50.10
2026-03-24 13:15:49,456 - INFO - Starting high-accuracy delta calculation...
2026-03-24 13:16:24,726 - INFO - High-accuracy delta calculated: Spot=22958.4, Strikes=[22400, 22450, 22500, 22550, 22600, 22650, 22700, 22750, 22800, 22850, 22900, 22950, 23000, 23050, 23100, 23150, 23200, 23250, 23300, 23350, 23400]
2026-03-24 13:16:28,047 - INFO - Successfully fetched 391 rows of 5m data
2026-03-24 13:16:28,047 - INFO - Stored 5m market data successfully
2026-03-24 13:16:38,200 - INFO - Successfully fetched 1334 rows of 1m data
2026-03-24 13:16:38,200 - INFO - Stored 1m market data successfully
2026-03-24 13:16:38,201 - INFO - Fetching 5m equity data (attempt 1/3)...
2026-03-24 13:16:39,780 - INFO - Successfully fetched 193 rows of 5m equity data
2026-03-24 13:16:39,780 - INFO - Fetching 1m equity data (attempt 1/3)...
2026-03-24 13:16:45,414 - INFO - Successfully fetched 1092 rows of 1m equity data
2026-03-24 13:16:45,414 - INFO - Running Donchian AO trading strategy...
2026-03-24 13:16:45,540 - INFO - VIX is above mid-donchian. No positions will be taken.
2026-03-24 13:16:45,542 - INFO - NO TRADE: No suitable option pair found.
2026-03-24 13:16:45,542 - INFO - Running paper trading cycle...
2026-03-24 13:16:45,542 - INFO -  Managing existing positions
2026-03-24 13:16:45,542 - INFO - ----- Position management cycle started at 13:16:45 -----
2026-03-24 13:16:45,791 - INFO - [DEBUG] options_data type: <class 'list'>, length: 21
2026-03-24 13:16:46,023 - INFO - CURRENT NET P&L: 10.850000000000023 points
2026-03-24 13:16:46,023 - WARNING - Skipping position management - stale/no price data
2026-03-24 13:16:46,026 - INFO -  Position Status - P&L: Rs10.85, Adjustments: 0
2026-03-24 13:16:46,026 - INFO - Running SMA paper trading cycle...
2026-03-24 13:16:46,090 - INFO - Running Equity paper trading cycle...
2026-03-24 13:16:46,090 - INFO - Managing existing Equity positions
2026-03-24 13:16:46,090 - INFO - ----- Position management cycle started at 13:16:46 -----
2026-03-24 13:16:46,099 - INFO - [CYCLE SUMMARY] INFY | Price: 1289.30 | Entry: 1288.40 | Stop: 1287.20 | P&L: 0.01 (0.07%) | Status: PROFIT | Risk: HIGH RISK
2026-03-24 13:16:46,101 - INFO - [DETAILED STATUS] Distance to Stop: 2.10 (0.16%) | Distance from Entry: 0.90 (0.07%) | Quantity: 0.015625 | AO Risk Applied: False
2026-03-24 13:16:46,106 - WARNING - STOP LOSS PROXIMITY: Price 1289.30 is 0.16% above stop 1287.20
2026-03-24 13:16:46,124 - INFO - STOP LOSS UPDATED:
2026-03-24 13:16:46,124 - INFO -   Old Stop: 1287.20
2026-03-24 13:16:46,124 - INFO -   New Stop: 1288.00
2026-03-24 13:16:46,124 - INFO -   Improvement: +0.80 (+0.06%)
2026-03-24 13:16:46,124 - INFO -   New Distance to Stop: 1.30 (0.10%)
2026-03-24 13:16:46,124 - DEBUG - Position saved to active_equity_position.json
2026-03-24 13:16:46,140 - INFO - Equity Position Status - P&L: Rs0.01
2026-03-24 13:16:46,140 - INFO - Running Nifty Options paper trading cycle...
2026-03-24 13:17:25,674 - INFO - Starting high-accuracy delta calculation...
2026-03-24 13:17:59,618 - INFO - High-accuracy delta calculated: Spot=22973.75, Strikes=[22400, 22450, 22500, 22550, 22600, 22650, 22700, 22750, 22800, 22850, 22900, 22950, 23000, 23050, 23100, 23150, 23200, 23250, 23300, 23350, 23400]
2026-03-24 13:18:10,369 - INFO - Successfully fetched 1335 rows of 1m data
2026-03-24 13:18:10,369 - INFO - Stored 1m market data successfully
2026-03-24 13:18:10,370 - INFO - Fetching 1m equity data (attempt 1/3)...
2026-03-24 13:18:15,511 - INFO - Successfully fetched 1092 rows of 1m equity data
2026-03-24 13:18:15,511 - INFO - Running Donchian AO trading strategy...
2026-03-24 13:18:15,628 - INFO - VIX is above mid-donchian. No positions will be taken.
2026-03-24 13:18:15,630 - INFO - NO TRADE: No suitable option pair found.
2026-03-24 13:18:15,632 - INFO - Running paper trading cycle...
2026-03-24 13:18:15,632 - INFO -  Managing existing positions
2026-03-24 13:18:15,633 - INFO - ----- Position management cycle started at 13:18:15 -----
2026-03-24 13:18:15,858 - INFO - [DEBUG] options_data type: <class 'list'>, length: 17
2026-03-24 13:18:16,069 - INFO - CURRENT NET P&L: 10.850000000000023 points
2026-03-24 13:18:16,069 - WARNING - Skipping position management - stale/no price data
2026-03-24 13:18:16,069 - INFO -  Position Status - P&L: Rs10.85, Adjustments: 0
2026-03-24 13:18:16,069 - INFO - Running SMA paper trading cycle...
2026-03-24 13:18:16,111 - INFO - Running Equity paper trading cycle...
2026-03-24 13:18:16,111 - INFO - Managing existing Equity positions
2026-03-24 13:18:16,111 - INFO - ----- Position management cycle started at 13:18:16 -----
2026-03-24 13:18:16,118 - INFO - [CYCLE SUMMARY] INFY | Price: 1290.00 | Entry: 1288.40 | Stop: 1288.00 | P&L: 0.02 (0.12%) | Status: PROFIT | Risk: HIGH RISK
2026-03-24 13:18:16,127 - INFO - [DETAILED STATUS] Distance to Stop: 2.00 (0.16%) | Distance from Entry: 1.60 (0.12%) | Quantity: 0.015625 | AO Risk Applied: False
2026-03-24 13:18:16,132 - WARNING - STOP LOSS PROXIMITY: Price 1290.00 is 0.16% above stop 1288.00
2026-03-24 13:18:16,141 - DEBUG - Stop loss unchanged: 1288.00 (new: 1288.00)
2026-03-24 13:18:16,141 - INFO - Equity Position Status - P&L: Rs0.02
2026-03-24 13:18:16,141 - INFO - Running Nifty Options paper trading cycle...
2026-03-24 13:18:59,759 - INFO - Starting high-accuracy delta calculation...
2026-03-24 13:19:34,260 - INFO - High-accuracy delta calculated: Spot=22984.4, Strikes=[22400, 22450, 22500, 22550, 22600, 22650, 22700, 22750, 22800, 22850, 22900, 22950, 23000, 23050, 23100, 23150, 23200, 23250, 23300, 23350, 23400]
2026-03-24 13:19:44,099 - INFO - Successfully fetched 1337 rows of 1m data
2026-03-24 13:19:44,099 - INFO - Stored 1m market data successfully
2026-03-24 13:19:44,099 - INFO - Fetching 1m equity data (attempt 1/3)...
2026-03-24 13:19:49,148 - INFO - Successfully fetched 1092 rows of 1m equity data
2026-03-24 13:19:49,150 - INFO - Running Donchian AO trading strategy...
2026-03-24 13:19:49,280 - INFO - VIX is above mid-donchian. No positions will be taken.
2026-03-24 13:19:49,294 - INFO - NO TRADE: No suitable option pair found.
2026-03-24 13:19:49,294 - INFO - Running paper trading cycle...
2026-03-24 13:19:49,294 - INFO -  Managing existing positions
2026-03-24 13:19:49,294 - INFO - ----- Position management cycle started at 13:19:49 -----
2026-03-24 13:19:49,507 - INFO - [DEBUG] options_data type: <class 'list'>, length: 9
2026-03-24 13:19:49,803 - INFO - CURRENT NET P&L: 10.850000000000023 points
2026-03-24 13:19:49,805 - WARNING - Skipping position management - stale/no price data
2026-03-24 13:19:49,805 - INFO -  Position Status - P&L: Rs10.85, Adjustments: 0
2026-03-24 13:19:49,810 - INFO - Running SMA paper trading cycle...
2026-03-24 13:19:49,887 - INFO - Running Equity paper trading cycle...
2026-03-24 13:19:49,887 - INFO - Managing existing Equity positions
2026-03-24 13:19:49,887 - INFO - ----- Position management cycle started at 13:19:49 -----
2026-03-24 13:19:49,896 - INFO - [CYCLE SUMMARY] INFY | Price: 1290.70 | Entry: 1288.40 | Stop: 1288.00 | P&L: 0.04 (0.18%) | Status: PROFIT | Risk: HIGH RISK
2026-03-24 13:19:49,896 - INFO - [DETAILED STATUS] Distance to Stop: 2.70 (0.21%) | Distance from Entry: 2.30 (0.18%) | Quantity: 0.015625 | AO Risk Applied: False
2026-03-24 13:19:49,901 - WARNING - STOP LOSS PROXIMITY: Price 1290.70 is 0.21% above stop 1288.00
2026-03-24 13:19:49,918 - INFO - STOP LOSS UPDATED:
2026-03-24 13:19:49,920 - INFO -   Old Stop: 1288.00
2026-03-24 13:19:49,920 - INFO -   New Stop: 1288.60
2026-03-24 13:19:49,920 - INFO -   Improvement: +0.60 (+0.05%)
2026-03-24 13:19:49,920 - INFO -   New Distance to Stop: 2.10 (0.16%)
2026-03-24 13:19:49,928 - DEBUG - Position saved to active_equity_position.json
2026-03-24 13:19:49,934 - INFO - Equity Position Status - P&L: Rs0.04
2026-03-24 13:19:49,934 - INFO - Running Nifty Options paper trading cycle...
2026-03-24 13:19:59,744 - INFO - Successfully fetched 134 rows of 15m data
2026-03-24 13:19:59,744 - INFO - Stored 15m market data successfully
2026-03-24 13:20:35,179 - INFO - Starting high-accuracy delta calculation...
2026-03-24 13:21:08,404 - INFO - High-accuracy delta calculated: Spot=22978.95, Strikes=[22400, 22450, 22500, 22550, 22600, 22650, 22700, 22750, 22800, 22850, 22900, 22950, 23000, 23050, 23100, 23150, 23200, 23250, 23300, 23350, 23400]
2026-03-24 13:21:19,575 - INFO - Successfully fetched 1339 rows of 1m data
2026-03-24 13:21:19,575 - INFO - Stored 1m market data successfully
2026-03-24 13:21:19,580 - INFO - Starting separate VIX calculation...
2026-03-24 13:22:26,840 - INFO - VIX calculated separately: 51.58
2026-03-24 13:22:26,841 - INFO - Fetching 1m equity data (attempt 1/3)...
2026-03-24 13:22:32,713 - INFO - Successfully fetched 1092 rows of 1m equity data
2026-03-24 13:22:32,719 - INFO - Running Donchian AO trading strategy...
2026-03-24 13:22:32,883 - INFO - VIX is above mid-donchian. No positions will be taken.
2026-03-24 13:22:32,885 - INFO - NO TRADE: No suitable option pair found.
2026-03-24 13:22:32,885 - INFO - Running paper trading cycle...
2026-03-24 13:22:32,885 - INFO -  Managing existing positions
2026-03-24 13:22:32,885 - INFO - ----- Position management cycle started at 13:22:32 -----
2026-03-24 13:22:33,167 - INFO - [DEBUG] options_data type: <class 'list'>, length: 21
2026-03-24 13:22:33,416 - INFO - CURRENT NET P&L: 10.850000000000023 points
2026-03-24 13:22:33,417 - WARNING - Skipping position management - stale/no price data
2026-03-24 13:22:33,418 - INFO -  Position Status - P&L: Rs10.85, Adjustments: 0
2026-03-24 13:22:33,418 - INFO - Running SMA paper trading cycle...
2026-03-24 13:22:33,487 - INFO - Running Equity paper trading cycle...
2026-03-24 13:22:33,489 - INFO - Managing existing Equity positions
2026-03-24 13:22:33,490 - INFO - ----- Position management cycle started at 13:22:33 -----
2026-03-24 13:22:33,502 - INFO - [CYCLE SUMMARY] INFY | Price: 1294.60 | Entry: 1288.40 | Stop: 1288.60 | P&L: 0.10 (0.48%) | Status: PROFIT | Risk: HIGH RISK
2026-03-24 13:22:33,504 - INFO - [DETAILED STATUS] Distance to Stop: 6.00 (0.46%) | Distance from Entry: 6.20 (0.48%) | Quantity: 0.015625 | AO Risk Applied: False
2026-03-24 13:22:33,508 - WARNING - STOP LOSS PROXIMITY: Price 1294.60 is 0.46% above stop 1288.60
2026-03-24 13:22:33,531 - DEBUG - Stop loss unchanged: 1288.60 (new: 1288.60)
2026-03-24 13:22:33,535 - INFO - Equity Position Status - P&L: Rs0.10
2026-03-24 13:22:33,536 - INFO - Running Nifty Options paper trading cycle...
2026-03-24 13:22:38,202 - INFO - Successfully fetched 392 rows of 5m data
2026-03-24 13:22:38,203 - INFO - Stored 5m market data successfully
2026-03-24 13:22:38,204 - INFO - Fetching 5m equity data (attempt 1/3)...
2026-03-24 13:22:39,585 - INFO - Successfully fetched 193 rows of 5m equity data
2026-03-24 13:22:39,586 - INFO - Fetching 15m equity data (attempt 1/3)...
2026-03-24 13:22:40,347 - INFO - Successfully fetched 42 rows of 15m equity data
2026-03-24 13:22:40,347 - INFO - Starting high-accuracy delta calculation...
2026-03-24 13:23:15,181 - INFO - High-accuracy delta calculated: Spot=23008.55, Strikes=[22400, 22450, 22500, 22550, 22600, 22650, 22700, 22750, 22800, 22850, 22900, 22950, 23000, 23050, 23100, 23150, 23200, 23250, 23300, 23350, 23400]
2026-03-24 13:23:24,098 - INFO - Successfully fetched 1341 rows of 1m data
2026-03-24 13:23:24,098 - INFO - Stored 1m market data successfully
2026-03-24 13:23:33,183 - INFO - Fetching 1m equity data (attempt 1/3)...
2026-03-24 13:23:40,377 - INFO - Successfully fetched 1092 rows of 1m equity data
2026-03-24 13:23:40,382 - INFO - Running Donchian AO trading strategy...
2026-03-24 13:23:40,520 - INFO - VIX is above mid-donchian. No positions will be taken.
2026-03-24 13:23:40,524 - INFO - NO TRADE: No suitable option pair found.
2026-03-24 13:23:41,531 - INFO - Running paper trading cycle...
2026-03-24 13:23:41,532 - INFO -  Managing existing positions
2026-03-24 13:23:41,532 - INFO - ----- Position management cycle started at 13:23:41 -----
2026-03-24 13:23:41,808 - INFO - [DEBUG] options_data type: <class 'list'>, length: 21
2026-03-24 13:23:42,098 - INFO - CURRENT NET P&L: 10.850000000000023 points
2026-03-24 13:23:42,099 - WARNING - Skipping position management - stale/no price data
2026-03-24 13:23:42,100 - INFO -  Position Status - P&L: Rs10.85, Adjustments: 0
2026-03-24 13:23:42,101 - INFO - Running SMA paper trading cycle...
2026-03-24 13:23:42,181 - INFO - Running Equity paper trading cycle...
2026-03-24 13:23:42,182 - INFO - Managing existing Equity positions
2026-03-24 13:23:42,184 - INFO - ----- Position management cycle started at 13:23:42 -----
2026-03-24 13:23:42,193 - INFO - [CYCLE SUMMARY] INFY | Price: 1294.50 | Entry: 1288.40 | Stop: 1288.60 | P&L: 0.10 (0.47%) | Status: PROFIT | Risk: HIGH RISK
2026-03-24 13:23:42,198 - INFO - [DETAILED STATUS] Distance to Stop: 5.90 (0.46%) | Distance from Entry: 6.10 (0.47%) | Quantity: 0.015625 | AO Risk Applied: False
2026-03-24 13:23:42,205 - WARNING - STOP LOSS PROXIMITY: Price 1294.50 is 0.46% above stop 1288.60
2026-03-24 13:23:42,231 - DEBUG - Stop loss unchanged: 1288.60 (new: 1288.60)
2026-03-24 13:23:42,238 - INFO - Equity Position Status - P&L: Rs0.10
2026-03-24 13:23:42,238 - INFO - Running Nifty Options paper trading cycle...
2026-03-24 13:24:15,682 - INFO - Starting high-accuracy delta calculation...
2026-03-24 13:24:50,740 - INFO - High-accuracy delta calculated: Spot=23008.1, Strikes=[22400, 22450, 22500, 22550, 22600, 22650, 22700, 22750, 22800, 22850, 22900, 22950, 23000, 23050, 23100, 23150, 23200, 23250, 23300, 23350, 23400]
2026-03-24 13:25:00,846 - INFO - Successfully fetched 1342 rows of 1m data
2026-03-24 13:25:00,848 - INFO - Stored 1m market data successfully
2026-03-24 13:25:00,850 - INFO - Fetching 1m equity data (attempt 1/3)...
2026-03-24 13:25:05,700 - INFO - Successfully fetched 1092 rows of 1m equity data
2026-03-24 13:25:05,700 - INFO - Running Donchian AO trading strategy...
2026-03-24 13:25:05,852 - INFO - VIX is above mid-donchian. No positions will be taken.
2026-03-24 13:25:05,866 - INFO - NO TRADE: No suitable option pair found.
2026-03-24 13:25:05,866 - INFO - Running paper trading cycle...
2026-03-24 13:25:05,866 - INFO -  Managing existing positions
2026-03-24 13:25:05,866 - INFO - ----- Position management cycle started at 13:25:05 -----
2026-03-24 13:25:06,084 - INFO - [DEBUG] options_data type: <class 'list'>, length: 19
2026-03-24 13:25:06,349 - INFO - CURRENT NET P&L: 10.850000000000023 points
2026-03-24 13:25:06,349 - WARNING - Skipping position management - stale/no price data
2026-03-24 13:25:06,351 - INFO -  Position Status - P&L: Rs10.85, Adjustments: 0
2026-03-24 13:25:06,351 - INFO - Running SMA paper trading cycle...
2026-03-24 13:25:06,409 - INFO - Running Equity paper trading cycle...
2026-03-24 13:25:06,410 - INFO - Managing existing Equity positions
2026-03-24 13:25:06,410 - INFO - ----- Position management cycle started at 13:25:06 -----
2026-03-24 13:25:06,417 - INFO - [CYCLE SUMMARY] INFY | Price: 1292.30 | Entry: 1288.40 | Stop: 1288.60 | P&L: 0.06 (0.30%) | Status: PROFIT | Risk: HIGH RISK
2026-03-24 13:25:06,419 - INFO - [DETAILED STATUS] Distance to Stop: 3.70 (0.29%) | Distance from Entry: 3.90 (0.30%) | Quantity: 0.015625 | AO Risk Applied: False
2026-03-24 13:25:06,425 - WARNING - STOP LOSS PROXIMITY: Price 1292.30 is 0.29% above stop 1288.60
2026-03-24 13:25:06,439 - INFO - STOP LOSS UPDATED:
2026-03-24 13:25:06,439 - INFO -   Old Stop: 1288.60
2026-03-24 13:25:06,441 - INFO -   New Stop: 1289.70
2026-03-24 13:25:06,441 - INFO -   Improvement: +1.10 (+0.09%)
2026-03-24 13:25:06,441 - INFO -   New Distance to Stop: 2.60 (0.20%)
2026-03-24 13:25:06,443 - DEBUG - Position saved to active_equity_position.json
2026-03-24 13:25:06,449 - INFO - Equity Position Status - P&L: Rs0.06
2026-03-24 13:25:06,449 - INFO - Running Nifty Options paper trading cycle...
2026-03-24 13:25:51,215 - INFO - Starting high-accuracy delta calculation...
2026-03-24 13:26:28,794 - INFO - High-accuracy delta calculated: Spot=22992.5, Strikes=[22400, 22450, 22500, 22550, 22600, 22650, 22700, 22750, 22800, 22850, 22900, 22950, 23000, 23050, 23100, 23150, 23200, 23250, 23300, 23350, 23400]
2026-03-24 13:26:38,209 - INFO - Successfully fetched 1344 rows of 1m data
2026-03-24 13:26:38,209 - INFO - Stored 1m market data successfully
2026-03-24 13:26:38,209 - INFO - Fetching 1m equity data (attempt 1/3)...
2026-03-24 13:26:42,744 - INFO - Successfully fetched 1092 rows of 1m equity data
2026-03-24 13:26:42,744 - INFO - Running Donchian AO trading strategy...
2026-03-24 13:26:42,902 - INFO - VIX is above mid-donchian. No positions will be taken.
2026-03-24 13:26:42,904 - INFO - NO TRADE: No suitable option pair found.
2026-03-24 13:26:42,904 - INFO - Running paper trading cycle...
2026-03-24 13:26:42,904 - INFO -  Managing existing positions
2026-03-24 13:26:42,904 - INFO - ----- Position management cycle started at 13:26:42 -----
2026-03-24 13:26:44,319 - INFO - [DEBUG] options_data type: <class 'list'>, length: 11
2026-03-24 13:26:44,534 - INFO - CURRENT NET P&L: 10.850000000000023 points
2026-03-24 13:26:44,537 - WARNING - Skipping position management - stale/no price data
2026-03-24 13:26:44,538 - INFO -  Position Status - P&L: Rs10.85, Adjustments: 0
2026-03-24 13:26:44,538 - INFO - Running SMA paper trading cycle...
2026-03-24 13:26:44,618 - INFO - Running Equity paper trading cycle...
2026-03-24 13:26:44,618 - INFO - Managing existing Equity positions
2026-03-24 13:26:44,618 - INFO - ----- Position management cycle started at 13:26:44 -----
2026-03-24 13:26:44,618 - INFO - [CYCLE SUMMARY] INFY | Price: 1293.90 | Entry: 1288.40 | Stop: 1289.70 | P&L: 0.09 (0.43%) | Status: PROFIT | Risk: HIGH RISK
2026-03-24 13:26:44,618 - INFO - [DETAILED STATUS] Distance to Stop: 4.20 (0.32%) | Distance from Entry: 5.50 (0.43%) | Quantity: 0.015625 | AO Risk Applied: False
2026-03-24 13:26:44,634 - WARNING - STOP LOSS PROXIMITY: Price 1293.90 is 0.32% above stop 1289.70
2026-03-24 13:26:44,635 - INFO - STOP LOSS UPDATED:
2026-03-24 13:26:44,650 - INFO -   Old Stop: 1289.70
2026-03-24 13:26:44,650 - INFO -   New Stop: 1290.60
2026-03-24 13:26:44,650 - INFO -   Improvement: +0.90 (+0.07%)
2026-03-24 13:26:44,650 - INFO -   New Distance to Stop: 3.30 (0.26%)
2026-03-24 13:26:44,655 - DEBUG - Position saved to active_equity_position.json
2026-03-24 13:26:44,659 - INFO - Equity Position Status - P&L: Rs0.09
2026-03-24 13:26:44,659 - INFO - Running Nifty Options paper trading cycle...
2026-03-24 13:27:27,298 - INFO - Starting separate VIX calculation...
2026-03-24 13:28:34,266 - INFO - VIX calculated separately: 50.86
2026-03-24 13:28:35,283 - INFO - Starting high-accuracy delta calculation...
2026-03-24 13:29:10,366 - INFO - High-accuracy delta calculated: Spot=23012.2, Strikes=[22400, 22450, 22500, 22550, 22600, 22650, 22700, 22750, 22800, 22850, 22900, 22950, 23000, 23050, 23100, 23150, 23200, 23250, 23300, 23350, 23400]
2026-03-24 13:29:13,252 - INFO - Successfully fetched 393 rows of 5m data
2026-03-24 13:29:13,252 - INFO - Stored 5m market data successfully
2026-03-24 13:29:21,206 - INFO - Successfully fetched 1347 rows of 1m data
2026-03-24 13:29:21,206 - INFO - Stored 1m market data successfully
2026-03-24 13:29:21,206 - INFO - Fetching 5m equity data (attempt 1/3)...
2026-03-24 13:29:22,531 - INFO - Successfully fetched 192 rows of 5m equity data
2026-03-24 13:29:22,531 - INFO - Fetching 1m equity data (attempt 1/3)...
2026-03-24 13:29:27,731 - INFO - Successfully fetched 1092 rows of 1m equity data
2026-03-24 13:29:27,731 - INFO - Running Donchian AO trading strategy...
2026-03-24 13:29:27,870 - INFO - VIX is above mid-donchian. No positions will be taken.
2026-03-24 13:29:27,876 - INFO - NO TRADE: No suitable option pair found.
2026-03-24 13:29:27,876 - INFO - Running paper trading cycle...
2026-03-24 13:29:27,876 - INFO -  Managing existing positions
2026-03-24 13:29:27,876 - INFO - ----- Position management cycle started at 13:29:27 -----
2026-03-24 13:29:29,622 - INFO - [DEBUG] options_data type: <class 'list'>, length: 19
2026-03-24 13:29:29,822 - INFO - CURRENT NET P&L: 10.850000000000023 points
2026-03-24 13:29:29,822 - WARNING - Skipping position management - stale/no price data
2026-03-24 13:29:29,832 - INFO -  Position Status - P&L: Rs10.85, Adjustments: 0
2026-03-24 13:29:29,832 - INFO - Running SMA paper trading cycle...
2026-03-24 13:29:29,889 - INFO - Running Equity paper trading cycle...
2026-03-24 13:29:29,889 - INFO - Managing existing Equity positions
2026-03-24 13:29:29,889 - INFO - ----- Position management cycle started at 13:29:29 -----
2026-03-24 13:29:29,893 - INFO - [CYCLE SUMMARY] INFY | Price: 1293.50 | Entry: 1288.40 | Stop: 1290.60 | P&L: 0.08 (0.40%) | Status: PROFIT | Risk: HIGH RISK
2026-03-24 13:29:29,898 - INFO - [DETAILED STATUS] Distance to Stop: 2.90 (0.22%) | Distance from Entry: 5.10 (0.40%) | Quantity: 0.015625 | AO Risk Applied: False
2026-03-24 13:29:29,906 - WARNING - STOP LOSS PROXIMITY: Price 1293.50 is 0.22% above stop 1290.60
2026-03-24 13:29:29,923 - INFO - STOP LOSS UPDATED:
2026-03-24 13:29:29,926 - INFO -   Old Stop: 1290.60
2026-03-24 13:29:29,926 - INFO -   New Stop: 1292.10
2026-03-24 13:29:29,926 - INFO -   Improvement: +1.50 (+0.12%)
2026-03-24 13:29:29,926 - INFO -   New Distance to Stop: 1.40 (0.11%)
2026-03-24 13:29:29,930 - DEBUG - Position saved to active_equity_position.json
2026-03-24 13:29:29,941 - INFO - Equity Position Status - P&L: Rs0.08
2026-03-24 13:29:29,942 - INFO - Running Nifty Options paper trading cycle...
2026-03-24 13:30:10,487 - INFO - Starting high-accuracy delta calculation...
2026-03-24 13:30:51,401 - INFO - High-accuracy delta calculated: Spot=23013.75, Strikes=[22400, 22450, 22500, 22550, 22600, 22650, 22700, 22750, 22800, 22850, 22900, 22950, 23000, 23050, 23100, 23150, 23200, 23250, 23300, 23350, 23400]
2026-03-24 13:31:00,205 - INFO - Successfully fetched 1348 rows of 1m data
2026-03-24 13:31:00,212 - INFO - Stored 1m market data successfully
2026-03-24 13:31:00,213 - INFO - Fetching 1m equity data (attempt 1/3)...
2026-03-24 13:31:05,522 - INFO - Successfully fetched 1092 rows of 1m equity data
2026-03-24 13:31:05,522 - INFO - Running Donchian AO trading strategy...
2026-03-24 13:31:05,663 - INFO - VIX is above mid-donchian. No positions will be taken.
2026-03-24 13:31:05,663 - INFO - NO TRADE: No suitable option pair found.
2026-03-24 13:31:05,663 - INFO - Running paper trading cycle...
2026-03-24 13:31:05,663 - INFO -  Managing existing positions
2026-03-24 13:31:05,663 - INFO - ----- Position management cycle started at 13:31:05 -----
2026-03-24 13:31:07,165 - INFO - [DEBUG] options_data type: <class 'list'>, length: 3
2026-03-24 13:31:07,375 - INFO - CURRENT NET P&L: 10.850000000000023 points
2026-03-24 13:31:07,376 - WARNING - Skipping position management - stale/no price data
2026-03-24 13:31:07,377 - INFO -  Position Status - P&L: Rs10.85, Adjustments: 0
2026-03-24 13:31:07,377 - INFO - Running SMA paper trading cycle...
2026-03-24 13:31:07,421 - INFO - Running Equity paper trading cycle...
2026-03-24 13:31:07,421 - INFO - Managing existing Equity positions
2026-03-24 13:31:07,421 - INFO - ----- Position management cycle started at 13:31:07 -----
2026-03-24 13:31:07,438 - INFO - [CYCLE SUMMARY] INFY | Price: 1295.40 | Entry: 1288.40 | Stop: 1292.10 | P&L: 0.11 (0.54%) | Status: PROFIT | Risk: HIGH RISK
2026-03-24 13:31:07,440 - INFO - [DETAILED STATUS] Distance to Stop: 3.30 (0.25%) | Distance from Entry: 7.00 (0.54%) | Quantity: 0.015625 | AO Risk Applied: False
2026-03-24 13:31:07,445 - WARNING - STOP LOSS PROXIMITY: Price 1295.40 is 0.25% above stop 1292.10
2026-03-24 13:31:07,458 - DEBUG - Stop loss unchanged: 1292.10 (new: 1292.10)
2026-03-24 13:31:07,464 - INFO - Equity Position Status - P&L: Rs0.11
2026-03-24 13:31:07,464 - INFO - Running Nifty Options paper trading cycle...
2026-03-24 13:31:51,970 - INFO - Starting high-accuracy delta calculation...
2026-03-24 13:32:27,373 - INFO - High-accuracy delta calculated: Spot=23022.65, Strikes=[22400, 22450, 22500, 22550, 22600, 22650, 22700, 22750, 22800, 22850, 22900, 22950, 23000, 23050, 23100, 23150, 23200, 23250, 23300, 23350, 23400]
2026-03-24 13:32:44,563 - INFO - Successfully fetched 1350 rows of 1m data
2026-03-24 13:32:44,563 - INFO - Stored 1m market data successfully
2026-03-24 13:32:44,566 - INFO - Fetching 1m equity data (attempt 1/3)...
2026-03-24 13:32:53,904 - INFO - Successfully fetched 1092 rows of 1m equity data
2026-03-24 13:32:53,907 - INFO - Running Donchian AO trading strategy...
2026-03-24 13:32:54,294 - INFO - VIX is above mid-donchian. No positions will be taken.
2026-03-24 13:32:54,294 - INFO - NO TRADE: No suitable option pair found.
2026-03-24 13:32:54,294 - INFO - Running paper trading cycle...
2026-03-24 13:32:54,294 - INFO -  Managing existing positions
2026-03-24 13:32:54,301 - INFO - ----- Position management cycle started at 13:32:54 -----
2026-03-24 13:33:03,043 - INFO - [DEBUG] options_data type: <class 'list'>, length: 5
2026-03-24 13:33:08,423 - INFO - CURRENT NET P&L: 10.850000000000023 points
2026-03-24 13:33:08,426 - WARNING - Skipping position management - stale/no price data
2026-03-24 13:33:08,426 - INFO -  Position Status - P&L: Rs10.85, Adjustments: 0
2026-03-24 13:33:08,426 - INFO - Running SMA paper trading cycle...
2026-03-24 13:33:08,528 - INFO - Running Equity paper trading cycle...
2026-03-24 13:33:08,529 - INFO - Managing existing Equity positions
2026-03-24 13:33:08,529 - INFO - ----- Position management cycle started at 13:33:08 -----
2026-03-24 13:33:08,544 - INFO - [CYCLE SUMMARY] INFY | Price: 1296.40 | Entry: 1288.40 | Stop: 1292.10 | P&L: 0.12 (0.62%) | Status: PROFIT | Risk: HIGH RISK
2026-03-24 13:33:08,548 - INFO - [DETAILED STATUS] Distance to Stop: 4.30 (0.33%) | Distance from Entry: 8.00 (0.62%) | Quantity: 0.015625 | AO Risk Applied: False
2026-03-24 13:33:08,565 - WARNING - STOP LOSS PROXIMITY: Price 1296.40 is 0.33% above stop 1292.10
2026-03-24 13:33:08,597 - INFO - STOP LOSS UPDATED:
2026-03-24 13:33:08,597 - INFO -   Old Stop: 1292.10
2026-03-24 13:33:08,597 - INFO -   New Stop: 1292.70
2026-03-24 13:33:08,597 - INFO -   Improvement: +0.60 (+0.05%)
2026-03-24 13:33:08,597 - INFO -   New Distance to Stop: 3.70 (0.29%)
2026-03-24 13:33:08,610 - DEBUG - Position saved to active_equity_position.json
2026-03-24 13:33:08,616 - INFO - Equity Position Status - P&L: Rs0.12
2026-03-24 13:33:08,616 - INFO - Running Nifty Options paper trading cycle...
2026-03-24 13:33:28,059 - INFO - Starting high-accuracy delta calculation...
2026-03-24 13:34:21,597 - INFO - High-accuracy delta calculated: Spot=23029.7, Strikes=[22400, 22450, 22500, 22550, 22600, 22650, 22700, 22750, 22800, 22850, 22900, 22950, 23000, 23050, 23100, 23150, 23200, 23250, 23300, 23350, 23400]
2026-03-24 13:34:22,658 - INFO - Starting separate VIX calculation...
2026-03-24 13:35:31,395 - INFO - VIX calculated separately: 49.43
2026-03-24 13:35:44,939 - INFO - Successfully fetched 1353 rows of 1m data
2026-03-24 13:35:44,939 - INFO - Stored 1m market data successfully
2026-03-24 13:35:44,943 - INFO - Fetching 1m equity data (attempt 1/3)...
2026-03-24 13:35:52,755 - INFO - Successfully fetched 1092 rows of 1m equity data
2026-03-24 13:35:52,755 - INFO - Running Donchian AO trading strategy...
2026-03-24 13:35:53,402 - INFO - Using delta limit : 40 for today..
2026-03-24 13:36:52,944 - INFO - 2:2 Ratio detected: Selling CE first then PE
2026-03-24 13:36:52,944 - WARNING - Invalid trade result: None
2026-03-24 13:36:52,955 - INFO - NO TRADE: No suitable option pair found.
2026-03-24 13:36:52,955 - INFO - Running paper trading cycle...
2026-03-24 13:36:52,957 - INFO -  Managing existing positions
2026-03-24 13:36:52,957 - INFO - ----- Position management cycle started at 13:36:52 -----
2026-03-24 13:36:53,594 - INFO - [DEBUG] options_data type: <class 'list'>, length: 21
2026-03-24 13:36:53,832 - INFO - CURRENT NET P&L: 10.850000000000023 points
2026-03-24 13:36:53,834 - WARNING - Skipping position management - stale/no price data
2026-03-24 13:36:53,834 - INFO -  Position Status - P&L: Rs10.85, Adjustments: 0
2026-03-24 13:36:53,834 - INFO - Running SMA paper trading cycle...
2026-03-24 13:36:53,954 - INFO - Running Equity paper trading cycle...
2026-03-24 13:36:53,954 - INFO - Managing existing Equity positions
2026-03-24 13:36:53,954 - INFO - ----- Position management cycle started at 13:36:53 -----
2026-03-24 13:36:53,963 - INFO - [CYCLE SUMMARY] INFY | Price: 1295.70 | Entry: 1288.40 | Stop: 1292.70 | P&L: 0.11 (0.57%) | Status: PROFIT | Risk: HIGH RISK
2026-03-24 13:36:53,965 - INFO - [DETAILED STATUS] Distance to Stop: 3.00 (0.23%) | Distance from Entry: 7.30 (0.57%) | Quantity: 0.015625 | AO Risk Applied: False
2026-03-24 13:36:53,969 - WARNING - STOP LOSS PROXIMITY: Price 1295.70 is 0.23% above stop 1292.70
2026-03-24 13:36:53,995 - DEBUG - Stop loss unchanged: 1292.70 (new: 1292.70)
2026-03-24 13:36:54,001 - INFO - Equity Position Status - P&L: Rs0.11
2026-03-24 13:36:54,001 - INFO - Running Nifty Options paper trading cycle...
2026-03-24 13:36:57,331 - INFO - Successfully fetched 395 rows of 5m data
2026-03-24 13:36:57,331 - INFO - Stored 5m market data successfully
2026-03-24 13:36:57,333 - INFO - Fetching 5m equity data (attempt 1/3)...
2026-03-24 13:36:58,720 - INFO - Successfully fetched 193 rows of 5m equity data
2026-03-24 13:37:01,060 - INFO - Successfully fetched 135 rows of 15m data
2026-03-24 13:37:01,060 - INFO - Stored 15m market data successfully
2026-03-24 13:37:01,060 - INFO - Starting high-accuracy delta calculation...
2026-03-24 13:37:41,459 - INFO - High-accuracy delta calculated: Spot=23053.65, Strikes=[22400, 22450, 22500, 22550, 22600, 22650, 22700, 22750, 22800, 22850, 22900, 22950, 23000, 23050, 23100, 23150, 23200, 23250, 23300, 23350, 23400]
2026-03-24 13:37:49,868 - INFO - Successfully fetched 1355 rows of 1m data
2026-03-24 13:37:49,868 - INFO - Stored 1m market data successfully
2026-03-24 13:37:49,868 - INFO - Fetching 1m equity data (attempt 1/3)...
2026-03-24 13:37:54,553 - INFO - Successfully fetched 1092 rows of 1m equity data
2026-03-24 13:37:55,561 - INFO - Fetching 15m equity data (attempt 1/3)...
2026-03-24 13:37:56,238 - INFO - Successfully fetched 42 rows of 15m equity data
2026-03-24 13:37:56,238 - INFO - Running Donchian AO trading strategy...
2026-03-24 13:37:56,378 - INFO - Using delta limit : 40 for today..
2026-03-24 13:38:32,513 - INFO - 2:2 Ratio detected: Selling CE first then PE
2026-03-24 13:38:32,513 - WARNING - Invalid trade result: None
2026-03-24 13:38:32,517 - INFO - NO TRADE: No suitable option pair found.
2026-03-24 13:38:32,517 - INFO - Running paper trading cycle...
2026-03-24 13:38:32,517 - INFO -  Managing existing positions
2026-03-24 13:38:32,517 - INFO - ----- Position management cycle started at 13:38:32 -----
2026-03-24 13:38:32,742 - INFO - [DEBUG] options_data type: <class 'list'>, length: 1
2026-03-24 13:38:32,954 - INFO - CURRENT NET P&L: 10.850000000000023 points
2026-03-24 13:38:32,956 - WARNING - Skipping position management - stale/no price data
2026-03-24 13:38:32,956 - INFO -  Position Status - P&L: Rs10.85, Adjustments: 0
2026-03-24 13:38:32,956 - INFO - Running SMA paper trading cycle...
2026-03-24 13:38:33,013 - INFO - Running Equity paper trading cycle...
2026-03-24 13:38:33,013 - INFO - Managing existing Equity positions
2026-03-24 13:38:33,013 - INFO - ----- Position management cycle started at 13:38:33 -----
2026-03-24 13:38:33,019 - INFO - [CYCLE SUMMARY] INFY | Price: 1295.70 | Entry: 1288.40 | Stop: 1292.70 | P&L: 0.11 (0.57%) | Status: PROFIT | Risk: HIGH RISK
2026-03-24 13:38:33,021 - INFO - [DETAILED STATUS] Distance to Stop: 3.00 (0.23%) | Distance from Entry: 7.30 (0.57%) | Quantity: 0.015625 | AO Risk Applied: False
2026-03-24 13:38:33,030 - WARNING - STOP LOSS PROXIMITY: Price 1295.70 is 0.23% above stop 1292.70
2026-03-24 13:38:33,045 - INFO - STOP LOSS UPDATED:
2026-03-24 13:38:33,045 - INFO -   Old Stop: 1292.70
2026-03-24 13:38:33,049 - INFO -   New Stop: 1294.50
2026-03-24 13:38:33,049 - INFO -   Improvement: +1.80 (+0.14%)
2026-03-24 13:38:33,049 - INFO -   New Distance to Stop: 1.20 (0.09%)
2026-03-24 13:38:33,049 - DEBUG - Position saved to active_equity_position.json
2026-03-24 13:38:33,064 - INFO - Equity Position Status - P&L: Rs0.11
2026-03-24 13:38:33,064 - INFO - Running Nifty Options paper trading cycle...
2026-03-24 13:38:42,264 - INFO - Starting high-accuracy delta calculation...
2026-03-24 13:38:42,828 - INFO - High-accuracy delta calculated: Spot=23032, Strikes=[22400, 22450, 22500, 22550, 22600, 22650, 22700, 22750, 22800, 22850, 22900, 22950, 23000, 23050, 23100, 23150, 23200, 23250, 23300, 23350, 23400]
2026-03-24 13:38:57,290 - INFO - Successfully fetched 1356 rows of 1m data
2026-03-24 13:38:57,291 - INFO - Stored 1m market data successfully
2026-03-24 13:38:58,293 - INFO - Fetching 1m equity data (attempt 1/3)...
2026-03-24 13:39:03,264 - INFO - Successfully fetched 1092 rows of 1m equity data
2026-03-24 13:39:33,497 - INFO - Running Donchian AO trading strategy...
2026-03-24 13:39:33,733 - INFO - Using delta limit : 40 for today..
2026-03-24 13:40:09,244 - INFO - 2:2 Ratio detected: Selling CE first then PE
2026-03-24 13:40:09,244 - WARNING - Invalid trade result: None
2026-03-24 13:40:09,248 - INFO - NO TRADE: No suitable option pair found.
2026-03-24 13:40:09,248 - INFO - Running paper trading cycle...
2026-03-24 13:40:09,248 - INFO -  Managing existing positions
2026-03-24 13:40:09,248 - INFO - ----- Position management cycle started at 13:40:09 -----
2026-03-24 13:40:09,425 - INFO - [DEBUG] options_data type: <class 'list'>, length: 7
2026-03-24 13:40:09,636 - INFO - CURRENT NET P&L: 10.850000000000023 points
2026-03-24 13:40:09,636 - WARNING - Skipping position management - stale/no price data
2026-03-24 13:40:09,636 - INFO -  Position Status - P&L: Rs10.85, Adjustments: 0
2026-03-24 13:40:09,636 - INFO - Running SMA paper trading cycle...
2026-03-24 13:40:09,700 - INFO - Running Equity paper trading cycle...
2026-03-24 13:40:09,700 - INFO - Managing existing Equity positions
2026-03-24 13:40:09,700 - INFO - ----- Position management cycle started at 13:40:09 -----
2026-03-24 13:40:09,709 - INFO - [CYCLE SUMMARY] INFY | Price: 1294.00 | Entry: 1288.40 | Stop: 1294.50 | P&L: 0.09 (0.43%) | Status: PROFIT | Risk: HIGH RISK
2026-03-24 13:40:09,718 - INFO - [DETAILED STATUS] Distance to Stop: -0.50 (-0.04%) | Distance from Entry: 5.60 (0.43%) | Quantity: 0.015625 | AO Risk Applied: False
2026-03-24 13:40:09,731 - WARNING - STOP LOSS PROXIMITY: Price 1294.00 is -0.04% above stop 1294.50
2026-03-24 13:40:09,733 - INFO - STOP LOSS HIT:
2026-03-24 13:40:09,734 - INFO -   Current Price: 1294.00
2026-03-24 13:40:09,735 - INFO -   Stop Loss: 1294.50
2026-03-24 13:40:09,736 - INFO -   Entry Price: 1288.40
2026-03-24 13:40:09,737 - INFO -   Final P&L: 0.09 (0.43%)
2026-03-24 13:40:09,738 - INFO -   Quantity: 0.015625
2026-03-24 13:40:09,745 - INFO - CLOSING POSITION:
2026-03-24 13:40:09,749 - INFO -   Symbol: INFY
2026-03-24 13:40:09,750 - INFO -   Entry Price: 1288.40
2026-03-24 13:40:09,751 - INFO -   Exit Price: 1294.00
2026-03-24 13:40:09,752 - INFO -   Stop Loss: 1294.50
2026-03-24 13:40:09,753 - INFO -   Quantity: 0.015625
2026-03-24 13:40:09,754 - INFO -   Price Movement: 5.60 (0.43%)
2026-03-24 13:40:09,755 - INFO -   Final P&L: 0.09 (0.43%)
2026-03-24 13:40:09,755 - INFO -   Trade Result: PROFITABLE
2026-03-24 13:40:09,757 - INFO -   Reason: Stop Loss Hit
2026-03-24 13:40:09,759 - DEBUG - Position file cleared
2026-03-24 13:40:09,760 - INFO - Running Nifty Options paper trading cycle...
2026-03-24 13:40:10,879 - INFO - Starting high-accuracy delta calculation...
2026-03-24 13:40:11,491 - INFO - High-accuracy delta calculated: Spot=23023.9, Strikes=[22400, 22450, 22500, 22550, 22600, 22650, 22700, 22750, 22800, 22850, 22900, 22950, 23000, 23050, 23100, 23150, 23200, 23250, 23300, 23350, 23400]
2026-03-24 13:40:19,694 - INFO - Successfully fetched 1358 rows of 1m data
2026-03-24 13:40:19,694 - INFO - Stored 1m market data successfully
2026-03-24 13:40:19,694 - INFO - Fetching 1m equity data (attempt 1/3)...
2026-03-24 13:40:24,256 - INFO - Successfully fetched 1092 rows of 1m equity data
2026-03-24 13:40:32,353 - INFO - Starting separate VIX calculation...
2026-03-24 13:41:48,033 - INFO - VIX calculated separately: 49.46
2026-03-24 13:41:49,047 - INFO - Running Donchian AO trading strategy...
2026-03-24 13:41:49,275 - INFO - Using delta limit : 40 for today..
2026-03-24 13:42:26,292 - INFO - 2:2 Ratio detected: Selling CE first then PE
2026-03-24 13:42:26,292 - WARNING - Invalid trade result: None
2026-03-24 13:42:26,295 - INFO - NO TRADE: No suitable option pair found.
2026-03-24 13:42:26,295 - INFO - Running paper trading cycle...
2026-03-24 13:42:26,295 - INFO -  Managing existing positions
2026-03-24 13:42:26,295 - INFO - ----- Position management cycle started at 13:42:26 -----
2026-03-24 13:42:26,506 - INFO - [DEBUG] options_data type: <class 'list'>, length: 9
2026-03-24 13:42:26,726 - INFO - CURRENT NET P&L: 10.850000000000023 points
2026-03-24 13:42:26,727 - WARNING - Skipping position management - stale/no price data
2026-03-24 13:42:26,729 - INFO -  Position Status - P&L: Rs10.85, Adjustments: 0
2026-03-24 13:42:26,729 - INFO - Running SMA paper trading cycle...
2026-03-24 13:42:26,795 - INFO - Running Equity paper trading cycle...
2026-03-24 13:42:26,795 - INFO - === EQUITY STRATEGY CALLED for INFY ===
2026-03-24 13:42:26,801 - DEBUG - Starting strategy check for INFY
2026-03-24 13:42:26,802 - DEBUG - Checking 15min conditions for INFY
2026-03-24 13:42:26,812 - DEBUG - 15min conditions for INFY:
2026-03-24 13:42:26,813 - DEBUG -   Close: 1295.20, Mid-Donchian: 1272.65 -> Above Mid: True
2026-03-24 13:42:26,814 - DEBUG -   Close: 1295.20, VWAP: 1252.70 -> Above VWAP: True
2026-03-24 13:42:26,814 - DEBUG -   AO Value: 25.440000000000055, Above 20 SMA: True -> AO or SMA: 25.440000000000055
2026-03-24 13:42:26,818 - DEBUG - 15min conditions result for INFY: 25.440000000000055
2026-03-24 13:42:26,818 - INFO - 15min conditions PASSED for INFY
2026-03-24 13:42:26,819 - DEBUG - Checking 5min conditions for INFY
2026-03-24 13:42:26,826 - DEBUG - 5min conditions for INFY:
2026-03-24 13:42:26,827 - DEBUG -   Close: 1295.20, Mid-Donchian: 1291.70 -> Above Mid: True
2026-03-24 13:42:26,828 - DEBUG -   Close: 1295.20, VWAP: 1253.20 -> Above VWAP: True
2026-03-24 13:42:26,828 - DEBUG -   AO Value: 6.692647058823468 -> AO Positive: 6.692647058823468
2026-03-24 13:42:26,828 - DEBUG - 5min conditions result for INFY: 6.692647058823468
2026-03-24 13:42:26,829 - INFO - 5min conditions PASSED for INFY
2026-03-24 13:42:26,830 - DEBUG - Checking 1min entry conditions for INFY
2026-03-24 13:42:26,842 - INFO - 1min entry condition PASSED for INFY - Method: condition_a
2026-03-24 13:42:26,843 - DEBUG - Calculating stop loss for INFY
2026-03-24 13:42:26,853 - INFO - Stop loss calculated for INFY: 1293.50
2026-03-24 13:42:26,854 - INFO - STRATEGY SIGNAL GENERATED for INFY:
2026-03-24 13:42:26,854 - INFO -   Entry Price: 1294.60
2026-03-24 13:42:26,855 - INFO -   Stop Loss: 1293.50
2026-03-24 13:42:26,856 - INFO -   Entry Method: condition_a
2026-03-24 13:42:26,858 - INFO - New Equity trading signal received, executing paper trade
2026-03-24 13:42:26,861 - DEBUG - Position saved to active_equity_position.json
2026-03-24 13:42:26,861 - INFO - NEW POSITION OPENED:
2026-03-24 13:42:26,862 - INFO -   Symbol: INFY
2026-03-24 13:42:26,863 - INFO -   Entry Price: 1294.6
2026-03-24 13:42:26,869 - INFO -   Stop Loss: 1293.5
2026-03-24 13:42:26,869 - INFO -   Quantity: 0.015625
2026-03-24 13:42:26,870 - INFO -   Entry Method: condition_a
2026-03-24 13:42:26,872 - INFO -   Position opened at: 2026-03-24 13:42:26.859125
2026-03-24 13:42:26,873 - INFO - TRADE EXECUTION SUCCESSFUL
2026-03-24 13:42:26,873 - INFO - Equity paper trade executed successfully
2026-03-24 13:42:26,874 - INFO - Managing existing Equity positions
2026-03-24 13:42:26,874 - INFO - ----- Position management cycle started at 13:42:26 -----
2026-03-24 13:42:26,878 - INFO - [CYCLE SUMMARY] INFY | Price: 1294.60 | Entry: 1294.60 | Stop: 1293.50 | P&L: 0.00 (0.00%) | Status: LOSS | Risk: HIGH RISK
2026-03-24 13:42:26,880 - INFO - [DETAILED STATUS] Distance to Stop: 1.10 (0.08%) | Distance from Entry: 0.00 (0.00%) | Quantity: 0.015625 | AO Risk Applied: False
2026-03-24 13:42:26,888 - WARNING - STOP LOSS PROXIMITY: Price 1294.60 is 0.08% above stop 1293.50
2026-03-24 13:42:26,892 - INFO - AO RISK MANAGEMENT TRIGGERED: 5 consecutive red AO candles
2026-03-24 13:42:26,905 - INFO - AO RISK MANAGEMENT:
2026-03-24 13:42:26,905 - INFO -   Exiting 50% (0.0078125 qty) at 1294.6
2026-03-24 13:42:26,907 - INFO -   50% Exit P&L: 0.00
2026-03-24 13:42:26,909 - INFO -   Moving remaining 50% stop to: 1290.9245999999998
2026-03-24 13:42:26,912 - DEBUG - Position saved to active_equity_position.json
2026-03-24 13:42:26,925 - INFO - STOP LOSS UPDATED:
2026-03-24 13:42:26,926 - INFO -   Old Stop: 1290.92
2026-03-24 13:42:26,927 - INFO -   New Stop: 1293.50
2026-03-24 13:42:26,927 - INFO -   Improvement: +2.58 (+0.20%)
2026-03-24 13:42:26,928 - INFO -   New Distance to Stop: 1.10 (0.08%)
2026-03-24 13:42:26,929 - DEBUG - Position saved to active_equity_position.json
2026-03-24 13:42:26,940 - INFO - Equity Position Status - P&L: Rs0.00
2026-03-24 13:42:26,940 - INFO - Running Nifty Options paper trading cycle...
2026-03-24 13:42:27,049 - INFO - Starting high-accuracy delta calculation...
2026-03-24 13:42:27,662 - INFO - High-accuracy delta calculated: Spot=23034.95, Strikes=[22400, 22450, 22500, 22550, 22600, 22650, 22700, 22750, 22800, 22850, 22900, 22950, 23000, 23050, 23100, 23150, 23200, 23250, 23300, 23350, 23400]
2026-03-24 13:42:35,888 - INFO - Successfully fetched 1360 rows of 1m data
2026-03-24 13:42:35,888 - INFO - Stored 1m market data successfully
2026-03-24 13:42:35,888 - INFO - Fetching 1m equity data (attempt 1/3)...
2026-03-24 13:42:40,552 - INFO - Successfully fetched 1092 rows of 1m equity data
2026-03-24 13:42:44,572 - INFO - Successfully fetched 396 rows of 5m data
2026-03-24 13:42:44,572 - INFO - Stored 5m market data successfully
2026-03-24 13:42:44,574 - INFO - Fetching 5m equity data (attempt 1/3)...
2026-03-24 13:42:45,882 - INFO - Successfully fetched 193 rows of 5m equity data
2026-03-24 13:43:26,365 - INFO - Running Donchian AO trading strategy...
2026-03-24 13:43:26,501 - INFO - Using delta limit : 40 for today..
2026-03-24 13:44:00,480 - INFO - 2:2 Ratio detected: Selling CE first then PE
2026-03-24 13:44:00,481 - WARNING - Invalid trade result: None
2026-03-24 13:44:00,484 - INFO - NO TRADE: No suitable option pair found.
2026-03-24 13:44:01,501 - INFO - Running paper trading cycle...
2026-03-24 13:44:01,501 - INFO -  Managing existing positions
2026-03-24 13:44:01,503 - INFO - ----- Position management cycle started at 13:44:01 -----
2026-03-24 13:44:01,684 - INFO - [DEBUG] options_data type: <class 'list'>, length: 9
2026-03-24 13:44:01,916 - INFO - CURRENT NET P&L: 10.850000000000023 points
2026-03-24 13:44:01,919 - WARNING - Skipping position management - stale/no price data
2026-03-24 13:44:01,919 - INFO -  Position Status - P&L: Rs10.85, Adjustments: 0
2026-03-24 13:44:01,926 - INFO - Running SMA paper trading cycle...
2026-03-24 13:44:01,990 - INFO - Running Equity paper trading cycle...
2026-03-24 13:44:01,990 - INFO - Managing existing Equity positions
2026-03-24 13:44:01,990 - INFO - ----- Position management cycle started at 13:44:01 -----
2026-03-24 13:44:01,997 - INFO - [CYCLE SUMMARY] INFY | Price: 1295.30 | Entry: 1294.60 | Stop: 1293.50 | P&L: 0.01 (0.05%) | Status: PROFIT | Risk: HIGH RISK
2026-03-24 13:44:02,002 - INFO - [DETAILED STATUS] Distance to Stop: 1.80 (0.14%) | Distance from Entry: 0.70 (0.05%) | Quantity: 0.0078125 | AO Risk Applied: True
2026-03-24 13:44:02,003 - INFO - [PARTIAL EXIT INFO] 50% Exited at: 1294.60 | Partial P&L: 0.00 | Remaining Qty: 0.0078125
2026-03-24 13:44:02,006 - WARNING - STOP LOSS PROXIMITY: Price 1295.30 is 0.14% above stop 1293.50
2026-03-24 13:44:02,012 - INFO - AO RISK MANAGEMENT TRIGGERED: 5 consecutive red AO candles
2026-03-24 13:44:02,012 - DEBUG - AO risk management already applied
2026-03-24 13:44:02,025 - DEBUG - Stop loss unchanged: 1293.50 (new: 1293.50)
2026-03-24 13:44:02,029 - INFO - Equity Position Status - P&L: Rs0.01
2026-03-24 13:44:02,032 - INFO - Running Nifty Options paper trading cycle...
2026-03-24 13:44:02,108 - INFO - Starting high-accuracy delta calculation...
2026-03-24 13:44:02,773 - INFO - High-accuracy delta calculated: Spot=23033.45, Strikes=[22400, 22450, 22500, 22550, 22600, 22650, 22700, 22750, 22800, 22850, 22900, 22950, 23000, 23050, 23100, 23150, 23200, 23250, 23300, 23350, 23400]
2026-03-24 13:44:10,828 - INFO - Successfully fetched 1361 rows of 1m data
2026-03-24 13:44:10,830 - INFO - Stored 1m market data successfully
2026-03-24 13:44:10,830 - INFO - Fetching 1m equity data (attempt 1/3)...
2026-03-24 13:44:15,597 - INFO - Successfully fetched 1092 rows of 1m equity data
2026-03-24 13:45:01,133 - INFO - Running Donchian AO trading strategy...
2026-03-24 13:45:01,236 - INFO - Using delta limit : 40 for today..
2026-03-24 13:45:36,650 - INFO - 2:2 Ratio detected: Selling CE first then PE
2026-03-24 13:45:36,655 - WARNING - Invalid trade result: None
2026-03-24 13:45:36,658 - INFO - NO TRADE: No suitable option pair found.
2026-03-24 13:45:37,676 - INFO - Running paper trading cycle...
2026-03-24 13:45:37,678 - INFO -  Managing existing positions
2026-03-24 13:45:37,678 - INFO - ----- Position management cycle started at 13:45:37 -----
2026-03-24 13:45:38,132 - INFO - [DEBUG] options_data type: <class 'list'>, length: 5
2026-03-24 13:45:38,542 - INFO - CURRENT NET P&L: 10.850000000000023 points
2026-03-24 13:45:38,544 - WARNING - Skipping position management - stale/no price data
2026-03-24 13:45:38,544 - INFO -  Position Status - P&L: Rs10.85, Adjustments: 0
2026-03-24 13:45:38,545 - INFO - Running SMA paper trading cycle...
2026-03-24 13:45:38,612 - INFO - Running Equity paper trading cycle...
2026-03-24 13:45:38,613 - INFO - Managing existing Equity positions
2026-03-24 13:45:38,614 - INFO - ----- Position management cycle started at 13:45:38 -----
2026-03-24 13:45:38,625 - INFO - [CYCLE SUMMARY] INFY | Price: 1294.90 | Entry: 1294.60 | Stop: 1293.50 | P&L: 0.00 (0.02%) | Status: PROFIT | Risk: HIGH RISK
2026-03-24 13:45:38,628 - INFO - [DETAILED STATUS] Distance to Stop: 1.40 (0.11%) | Distance from Entry: 0.30 (0.02%) | Quantity: 0.0078125 | AO Risk Applied: True
2026-03-24 13:45:38,631 - INFO - [PARTIAL EXIT INFO] 50% Exited at: 1294.60 | Partial P&L: 0.00 | Remaining Qty: 0.0078125
2026-03-24 13:45:38,640 - WARNING - STOP LOSS PROXIMITY: Price 1294.90 is 0.11% above stop 1293.50
2026-03-24 13:45:38,647 - INFO - AO RISK MANAGEMENT TRIGGERED: 5 consecutive red AO candles
2026-03-24 13:45:38,649 - DEBUG - AO risk management already applied
2026-03-24 13:45:38,665 - DEBUG - Stop loss unchanged: 1293.50 (new: 1293.50)
2026-03-24 13:45:38,673 - INFO - Equity Position Status - P&L: Rs0.00
2026-03-24 13:45:38,675 - INFO - Running Nifty Options paper trading cycle...
2026-03-24 13:45:38,782 - INFO - Starting high-accuracy delta calculation...
2026-03-24 13:45:39,438 - INFO - High-accuracy delta calculated: Spot=23037.25, Strikes=[22400, 22450, 22500, 22550, 22600, 22650, 22700, 22750, 22800, 22850, 22900, 22950, 23000, 23050, 23100, 23150, 23200, 23250, 23300, 23350, 23400]
2026-03-24 13:45:48,727 - INFO - Successfully fetched 1363 rows of 1m data
2026-03-24 13:45:48,727 - INFO - Stored 1m market data successfully
2026-03-24 13:45:48,729 - INFO - Fetching 1m equity data (attempt 1/3)...
2026-03-24 13:45:56,114 - INFO - Successfully fetched 1092 rows of 1m equity data
2026-03-24 13:46:37,470 - INFO - Running Donchian AO trading strategy...
2026-03-24 13:46:37,724 - INFO - Using delta limit : 40 for today..
2026-03-24 13:47:13,357 - INFO - 2:2 Ratio detected: Selling CE first then PE
2026-03-24 13:47:13,359 - WARNING - Invalid trade result: None
2026-03-24 13:47:13,361 - INFO - NO TRADE: No suitable option pair found.
2026-03-24 13:47:14,367 - INFO - Running paper trading cycle...
2026-03-24 13:47:14,367 - INFO -  Managing existing positions
2026-03-24 13:47:14,368 - INFO - ----- Position management cycle started at 13:47:14 -----
2026-03-24 13:47:14,548 - INFO - [DEBUG] options_data type: <class 'list'>, length: 3
2026-03-24 13:47:14,734 - INFO - CURRENT NET P&L: 10.850000000000023 points
2026-03-24 13:47:14,735 - WARNING - Skipping position management - stale/no price data
2026-03-24 13:47:14,736 - INFO -  Position Status - P&L: Rs10.85, Adjustments: 0
2026-03-24 13:47:14,736 - INFO - Running SMA paper trading cycle...
2026-03-24 13:47:14,809 - INFO - Running Equity paper trading cycle...
2026-03-24 13:47:14,809 - INFO - Managing existing Equity positions
2026-03-24 13:47:14,810 - INFO - ----- Position management cycle started at 13:47:14 -----
2026-03-24 13:47:14,818 - INFO - [CYCLE SUMMARY] INFY | Price: 1295.80 | Entry: 1294.60 | Stop: 1293.50 | P&L: 0.01 (0.09%) | Status: PROFIT | Risk: HIGH RISK
2026-03-24 13:47:14,824 - INFO - [DETAILED STATUS] Distance to Stop: 2.30 (0.18%) | Distance from Entry: 1.20 (0.09%) | Quantity: 0.0078125 | AO Risk Applied: True
2026-03-24 13:47:14,825 - INFO - [PARTIAL EXIT INFO] 50% Exited at: 1294.60 | Partial P&L: 0.00 | Remaining Qty: 0.0078125
2026-03-24 13:47:14,831 - WARNING - STOP LOSS PROXIMITY: Price 1295.80 is 0.18% above stop 1293.50
2026-03-24 13:47:14,840 - INFO - AO RISK MANAGEMENT TRIGGERED: 5 consecutive red AO candles
2026-03-24 13:47:14,841 - DEBUG - AO risk management already applied
2026-03-24 13:47:14,852 - DEBUG - Stop loss unchanged: 1293.50 (new: 1293.50)
2026-03-24 13:47:14,862 - INFO - Equity Position Status - P&L: Rs0.01
2026-03-24 13:47:14,862 - INFO - Running Nifty Options paper trading cycle...
2026-03-24 13:47:14,997 - INFO - Starting high-accuracy delta calculation...
2026-03-24 13:47:15,612 - INFO - High-accuracy delta calculated: Spot=23025.45, Strikes=[22400, 22450, 22500, 22550, 22600, 22650, 22700, 22750, 22800, 22850, 22900, 22950, 23000, 23050, 23100, 23150, 23200, 23250, 23300, 23350, 23400]
2026-03-24 13:47:15,613 - INFO - Starting separate VIX calculation...
2026-03-24 13:48:25,260 - INFO - VIX calculated separately: 48.96
2026-03-24 13:48:34,354 - INFO - Successfully fetched 1366 rows of 1m data
2026-03-24 13:48:34,356 - INFO - Stored 1m market data successfully
2026-03-24 13:48:34,356 - INFO - Fetching 1m equity data (attempt 1/3)...
2026-03-24 13:48:39,831 - INFO - Successfully fetched 1092 rows of 1m equity data
2026-03-24 13:48:44,095 - INFO - Successfully fetched 397 rows of 5m data
2026-03-24 13:48:44,095 - INFO - Stored 5m market data successfully
2026-03-24 13:48:44,096 - INFO - Fetching 5m equity data (attempt 1/3)...
2026-03-24 13:48:45,396 - INFO - Successfully fetched 193 rows of 5m equity data
2026-03-24 13:48:45,396 - INFO - Running Donchian AO trading strategy...
2026-03-24 13:48:45,670 - INFO - Using delta limit : 40 for today..
2026-03-24 13:49:25,793 - INFO - 2:2 Ratio detected: Selling CE first then PE
2026-03-24 13:49:25,794 - WARNING - Invalid trade result: None
2026-03-24 13:49:25,795 - INFO - NO TRADE: No suitable option pair found.
2026-03-24 13:49:25,796 - INFO - Running paper trading cycle...
2026-03-24 13:49:25,796 - INFO -  Managing existing positions
2026-03-24 13:49:25,797 - INFO - ----- Position management cycle started at 13:49:25 -----
2026-03-24 13:49:26,025 - INFO - [DEBUG] options_data type: <class 'list'>, length: 9
2026-03-24 13:49:26,293 - INFO - CURRENT NET P&L: 10.850000000000023 points
2026-03-24 13:49:26,294 - WARNING - Skipping position management - stale/no price data
2026-03-24 13:49:26,295 - INFO -  Position Status - P&L: Rs10.85, Adjustments: 0
2026-03-24 13:49:26,295 - INFO - Running SMA paper trading cycle...
2026-03-24 13:49:26,362 - INFO - Running Equity paper trading cycle...
2026-03-24 13:49:26,362 - INFO - Managing existing Equity positions
2026-03-24 13:49:26,364 - INFO - ----- Position management cycle started at 13:49:26 -----
2026-03-24 13:49:26,369 - INFO - [CYCLE SUMMARY] INFY | Price: 1295.20 | Entry: 1294.60 | Stop: 1293.50 | P&L: 0.00 (0.05%) | Status: PROFIT | Risk: HIGH RISK
2026-03-24 13:49:26,378 - INFO - [DETAILED STATUS] Distance to Stop: 1.70 (0.13%) | Distance from Entry: 0.60 (0.05%) | Quantity: 0.0078125 | AO Risk Applied: True
2026-03-24 13:49:26,383 - INFO - [PARTIAL EXIT INFO] 50% Exited at: 1294.60 | Partial P&L: 0.00 | Remaining Qty: 0.0078125
2026-03-24 13:49:26,388 - WARNING - STOP LOSS PROXIMITY: Price 1295.20 is 0.13% above stop 1293.50
2026-03-24 13:49:26,403 - INFO - STOP LOSS UPDATED:
2026-03-24 13:49:26,407 - INFO -   Old Stop: 1293.50
2026-03-24 13:49:26,407 - INFO -   New Stop: 1293.70
2026-03-24 13:49:26,407 - INFO -   Improvement: +0.20 (+0.02%)
2026-03-24 13:49:26,409 - INFO -   New Distance to Stop: 1.50 (0.12%)
2026-03-24 13:49:26,409 - DEBUG - Position saved to active_equity_position.json
2026-03-24 13:49:26,415 - INFO - Equity Position Status - P&L: Rs0.00
2026-03-24 13:49:26,415 - INFO - Running Nifty Options paper trading cycle...
2026-03-24 13:49:26,549 - INFO - Starting high-accuracy delta calculation...
2026-03-24 13:49:27,837 - INFO - High-accuracy delta calculated: Spot=22991.05, Strikes=[22400, 22450, 22500, 22550, 22600, 22650, 22700, 22750, 22800, 22850, 22900, 22950, 23000, 23050, 23100, 23150, 23200, 23250, 23300, 23350, 23400]
2026-03-24 13:49:43,644 - INFO - Successfully fetched 1367 rows of 1m data
2026-03-24 13:49:43,644 - INFO - Stored 1m market data successfully
2026-03-24 13:49:44,658 - INFO - Fetching 1m equity data (attempt 1/3)...
2026-03-24 13:49:49,892 - INFO - Successfully fetched 1092 rows of 1m equity data
2026-03-24 13:50:26,326 - INFO - Running Donchian AO trading strategy...
2026-03-24 13:50:26,562 - INFO - Using delta limit : 40 for today..
2026-03-24 13:51:03,239 - INFO - 2:2 Ratio detected: Selling CE first then PE
2026-03-24 13:51:03,243 - WARNING - Invalid trade result: None
2026-03-24 13:51:03,246 - INFO - NO TRADE: No suitable option pair found.
2026-03-24 13:51:03,246 - INFO - Running paper trading cycle...
2026-03-24 13:51:03,247 - INFO -  Managing existing positions
2026-03-24 13:51:03,247 - INFO - ----- Position management cycle started at 13:51:03 -----
2026-03-24 13:51:03,489 - INFO - [DEBUG] options_data type: <class 'list'>, length: 17
2026-03-24 13:51:03,723 - INFO - CURRENT NET P&L: 10.850000000000023 points
2026-03-24 13:51:03,728 - WARNING - Skipping position management - stale/no price data
2026-03-24 13:51:03,730 - INFO -  Position Status - P&L: Rs10.85, Adjustments: 0
2026-03-24 13:51:04,743 - INFO - Running SMA paper trading cycle...
2026-03-24 13:51:04,820 - INFO - Running Equity paper trading cycle...
2026-03-24 13:51:04,820 - INFO - Managing existing Equity positions
2026-03-24 13:51:04,820 - INFO - ----- Position management cycle started at 13:51:04 -----
2026-03-24 13:51:04,832 - INFO - [CYCLE SUMMARY] INFY | Price: 1295.20 | Entry: 1294.60 | Stop: 1293.70 | P&L: 0.00 (0.05%) | Status: PROFIT | Risk: HIGH RISK
2026-03-24 13:51:04,834 - INFO - [DETAILED STATUS] Distance to Stop: 1.50 (0.12%) | Distance from Entry: 0.60 (0.05%) | Quantity: 0.0078125 | AO Risk Applied: True
2026-03-24 13:51:04,835 - INFO - [PARTIAL EXIT INFO] 50% Exited at: 1294.60 | Partial P&L: 0.00 | Remaining Qty: 0.0078125
2026-03-24 13:51:04,845 - WARNING - STOP LOSS PROXIMITY: Price 1295.20 is 0.12% above stop 1293.70
2026-03-24 13:51:04,850 - INFO - AO RISK MANAGEMENT TRIGGERED: 5 consecutive red AO candles
2026-03-24 13:51:04,852 - DEBUG - AO risk management already applied
2026-03-24 13:51:04,865 - DEBUG - Stop loss unchanged: 1293.70 (new: 1293.70)
2026-03-24 13:51:04,871 - INFO - Equity Position Status - P&L: Rs0.00
2026-03-24 13:51:04,871 - INFO - Running Nifty Options paper trading cycle...
2026-03-24 13:51:04,985 - INFO - Starting high-accuracy delta calculation...
2026-03-24 13:51:05,970 - INFO - High-accuracy delta calculated: Spot=22972.3, Strikes=[22400, 22450, 22500, 22550, 22600, 22650, 22700, 22750, 22800, 22850, 22900, 22950, 23000, 23050, 23100, 23150, 23200, 23250, 23300, 23350, 23400]
2026-03-24 13:51:15,693 - INFO - Successfully fetched 1369 rows of 1m data
2026-03-24 13:51:15,693 - INFO - Stored 1m market data successfully
2026-03-24 13:51:15,694 - INFO - Fetching 1m equity data (attempt 1/3)...
2026-03-24 13:51:21,488 - INFO - Successfully fetched 1092 rows of 1m equity data
2026-03-24 13:52:03,183 - INFO - Successfully fetched 136 rows of 15m data
2026-03-24 13:52:03,183 - INFO - Stored 15m market data successfully
2026-03-24 13:52:04,200 - INFO - Running Donchian AO trading strategy...
2026-03-24 13:52:04,399 - INFO - Using delta limit : 40 for today..
2026-03-24 13:52:41,875 - INFO - 2:2 Ratio detected: Selling CE first then PE
2026-03-24 13:52:41,881 - WARNING - Invalid trade result: None
2026-03-24 13:52:41,886 - INFO - NO TRADE: No suitable option pair found.
2026-03-24 13:52:41,886 - INFO - Running paper trading cycle...
2026-03-24 13:52:41,887 - INFO -  Managing existing positions
2026-03-24 13:52:41,887 - INFO - ----- Position management cycle started at 13:52:41 -----
2026-03-24 13:52:42,133 - INFO - [DEBUG] options_data type: <class 'list'>, length: 7
2026-03-24 13:52:42,369 - INFO - CURRENT NET P&L: 10.850000000000023 points
2026-03-24 13:52:42,370 - WARNING - Skipping position management - stale/no price data
2026-03-24 13:52:42,371 - INFO -  Position Status - P&L: Rs10.85, Adjustments: 0
2026-03-24 13:52:43,372 - INFO - Running SMA paper trading cycle...
2026-03-24 13:52:43,436 - INFO - Running Equity paper trading cycle...
2026-03-24 13:52:43,438 - INFO - Managing existing Equity positions
2026-03-24 13:52:43,438 - INFO - ----- Position management cycle started at 13:52:43 -----
2026-03-24 13:52:43,447 - INFO - [CYCLE SUMMARY] INFY | Price: 1295.50 | Entry: 1294.60 | Stop: 1293.70 | P&L: 0.01 (0.07%) | Status: PROFIT | Risk: HIGH RISK
2026-03-24 13:52:43,450 - INFO - [DETAILED STATUS] Distance to Stop: 1.80 (0.14%) | Distance from Entry: 0.90 (0.07%) | Quantity: 0.0078125 | AO Risk Applied: True
2026-03-24 13:52:43,453 - INFO - [PARTIAL EXIT INFO] 50% Exited at: 1294.60 | Partial P&L: 0.00 | Remaining Qty: 0.0078125
2026-03-24 13:52:43,461 - WARNING - STOP LOSS PROXIMITY: Price 1295.50 is 0.14% above stop 1293.70
2026-03-24 13:52:43,465 - INFO - AO RISK MANAGEMENT TRIGGERED: 5 consecutive red AO candles
2026-03-24 13:52:43,465 - DEBUG - AO risk management already applied
2026-03-24 13:52:43,486 - INFO - STOP LOSS UPDATED:
2026-03-24 13:52:43,489 - INFO -   Old Stop: 1293.70
2026-03-24 13:52:43,489 - INFO -   New Stop: 1294.40
2026-03-24 13:52:43,490 - INFO -   Improvement: +0.70 (+0.05%)
2026-03-24 13:52:43,492 - INFO -   New Distance to Stop: 1.10 (0.08%)
2026-03-24 13:52:43,495 - DEBUG - Position saved to active_equity_position.json
2026-03-24 13:52:43,500 - INFO - Equity Position Status - P&L: Rs0.01
2026-03-24 13:52:43,500 - INFO - Running Nifty Options paper trading cycle...
2026-03-24 13:52:43,607 - INFO - Starting high-accuracy delta calculation...
2026-03-24 13:52:44,323 - INFO - High-accuracy delta calculated: Spot=22967.6, Strikes=[22400, 22450, 22500, 22550, 22600, 22650, 22700, 22750, 22800, 22850, 22900, 22950, 23000, 23050, 23100, 23150, 23200, 23250, 23300, 23350, 23400]
2026-03-24 13:52:52,672 - INFO - Successfully fetched 1370 rows of 1m data
2026-03-24 13:52:52,672 - INFO - Stored 1m market data successfully
2026-03-24 13:52:52,672 - INFO - Fetching 1m equity data (attempt 1/3)...
2026-03-24 13:52:58,034 - INFO - Successfully fetched 1092 rows of 1m equity data
2026-03-24 13:52:59,045 - INFO - Fetching 15m equity data (attempt 1/3)...
2026-03-24 13:52:59,802 - INFO - Successfully fetched 42 rows of 15m equity data
2026-03-24 13:53:26,082 - INFO - Starting separate VIX calculation...
2026-03-24 13:54:33,266 - INFO - VIX calculated separately: 49.48
2026-03-24 13:54:34,280 - INFO - Running Donchian AO trading strategy...
2026-03-24 13:54:34,460 - INFO - Using delta limit : 40 for today..
2026-03-24 13:55:12,165 - INFO - 2:2 Ratio detected: Selling CE first then PE
2026-03-24 13:55:12,167 - WARNING - Invalid trade result: None
2026-03-24 13:55:12,169 - INFO - NO TRADE: No suitable option pair found.
2026-03-24 13:55:12,169 - INFO - Running paper trading cycle...
2026-03-24 13:55:12,169 - INFO -  Managing existing positions
2026-03-24 13:55:12,169 - INFO - ----- Position management cycle started at 13:55:12 -----
2026-03-24 13:55:12,408 - INFO - [DEBUG] options_data type: <class 'list'>, length: 3
2026-03-24 13:55:12,639 - INFO - CURRENT NET P&L: 10.850000000000023 points
2026-03-24 13:55:12,641 - WARNING - Skipping position management - stale/no price data
2026-03-24 13:55:12,641 - INFO -  Position Status - P&L: Rs10.85, Adjustments: 0
2026-03-24 13:55:12,642 - INFO - Running SMA paper trading cycle...
2026-03-24 13:55:12,717 - INFO - Running Equity paper trading cycle...
2026-03-24 13:55:12,718 - INFO - Managing existing Equity positions
2026-03-24 13:55:12,718 - INFO - ----- Position management cycle started at 13:55:12 -----
2026-03-24 13:55:12,727 - INFO - [CYCLE SUMMARY] INFY | Price: 1295.60 | Entry: 1294.60 | Stop: 1294.40 | P&L: 0.01 (0.08%) | Status: PROFIT | Risk: HIGH RISK
2026-03-24 13:55:12,732 - INFO - [DETAILED STATUS] Distance to Stop: 1.20 (0.09%) | Distance from Entry: 1.00 (0.08%) | Quantity: 0.0078125 | AO Risk Applied: True
2026-03-24 13:55:12,734 - INFO - [PARTIAL EXIT INFO] 50% Exited at: 1294.60 | Partial P&L: 0.00 | Remaining Qty: 0.0078125
2026-03-24 13:55:12,740 - WARNING - STOP LOSS PROXIMITY: Price 1295.60 is 0.09% above stop 1294.40
2026-03-24 13:55:12,749 - INFO - AO RISK MANAGEMENT TRIGGERED: 5 consecutive red AO candles
2026-03-24 13:55:12,750 - DEBUG - AO risk management already applied
2026-03-24 13:55:12,859 - DEBUG - Stop loss unchanged: 1294.40 (new: 1294.40)
2026-03-24 13:55:12,868 - INFO - Equity Position Status - P&L: Rs0.01
2026-03-24 13:55:12,868 - INFO - Running Nifty Options paper trading cycle...
2026-03-24 13:55:16,269 - INFO - Successfully fetched 399 rows of 5m data
2026-03-24 13:55:16,281 - INFO - Stored 5m market data successfully
2026-03-24 13:55:16,282 - INFO - Starting high-accuracy delta calculation...
2026-03-24 13:55:16,948 - INFO - High-accuracy delta calculated: Spot=22972.45, Strikes=[22400, 22450, 22500, 22550, 22600, 22650, 22700, 22750, 22800, 22850, 22900, 22950, 23000, 23050, 23100, 23150, 23200, 23250, 23300, 23350, 23400]
2026-03-24 13:55:16,948 - INFO - Fetching 5m equity data (attempt 1/3)...
2026-03-24 13:55:18,404 - INFO - Successfully fetched 193 rows of 5m equity data
2026-03-24 13:55:27,510 - INFO - Successfully fetched 1373 rows of 1m data
2026-03-24 13:55:27,510 - INFO - Stored 1m market data successfully
2026-03-24 13:55:27,511 - INFO - Fetching 1m equity data (attempt 1/3)...
2026-03-24 13:55:32,457 - INFO - Successfully fetched 1092 rows of 1m equity data
2026-03-24 13:56:12,956 - INFO - Running Donchian AO trading strategy...
2026-03-24 13:56:13,215 - INFO - Using delta limit : 40 for today..
2026-03-24 13:56:50,145 - INFO - 2:2 Ratio detected: Selling CE first then PE
2026-03-24 13:56:50,149 - WARNING - Invalid trade result: None
2026-03-24 13:56:50,152 - INFO - NO TRADE: No suitable option pair found.
2026-03-24 13:56:50,153 - INFO - Running paper trading cycle...
2026-03-24 13:56:50,153 - INFO -  Managing existing positions
2026-03-24 13:56:50,153 - INFO - ----- Position management cycle started at 13:56:50 -----
2026-03-24 13:56:50,384 - INFO - [DEBUG] options_data type: <class 'list'>, length: 3
2026-03-24 13:56:50,745 - INFO - CURRENT NET P&L: 10.850000000000023 points
2026-03-24 13:56:50,749 - WARNING - Skipping position management - stale/no price data
2026-03-24 13:56:50,750 - INFO -  Position Status - P&L: Rs10.85, Adjustments: 0
2026-03-24 13:56:50,751 - INFO - Running SMA paper trading cycle...
2026-03-24 13:56:50,834 - INFO - Running Equity paper trading cycle...
2026-03-24 13:56:50,834 - INFO - Managing existing Equity positions
2026-03-24 13:56:50,835 - INFO - ----- Position management cycle started at 13:56:50 -----
2026-03-24 13:56:50,842 - INFO - [CYCLE SUMMARY] INFY | Price: 1295.50 | Entry: 1294.60 | Stop: 1294.40 | P&L: 0.01 (0.07%) | Status: PROFIT | Risk: HIGH RISK
2026-03-24 13:56:50,843 - INFO - [DETAILED STATUS] Distance to Stop: 1.10 (0.08%) | Distance from Entry: 0.90 (0.07%) | Quantity: 0.0078125 | AO Risk Applied: True
2026-03-24 13:56:50,845 - INFO - [PARTIAL EXIT INFO] 50% Exited at: 1294.60 | Partial P&L: 0.00 | Remaining Qty: 0.0078125
2026-03-24 13:56:50,854 - WARNING - STOP LOSS PROXIMITY: Price 1295.50 is 0.08% above stop 1294.40
2026-03-24 13:56:50,877 - DEBUG - Stop loss unchanged: 1294.40 (new: 1294.40)
2026-03-24 13:56:50,890 - INFO - Equity Position Status - P&L: Rs0.01
2026-03-24 13:56:51,899 - INFO - Running Nifty Options paper trading cycle...
2026-03-24 13:56:52,034 - INFO - Starting high-accuracy delta calculation...
2026-03-24 13:56:52,741 - INFO - High-accuracy delta calculated: Spot=22990.8, Strikes=[22400, 22450, 22500, 22550, 22600, 22650, 22700, 22750, 22800, 22850, 22900, 22950, 23000, 23050, 23100, 23150, 23200, 23250, 23300, 23350, 23400]
2026-03-24 13:57:01,256 - INFO - Successfully fetched 1374 rows of 1m data
2026-03-24 13:57:01,257 - INFO - Stored 1m market data successfully
2026-03-24 13:57:01,257 - INFO - Fetching 1m equity data (attempt 1/3)...
2026-03-24 13:57:06,527 - INFO - Successfully fetched 1091 rows of 1m equity data
2026-03-24 13:57:51,018 - INFO - Running Donchian AO trading strategy...
2026-03-24 13:57:51,252 - INFO - Using delta limit : 40 for today..
2026-03-24 13:58:25,521 - INFO - 2:2 Ratio detected: Selling CE first then PE
2026-03-24 13:58:25,522 - WARNING - Invalid trade result: None
2026-03-24 13:58:25,525 - INFO - NO TRADE: No suitable option pair found.
2026-03-24 13:58:25,525 - INFO - Running paper trading cycle...
2026-03-24 13:58:25,525 - INFO -  Managing existing positions
2026-03-24 13:58:25,526 - INFO - ----- Position management cycle started at 13:58:25 -----
2026-03-24 13:58:25,695 - INFO - [DEBUG] options_data type: <class 'list'>, length: 9
2026-03-24 13:58:25,875 - INFO - CURRENT NET P&L: 10.850000000000023 points
2026-03-24 13:58:25,876 - WARNING - Skipping position management - stale/no price data
2026-03-24 13:58:25,876 - INFO -  Position Status - P&L: Rs10.85, Adjustments: 0
2026-03-24 13:58:25,877 - INFO - Running SMA paper trading cycle...
2026-03-24 13:58:25,926 - INFO - Running Equity paper trading cycle...
2026-03-24 13:58:25,926 - INFO - Managing existing Equity positions
2026-03-24 13:58:25,927 - INFO - ----- Position management cycle started at 13:58:25 -----
2026-03-24 13:58:25,935 - INFO - [CYCLE SUMMARY] INFY | Price: 1295.10 | Entry: 1294.60 | Stop: 1294.40 | P&L: 0.00 (0.04%) | Status: PROFIT | Risk: HIGH RISK
2026-03-24 13:58:25,935 - INFO - [DETAILED STATUS] Distance to Stop: 0.70 (0.05%) | Distance from Entry: 0.50 (0.04%) | Quantity: 0.0078125 | AO Risk Applied: True
2026-03-24 13:58:25,939 - INFO - [PARTIAL EXIT INFO] 50% Exited at: 1294.60 | Partial P&L: 0.00 | Remaining Qty: 0.0078125
2026-03-24 13:58:25,941 - WARNING - STOP LOSS PROXIMITY: Price 1295.10 is 0.05% above stop 1294.40
2026-03-24 13:58:25,958 - INFO - STOP LOSS UPDATED:
2026-03-24 13:58:25,960 - INFO -   Old Stop: 1294.40
2026-03-24 13:58:25,960 - INFO -   New Stop: 1294.50
2026-03-24 13:58:25,961 - INFO -   Improvement: +0.10 (+0.01%)
2026-03-24 13:58:25,963 - INFO -   New Distance to Stop: 0.60 (0.05%)
2026-03-24 13:58:25,964 - DEBUG - Position saved to active_equity_position.json
2026-03-24 13:58:25,969 - INFO - Equity Position Status - P&L: Rs0.00
2026-03-24 13:58:26,984 - INFO - Running Nifty Options paper trading cycle...
2026-03-24 13:58:27,062 - INFO - Starting high-accuracy delta calculation...
2026-03-24 13:58:27,757 - INFO - High-accuracy delta calculated: Spot=22988.45, Strikes=[22400, 22450, 22500, 22550, 22600, 22650, 22700, 22750, 22800, 22850, 22900, 22950, 23000, 23050, 23100, 23150, 23200, 23250, 23300, 23350, 23400]
2026-03-24 13:58:36,644 - INFO - Successfully fetched 1376 rows of 1m data
2026-03-24 13:58:36,644 - INFO - Stored 1m market data successfully
2026-03-24 13:58:36,645 - INFO - Fetching 1m equity data (attempt 1/3)...
2026-03-24 13:58:42,145 - INFO - Successfully fetched 1092 rows of 1m equity data
2026-03-24 13:59:25,669 - INFO - Running Donchian AO trading strategy...
2026-03-24 13:59:25,969 - INFO - Using delta limit : 40 for today..
2026-03-24 14:00:05,207 - INFO - 2:2 Ratio detected: Selling CE first then PE
2026-03-24 14:00:05,209 - WARNING - Invalid trade result: None
2026-03-24 14:00:05,211 - INFO - NO TRADE: No suitable option pair found.
2026-03-24 14:00:06,220 - INFO - Running paper trading cycle...
2026-03-24 14:00:06,220 - INFO -  Managing existing positions
2026-03-24 14:00:06,221 - INFO - ----- Position management cycle started at 14:00:06 -----
2026-03-24 14:00:06,390 - INFO - [DEBUG] options_data type: <class 'list'>, length: 5
2026-03-24 14:00:06,640 - INFO - CURRENT NET P&L: 10.850000000000023 points
2026-03-24 14:00:06,641 - WARNING - Skipping position management - stale/no price data
2026-03-24 14:00:06,643 - INFO -  Position Status - P&L: Rs10.85, Adjustments: 0
2026-03-24 14:00:06,643 - INFO - Running SMA paper trading cycle...
2026-03-24 14:00:07,005 - INFO - Running Equity paper trading cycle...
2026-03-24 14:00:07,005 - INFO - Managing existing Equity positions
2026-03-24 14:00:07,006 - INFO - ----- Position management cycle started at 14:00:07 -----
2026-03-24 14:00:07,013 - INFO - [CYCLE SUMMARY] INFY | Price: 1295.50 | Entry: 1294.60 | Stop: 1294.50 | P&L: 0.01 (0.07%) | Status: PROFIT | Risk: HIGH RISK
2026-03-24 14:00:07,014 - INFO - [DETAILED STATUS] Distance to Stop: 1.00 (0.08%) | Distance from Entry: 0.90 (0.07%) | Quantity: 0.0078125 | AO Risk Applied: True
2026-03-24 14:00:07,014 - INFO - [PARTIAL EXIT INFO] 50% Exited at: 1294.60 | Partial P&L: 0.00 | Remaining Qty: 0.0078125
2026-03-24 14:00:07,023 - WARNING - STOP LOSS PROXIMITY: Price 1295.50 is 0.08% above stop 1294.50
2026-03-24 14:00:07,040 - INFO - STOP LOSS UPDATED:
2026-03-24 14:00:07,041 - INFO -   Old Stop: 1294.50
2026-03-24 14:00:07,042 - INFO -   New Stop: 1294.60
2026-03-24 14:00:07,043 - INFO -   Improvement: +0.10 (+0.01%)
2026-03-24 14:00:07,043 - INFO -   New Distance to Stop: 0.90 (0.07%)
2026-03-24 14:00:07,047 - DEBUG - Position saved to active_equity_position.json
2026-03-24 14:00:07,057 - INFO - Equity Position Status - P&L: Rs0.01
2026-03-24 14:00:07,058 - INFO - Running Nifty Options paper trading cycle...
2026-03-24 14:00:07,254 - INFO - Starting high-accuracy delta calculation...
2026-03-24 14:00:12,601 - INFO - High-accuracy delta calculated: Spot=22972.35, Strikes=[22400, 22450, 22500, 22550, 22600, 22650, 22700, 22750, 22800, 22850, 22900, 22950, 23000, 23050, 23100, 23150, 23200, 23250, 23300, 23350, 23400]
2026-03-24 14:00:12,601 - INFO - Starting separate VIX calculation...
2026-03-24 14:01:22,075 - INFO - VIX calculated separately: 49.07
2026-03-24 14:01:31,262 - INFO - Successfully fetched 1379 rows of 1m data
2026-03-24 14:01:31,262 - INFO - Stored 1m market data successfully
2026-03-24 14:01:31,263 - INFO - Fetching 1m equity data (attempt 1/3)...
2026-03-24 14:01:36,280 - INFO - Successfully fetched 1092 rows of 1m equity data
2026-03-24 14:01:40,455 - INFO - Successfully fetched 400 rows of 5m data
2026-03-24 14:01:40,455 - INFO - Stored 5m market data successfully
2026-03-24 14:01:40,457 - INFO - Fetching 5m equity data (attempt 1/3)...
2026-03-24 14:01:41,722 - INFO - Successfully fetched 193 rows of 5m equity data
2026-03-24 14:01:41,723 - INFO - Running Donchian AO trading strategy...
2026-03-24 14:01:41,881 - INFO - Using delta limit : 40 for today..
2026-03-24 14:02:19,610 - INFO - 2:2 Ratio detected: Selling CE first then PE
2026-03-24 14:02:19,611 - WARNING - Invalid trade result: None
2026-03-24 14:02:19,613 - INFO - NO TRADE: No suitable option pair found.
2026-03-24 14:02:19,613 - INFO - Running paper trading cycle...
2026-03-24 14:02:19,614 - INFO -  Managing existing positions
2026-03-24 14:02:19,614 - INFO - ----- Position management cycle started at 14:02:19 -----
2026-03-24 14:02:19,854 - INFO - [DEBUG] options_data type: <class 'list'>, length: 5
2026-03-24 14:02:20,124 - INFO - CURRENT NET P&L: 10.850000000000023 points
2026-03-24 14:02:20,125 - WARNING - Skipping position management - stale/no price data
2026-03-24 14:02:20,126 - INFO -  Position Status - P&L: Rs10.85, Adjustments: 0
2026-03-24 14:02:20,126 - INFO - Running SMA paper trading cycle...
2026-03-24 14:02:20,189 - INFO - Running Equity paper trading cycle...
2026-03-24 14:02:20,191 - INFO - Managing existing Equity positions
2026-03-24 14:02:20,191 - INFO - ----- Position management cycle started at 14:02:20 -----
2026-03-24 14:02:20,197 - INFO - [CYCLE SUMMARY] INFY | Price: 1293.40 | Entry: 1294.60 | Stop: 1294.60 | P&L: -0.01 (-0.09%) | Status: LOSS | Risk: HIGH RISK
2026-03-24 14:02:20,199 - INFO - [DETAILED STATUS] Distance to Stop: -1.20 (-0.09%) | Distance from Entry: -1.20 (-0.09%) | Quantity: 0.0078125 | AO Risk Applied: True
2026-03-24 14:02:20,199 - INFO - [PARTIAL EXIT INFO] 50% Exited at: 1294.60 | Partial P&L: 0.00 | Remaining Qty: 0.0078125
2026-03-24 14:02:20,210 - WARNING - STOP LOSS PROXIMITY: Price 1293.40 is -0.09% above stop 1294.60
2026-03-24 14:02:20,211 - INFO - STOP LOSS HIT:
2026-03-24 14:02:20,212 - INFO -   Current Price: 1293.40
2026-03-24 14:02:20,213 - INFO -   Stop Loss: 1294.60
2026-03-24 14:02:20,213 - INFO -   Entry Price: 1294.60
2026-03-24 14:02:20,214 - INFO -   Final P&L: -0.01 (-0.09%)
2026-03-24 14:02:20,215 - INFO -   Quantity: 0.0078125
2026-03-24 14:02:20,225 - INFO - CLOSING POSITION:
2026-03-24 14:02:20,226 - INFO -   Symbol: INFY
2026-03-24 14:02:20,227 - INFO -   Entry Price: 1294.60
2026-03-24 14:02:20,227 - INFO -   Exit Price: 1293.40
2026-03-24 14:02:20,228 - INFO -   Stop Loss: 1294.60
2026-03-24 14:02:20,229 - INFO -   Quantity: 0.0078125
2026-03-24 14:02:20,230 - INFO -   Price Movement: -1.20 (-0.09%)
2026-03-24 14:02:20,230 - INFO -   Final P&L: -0.01 (-0.09%)
2026-03-24 14:02:20,231 - INFO -   Trade Result: LOSS
2026-03-24 14:02:20,232 - INFO -   Reason: Stop Loss Hit
2026-03-24 14:02:20,242 - INFO -   Partial Exit Summary:
2026-03-24 14:02:20,243 - INFO -     50% Exit P&L: 0.00
2026-03-24 14:02:20,244 - INFO -     Remaining 50% P&L: -0.01
2026-03-24 14:02:20,245 - INFO -     Total P&L: -0.01
2026-03-24 14:02:20,247 - DEBUG - Position file cleared
2026-03-24 14:02:20,248 - INFO - Running Nifty Options paper trading cycle...
2026-03-24 14:02:20,345 - INFO - Starting high-accuracy delta calculation...
2026-03-24 14:02:21,061 - INFO - High-accuracy delta calculated: Spot=22990.3, Strikes=[22400, 22450, 22500, 22550, 22600, 22650, 22700, 22750, 22800, 22850, 22900, 22950, 23000, 23050, 23100, 23150, 23200, 23250, 23300, 23350, 23400]
2026-03-24 14:02:41,341 - INFO - Successfully fetched 1380 rows of 1m data
2026-03-24 14:02:41,341 - INFO - Stored 1m market data successfully
2026-03-24 14:02:42,346 - INFO - Fetching 1m equity data (attempt 1/3)...
2026-03-24 14:02:48,744 - INFO - Successfully fetched 1092 rows of 1m equity data
2026-03-24 14:03:19,988 - INFO - Running Donchian AO trading strategy...
2026-03-24 14:03:20,095 - INFO - Using delta limit : 40 for today..
2026-03-24 14:03:56,646 - INFO - 2:2 Ratio detected: Selling CE first then PE
2026-03-24 14:03:56,647 - WARNING - Invalid trade result: None
2026-03-24 14:03:56,650 - INFO - NO TRADE: No suitable option pair found.
2026-03-24 14:03:57,665 - INFO - Running paper trading cycle...
2026-03-24 14:03:57,675 - INFO -  Managing existing positions
2026-03-24 14:03:57,676 - INFO - ----- Position management cycle started at 14:03:57 -----
2026-03-24 14:03:57,925 - INFO - [DEBUG] options_data type: <class 'list'>, length: 5
2026-03-24 14:03:58,160 - INFO - CURRENT NET P&L: 10.850000000000023 points
2026-03-24 14:03:58,162 - WARNING - Skipping position management - stale/no price data
2026-03-24 14:03:58,162 - INFO -  Position Status - P&L: Rs10.85, Adjustments: 0
2026-03-24 14:03:58,163 - INFO - Running SMA paper trading cycle...
2026-03-24 14:03:58,229 - INFO - Running Equity paper trading cycle...
2026-03-24 14:03:58,229 - INFO - === EQUITY STRATEGY CALLED for INFY ===
2026-03-24 14:03:58,231 - DEBUG - Starting strategy check for INFY
2026-03-24 14:03:58,231 - DEBUG - Checking 15min conditions for INFY
2026-03-24 14:03:58,243 - DEBUG - 15min conditions for INFY:
2026-03-24 14:03:58,243 - DEBUG -   Close: 1295.60, Mid-Donchian: 1272.65 -> Above Mid: True
2026-03-24 14:03:58,244 - DEBUG -   Close: 1295.60, VWAP: 1253.40 -> Above VWAP: True
2026-03-24 14:03:58,246 - DEBUG -   AO Value: 25.06705882352935, Above 20 SMA: True -> AO or SMA: 25.06705882352935
2026-03-24 14:03:58,246 - DEBUG - 15min conditions result for INFY: 25.06705882352935
2026-03-24 14:03:58,247 - INFO - 15min conditions PASSED for INFY
2026-03-24 14:03:58,247 - DEBUG - Checking 5min conditions for INFY
2026-03-24 14:03:58,256 - DEBUG - 5min conditions for INFY:
2026-03-24 14:03:58,257 - DEBUG -   Close: 1292.90, Mid-Donchian: 1291.85 -> Above Mid: True
2026-03-24 14:03:58,258 - DEBUG -   Close: 1292.90, VWAP: 1254.32 -> Above VWAP: True
2026-03-24 14:03:58,258 - DEBUG -   AO Value: 5.190882352941344 -> AO Positive: 5.190882352941344
2026-03-24 14:03:58,259 - DEBUG - 5min conditions result for INFY: 5.190882352941344
2026-03-24 14:03:58,259 - INFO - 5min conditions PASSED for INFY
2026-03-24 14:03:58,259 - DEBUG - Checking 1min entry conditions for INFY
2026-03-24 14:03:58,270 - INFO - 1min entry condition PASSED for INFY - Method: condition_a
2026-03-24 14:03:58,273 - DEBUG - Calculating stop loss for INFY
2026-03-24 14:03:58,278 - INFO - Stop loss calculated for INFY: 1291.50
2026-03-24 14:03:58,279 - INFO - STRATEGY SIGNAL GENERATED for INFY:
2026-03-24 14:03:58,280 - INFO -   Entry Price: 1291.60
2026-03-24 14:03:58,281 - INFO -   Stop Loss: 1291.50
2026-03-24 14:03:58,282 - INFO -   Entry Method: condition_a
2026-03-24 14:03:58,282 - INFO - New Equity trading signal received, executing paper trade
2026-03-24 14:03:58,284 - DEBUG - Position saved to active_equity_position.json
2026-03-24 14:03:58,285 - INFO - NEW POSITION OPENED:
2026-03-24 14:03:58,292 - INFO -   Symbol: INFY
2026-03-24 14:03:58,295 - INFO -   Entry Price: 1291.6
2026-03-24 14:03:58,295 - INFO -   Stop Loss: 1291.5
2026-03-24 14:03:58,296 - INFO -   Quantity: 0.0078125
2026-03-24 14:03:58,296 - INFO -   Entry Method: condition_a
2026-03-24 14:03:58,297 - INFO -   Position opened at: 2026-03-24 14:03:58.283986
2026-03-24 14:03:58,298 - INFO - TRADE EXECUTION SUCCESSFUL
2026-03-24 14:03:58,299 - INFO - Equity paper trade executed successfully
2026-03-24 14:03:58,299 - INFO - Managing existing Equity positions
2026-03-24 14:03:58,299 - INFO - ----- Position management cycle started at 14:03:58 -----
2026-03-24 14:03:58,308 - INFO - [CYCLE SUMMARY] INFY | Price: 1291.60 | Entry: 1291.60 | Stop: 1291.50 | P&L: 0.00 (0.00%) | Status: LOSS | Risk: HIGH RISK
2026-03-24 14:03:58,309 - INFO - [DETAILED STATUS] Distance to Stop: 0.10 (0.01%) | Distance from Entry: 0.00 (0.00%) | Quantity: 0.0078125 | AO Risk Applied: False
2026-03-24 14:03:58,315 - WARNING - STOP LOSS PROXIMITY: Price 1291.60 is 0.01% above stop 1291.50
2026-03-24 14:03:58,319 - INFO - AO RISK MANAGEMENT TRIGGERED: 5 consecutive red AO candles
2026-03-24 14:03:58,333 - INFO - AO RISK MANAGEMENT:
2026-03-24 14:03:58,334 - INFO -   Exiting 50% (0.00390625 qty) at 1291.6
2026-03-24 14:03:58,336 - INFO -   50% Exit P&L: 0.00
2026-03-24 14:03:58,336 - INFO -   Moving remaining 50% stop to: 1289.967
2026-03-24 14:03:58,340 - DEBUG - Position saved to active_equity_position.json
2026-03-24 14:03:58,348 - INFO - STOP LOSS UPDATED:
2026-03-24 14:03:58,348 - INFO -   Old Stop: 1289.97
2026-03-24 14:03:58,349 - INFO -   New Stop: 1291.50
2026-03-24 14:03:58,350 - INFO -   Improvement: +1.53 (+0.12%)
2026-03-24 14:03:58,350 - INFO -   New Distance to Stop: 0.10 (0.01%)
2026-03-24 14:03:58,355 - DEBUG - Position saved to active_equity_position.json
2026-03-24 14:03:58,362 - INFO - Equity Position Status - P&L: Rs0.00
2026-03-24 14:03:58,362 - INFO - Running Nifty Options paper trading cycle...
2026-03-24 14:03:58,491 - INFO - Starting high-accuracy delta calculation...
2026-03-24 14:04:00,019 - INFO - High-accuracy delta calculated: Spot=22967.7, Strikes=[22400, 22450, 22500, 22550, 22600, 22650, 22700, 22750, 22800, 22850, 22900, 22950, 23000, 23050, 23100, 23150, 23200, 23250, 23300, 23350, 23400]
2026-03-24 14:04:08,868 - INFO - Successfully fetched 1381 rows of 1m data
2026-03-24 14:04:08,869 - INFO - Stored 1m market data successfully
2026-03-24 14:04:08,869 - INFO - Fetching 1m equity data (attempt 1/3)...
2026-03-24 14:04:13,886 - INFO - Successfully fetched 1092 rows of 1m equity data
2026-03-24 14:04:57,423 - INFO - Running Donchian AO trading strategy...
2026-03-24 14:04:57,672 - INFO - Using delta limit : 40 for today..
2026-03-24 14:05:35,602 - INFO - 2:2 Ratio detected: Selling CE first then PE
2026-03-24 14:05:35,604 - WARNING - Invalid trade result: None
2026-03-24 14:05:35,608 - INFO - NO TRADE: No suitable option pair found.
2026-03-24 14:05:36,619 - INFO - Running paper trading cycle...
2026-03-24 14:05:36,620 - INFO -  Managing existing positions
2026-03-24 14:05:36,621 - INFO - ----- Position management cycle started at 14:05:36 -----
2026-03-24 14:05:36,846 - INFO - [DEBUG] options_data type: <class 'list'>, length: 7
2026-03-24 14:05:37,076 - INFO - CURRENT NET P&L: 10.850000000000023 points
2026-03-24 14:05:37,078 - WARNING - Skipping position management - stale/no price data
2026-03-24 14:05:37,079 - INFO -  Position Status - P&L: Rs10.85, Adjustments: 0
2026-03-24 14:05:37,080 - INFO - Running SMA paper trading cycle...
2026-03-24 14:05:37,163 - INFO - Running Equity paper trading cycle...
2026-03-24 14:05:37,163 - INFO - Managing existing Equity positions
2026-03-24 14:05:37,164 - INFO - ----- Position management cycle started at 14:05:37 -----
2026-03-24 14:05:37,172 - INFO - [CYCLE SUMMARY] INFY | Price: 1292.00 | Entry: 1291.60 | Stop: 1291.50 | P&L: 0.00 (0.03%) | Status: PROFIT | Risk: HIGH RISK
2026-03-24 14:05:37,176 - INFO - [DETAILED STATUS] Distance to Stop: 0.50 (0.04%) | Distance from Entry: 0.40 (0.03%) | Quantity: 0.00390625 | AO Risk Applied: True
2026-03-24 14:05:37,177 - INFO - [PARTIAL EXIT INFO] 50% Exited at: 1291.60 | Partial P&L: 0.00 | Remaining Qty: 0.00390625
2026-03-24 14:05:37,185 - WARNING - STOP LOSS PROXIMITY: Price 1292.00 is 0.04% above stop 1291.50
2026-03-24 14:05:37,191 - INFO - AO RISK MANAGEMENT TRIGGERED: 5 consecutive red AO candles
2026-03-24 14:05:37,192 - DEBUG - AO risk management already applied
2026-03-24 14:05:37,200 - DEBUG - Stop loss unchanged: 1291.50 (new: 1291.10)
2026-03-24 14:05:37,204 - INFO - Equity Position Status - P&L: Rs0.00
2026-03-24 14:05:37,205 - INFO - Running Nifty Options paper trading cycle...
2026-03-24 14:05:37,564 - INFO - Starting high-accuracy delta calculation...
2026-03-24 14:05:38,258 - INFO - High-accuracy delta calculated: Spot=22972.75, Strikes=[22400, 22450, 22500, 22550, 22600, 22650, 22700, 22750, 22800, 22850, 22900, 22950, 23000, 23050, 23100, 23150, 23200, 23250, 23300, 23350, 23400]
2026-03-24 14:05:46,793 - INFO - Successfully fetched 1383 rows of 1m data
2026-03-24 14:05:46,793 - INFO - Stored 1m market data successfully
2026-03-24 14:05:46,794 - INFO - Fetching 1m equity data (attempt 1/3)...
2026-03-24 14:05:51,420 - INFO - Successfully fetched 1092 rows of 1m equity data
2026-03-24 14:06:22,927 - INFO - Starting separate VIX calculation...
2026-03-24 14:07:30,503 - INFO - VIX calculated separately: 50.84
2026-03-24 14:07:31,513 - INFO - Running Donchian AO trading strategy...
2026-03-24 14:07:31,750 - INFO - VIX is above mid-donchian. No positions will be taken.
2026-03-24 14:07:31,754 - INFO - NO TRADE: No suitable option pair found.
2026-03-24 14:07:31,754 - INFO - Running paper trading cycle...
2026-03-24 14:07:31,764 - INFO -  Managing existing positions
2026-03-24 14:07:31,766 - INFO - ----- Position management cycle started at 14:07:31 -----
2026-03-24 14:07:33,527 - INFO - [DEBUG] options_data type: <class 'list'>, length: 7
2026-03-24 14:07:33,770 - INFO - CURRENT NET P&L: 10.850000000000023 points
2026-03-24 14:07:33,772 - WARNING - Skipping position management - stale/no price data
2026-03-24 14:07:33,772 - INFO -  Position Status - P&L: Rs10.85, Adjustments: 0
2026-03-24 14:07:33,772 - INFO - Running SMA paper trading cycle...
2026-03-24 14:07:33,864 - INFO - Running Equity paper trading cycle...
2026-03-24 14:07:33,864 - INFO - Managing existing Equity positions
2026-03-24 14:07:33,868 - INFO - ----- Position management cycle started at 14:07:33 -----
2026-03-24 14:07:33,881 - INFO - [CYCLE SUMMARY] INFY | Price: 1292.00 | Entry: 1291.60 | Stop: 1291.50 | P&L: 0.00 (0.03%) | Status: PROFIT | Risk: HIGH RISK
2026-03-24 14:07:33,887 - INFO - [DETAILED STATUS] Distance to Stop: 0.50 (0.04%) | Distance from Entry: 0.40 (0.03%) | Quantity: 0.00390625 | AO Risk Applied: True
2026-03-24 14:07:33,888 - INFO - [PARTIAL EXIT INFO] 50% Exited at: 1291.60 | Partial P&L: 0.00 | Remaining Qty: 0.00390625
2026-03-24 14:07:33,904 - WARNING - STOP LOSS PROXIMITY: Price 1292.00 is 0.04% above stop 1291.50
2026-03-24 14:07:33,917 - INFO - AO RISK MANAGEMENT TRIGGERED: 5 consecutive red AO candles
2026-03-24 14:07:33,918 - DEBUG - AO risk management already applied
2026-03-24 14:07:33,934 - DEBUG - Stop loss unchanged: 1291.50 (new: 1291.10)
2026-03-24 14:07:33,935 - INFO - Equity Position Status - P&L: Rs0.00
2026-03-24 14:07:33,935 - INFO - Running Nifty Options paper trading cycle...
2026-03-24 14:07:34,090 - INFO - Starting high-accuracy delta calculation...
2026-03-24 14:08:13,741 - INFO - High-accuracy delta calculated: Spot=22981.05, Strikes=[22400, 22450, 22500, 22550, 22600, 22650, 22700, 22750, 22800, 22850, 22900, 22950, 23000, 23050, 23100, 23150, 23200, 23250, 23300, 23350, 23400]
2026-03-24 14:08:17,280 - INFO - Successfully fetched 401 rows of 5m data
2026-03-24 14:08:17,280 - INFO - Stored 5m market data successfully
2026-03-24 14:08:17,281 - INFO - Fetching 5m equity data (attempt 1/3)...
2026-03-24 14:08:18,579 - INFO - Successfully fetched 193 rows of 5m equity data
2026-03-24 14:08:28,273 - INFO - Successfully fetched 1386 rows of 1m data
2026-03-24 14:08:28,273 - INFO - Stored 1m market data successfully
2026-03-24 14:08:28,273 - INFO - Fetching 1m equity data (attempt 1/3)...
2026-03-24 14:08:33,653 - INFO - Successfully fetched 1092 rows of 1m equity data
2026-03-24 14:08:35,248 - INFO - Successfully fetched 137 rows of 15m data
2026-03-24 14:08:35,248 - INFO - Stored 15m market data successfully
2026-03-24 14:08:36,261 - INFO - Fetching 15m equity data (attempt 1/3)...
2026-03-24 14:08:36,973 - INFO - Successfully fetched 42 rows of 15m equity data
2026-03-24 14:08:36,973 - INFO - Running Donchian AO trading strategy...
2026-03-24 14:08:37,174 - INFO - VIX is above mid-donchian. No positions will be taken.
2026-03-24 14:08:37,174 - INFO - NO TRADE: No suitable option pair found.
2026-03-24 14:08:37,180 - INFO - Running paper trading cycle...
2026-03-24 14:08:37,181 - INFO -  Managing existing positions
2026-03-24 14:08:37,181 - INFO - ----- Position management cycle started at 14:08:37 -----
2026-03-24 14:08:38,705 - INFO - [DEBUG] options_data type: <class 'list'>, length: 13
2026-03-24 14:08:38,912 - INFO - CURRENT NET P&L: 10.850000000000023 points
2026-03-24 14:08:38,914 - WARNING - Skipping position management - stale/no price data
2026-03-24 14:08:38,915 - INFO -  Position Status - P&L: Rs10.85, Adjustments: 0
2026-03-24 14:08:38,915 - INFO - Running SMA paper trading cycle...
2026-03-24 14:08:38,971 - INFO - Running Equity paper trading cycle...
2026-03-24 14:08:38,973 - INFO - Managing existing Equity positions
2026-03-24 14:08:38,973 - INFO - ----- Position management cycle started at 14:08:38 -----
2026-03-24 14:08:38,983 - INFO - [CYCLE SUMMARY] INFY | Price: 1293.50 | Entry: 1291.60 | Stop: 1291.50 | P&L: 0.01 (0.15%) | Status: PROFIT | Risk: HIGH RISK
2026-03-24 14:08:38,984 - INFO - [DETAILED STATUS] Distance to Stop: 2.00 (0.15%) | Distance from Entry: 1.90 (0.15%) | Quantity: 0.00390625 | AO Risk Applied: True
2026-03-24 14:08:38,985 - INFO - [PARTIAL EXIT INFO] 50% Exited at: 1291.60 | Partial P&L: 0.00 | Remaining Qty: 0.00390625
2026-03-24 14:08:38,990 - WARNING - STOP LOSS PROXIMITY: Price 1293.50 is 0.15% above stop 1291.50
2026-03-24 14:08:39,018 - DEBUG - Stop loss unchanged: 1291.50 (new: 1291.10)
2026-03-24 14:08:39,033 - INFO - Equity Position Status - P&L: Rs0.01
2026-03-24 14:08:39,033 - INFO - Running Nifty Options paper trading cycle...
2026-03-24 14:09:14,517 - INFO - Starting high-accuracy delta calculation...
2026-03-24 14:09:50,924 - INFO - High-accuracy delta calculated: Spot=22961.25, Strikes=[22400, 22450, 22500, 22550, 22600, 22650, 22700, 22750, 22800, 22850, 22900, 22950, 23000, 23050, 23100, 23150, 23200, 23250, 23300, 23350, 23400]
2026-03-24 14:10:00,919 - INFO - Successfully fetched 1387 rows of 1m data
2026-03-24 14:10:00,920 - INFO - Stored 1m market data successfully
2026-03-24 14:10:00,920 - INFO - Fetching 1m equity data (attempt 1/3)...
2026-03-24 14:10:05,938 - INFO - Successfully fetched 1092 rows of 1m equity data
2026-03-24 14:10:05,939 - INFO - Running Donchian AO trading strategy...
2026-03-24 14:10:06,121 - INFO - VIX is above mid-donchian. No positions will be taken.
2026-03-24 14:10:06,122 - INFO - NO TRADE: No suitable option pair found.
2026-03-24 14:10:06,123 - INFO - Running paper trading cycle...
2026-03-24 14:10:06,123 - INFO -  Managing existing positions
2026-03-24 14:10:06,123 - INFO - ----- Position management cycle started at 14:10:06 -----
2026-03-24 14:10:07,581 - INFO - [DEBUG] options_data type: <class 'list'>, length: 21
2026-03-24 14:10:07,803 - INFO - CURRENT NET P&L: 10.850000000000023 points
2026-03-24 14:10:07,804 - WARNING - Skipping position management - stale/no price data
2026-03-24 14:10:07,804 - INFO -  Position Status - P&L: Rs10.85, Adjustments: 0
2026-03-24 14:10:07,805 - INFO - Running SMA paper trading cycle...
2026-03-24 14:10:07,852 - INFO - Running Equity paper trading cycle...
2026-03-24 14:10:07,853 - INFO - Managing existing Equity positions
2026-03-24 14:10:07,853 - INFO - ----- Position management cycle started at 14:10:07 -----
2026-03-24 14:10:07,859 - INFO - [CYCLE SUMMARY] INFY | Price: 1293.10 | Entry: 1291.60 | Stop: 1291.50 | P&L: 0.01 (0.12%) | Status: PROFIT | Risk: HIGH RISK
2026-03-24 14:10:07,864 - INFO - [DETAILED STATUS] Distance to Stop: 1.60 (0.12%) | Distance from Entry: 1.50 (0.12%) | Quantity: 0.00390625 | AO Risk Applied: True
2026-03-24 14:10:07,867 - INFO - [PARTIAL EXIT INFO] 50% Exited at: 1291.60 | Partial P&L: 0.00 | Remaining Qty: 0.00390625
2026-03-24 14:10:07,873 - WARNING - STOP LOSS PROXIMITY: Price 1293.10 is 0.12% above stop 1291.50
2026-03-24 14:10:07,899 - DEBUG - Stop loss unchanged: 1291.50 (new: 1290.60)
2026-03-24 14:10:07,913 - INFO - Equity Position Status - P&L: Rs0.01
2026-03-24 14:10:07,915 - INFO - Running Nifty Options paper trading cycle...
2026-03-24 14:10:51,774 - INFO - Starting high-accuracy delta calculation...
2026-03-24 14:11:31,636 - INFO - High-accuracy delta calculated: Spot=22985.9, Strikes=[22400, 22450, 22500, 22550, 22600, 22650, 22700, 22750, 22800, 22850, 22900, 22950, 23000, 23050, 23100, 23150, 23200, 23250, 23300, 23350, 23400]
2026-03-24 14:11:42,409 - INFO - Successfully fetched 1389 rows of 1m data
2026-03-24 14:11:42,410 - INFO - Stored 1m market data successfully
2026-03-24 14:11:42,411 - INFO - Fetching 1m equity data (attempt 1/3)...
2026-03-24 14:11:48,278 - INFO - Successfully fetched 1092 rows of 1m equity data
2026-03-24 14:11:48,278 - INFO - Running Donchian AO trading strategy...
2026-03-24 14:11:48,493 - INFO - VIX is above mid-donchian. No positions will be taken.
2026-03-24 14:11:48,497 - INFO - NO TRADE: No suitable option pair found.
2026-03-24 14:11:48,502 - INFO - Running paper trading cycle...
2026-03-24 14:11:48,503 - INFO -  Managing existing positions
2026-03-24 14:11:48,504 - INFO - ----- Position management cycle started at 14:11:48 -----
2026-03-24 14:11:53,008 - INFO - [DEBUG] options_data type: <class 'list'>, length: 21
2026-03-24 14:11:53,224 - INFO - CURRENT NET P&L: 10.850000000000023 points
2026-03-24 14:11:53,225 - WARNING - Skipping position management - stale/no price data
2026-03-24 14:11:53,226 - INFO -  Position Status - P&L: Rs10.85, Adjustments: 0
2026-03-24 14:11:53,228 - INFO - Running SMA paper trading cycle...
2026-03-24 14:11:53,299 - INFO - Running Equity paper trading cycle...
2026-03-24 14:11:53,299 - INFO - Managing existing Equity positions
2026-03-24 14:11:53,300 - INFO - ----- Position management cycle started at 14:11:53 -----
2026-03-24 14:11:53,311 - INFO - [CYCLE SUMMARY] INFY | Price: 1291.90 | Entry: 1291.60 | Stop: 1291.50 | P&L: 0.00 (0.02%) | Status: PROFIT | Risk: HIGH RISK
2026-03-24 14:11:53,313 - INFO - [DETAILED STATUS] Distance to Stop: 0.40 (0.03%) | Distance from Entry: 0.30 (0.02%) | Quantity: 0.00390625 | AO Risk Applied: True
2026-03-24 14:11:53,315 - INFO - [PARTIAL EXIT INFO] 50% Exited at: 1291.60 | Partial P&L: 0.00 | Remaining Qty: 0.00390625
2026-03-24 14:11:53,325 - WARNING - STOP LOSS PROXIMITY: Price 1291.90 is 0.03% above stop 1291.50
2026-03-24 14:11:53,347 - DEBUG - Stop loss unchanged: 1291.50 (new: 1290.60)
2026-03-24 14:11:53,351 - INFO - Equity Position Status - P&L: Rs0.00
2026-03-24 14:11:53,351 - INFO - Running Nifty Options paper trading cycle...
2026-03-24 14:12:30,903 - INFO - Starting separate VIX calculation...
2026-03-24 14:13:38,268 - INFO - VIX calculated separately: 49.49
2026-03-24 14:13:39,280 - INFO - Starting high-accuracy delta calculation...
2026-03-24 14:14:18,822 - INFO - High-accuracy delta calculated: Spot=22974.05, Strikes=[22400, 22450, 22500, 22550, 22600, 22650, 22700, 22750, 22800, 22850, 22900, 22950, 23000, 23050, 23100, 23150, 23200, 23250, 23300, 23350, 23400]
2026-03-24 14:14:28,483 - INFO - Successfully fetched 1392 rows of 1m data
2026-03-24 14:14:28,483 - INFO - Stored 1m market data successfully
2026-03-24 14:14:28,485 - INFO - Fetching 1m equity data (attempt 1/3)...
2026-03-24 14:14:33,677 - INFO - Successfully fetched 1092 rows of 1m equity data
2026-03-24 14:14:33,677 - INFO - Running Donchian AO trading strategy...
2026-03-24 14:14:33,902 - INFO - Using delta limit : 40 for today..
2026-03-24 14:15:12,359 - INFO - 2:2 Ratio detected: Selling CE first then PE
2026-03-24 14:15:12,360 - WARNING - Invalid trade result: None
2026-03-24 14:15:12,362 - INFO - NO TRADE: No suitable option pair found.
2026-03-24 14:15:12,363 - INFO - Running paper trading cycle...
2026-03-24 14:15:12,363 - INFO -  Managing existing positions
2026-03-24 14:15:12,364 - INFO - ----- Position management cycle started at 14:15:12 -----
2026-03-24 14:15:12,598 - INFO - [DEBUG] options_data type: <class 'list'>, length: 15
2026-03-24 14:15:12,919 - INFO - CURRENT NET P&L: 10.850000000000023 points
2026-03-24 14:15:12,920 - WARNING - Skipping position management - stale/no price data
2026-03-24 14:15:12,921 - INFO -  Position Status - P&L: Rs10.85, Adjustments: 0
2026-03-24 14:15:12,921 - INFO - Running SMA paper trading cycle...
2026-03-24 14:15:12,996 - INFO - Running Equity paper trading cycle...
2026-03-24 14:15:12,996 - INFO - Managing existing Equity positions
2026-03-24 14:15:12,996 - INFO - ----- Position management cycle started at 14:15:12 -----
2026-03-24 14:15:13,007 - INFO - [CYCLE SUMMARY] INFY | Price: 1291.50 | Entry: 1291.60 | Stop: 1291.50 | P&L: -0.00 (-0.01%) | Status: LOSS | Risk: HIGH RISK
2026-03-24 14:15:13,009 - INFO - [DETAILED STATUS] Distance to Stop: 0.00 (0.00%) | Distance from Entry: -0.10 (-0.01%) | Quantity: 0.00390625 | AO Risk Applied: True
2026-03-24 14:15:13,010 - INFO - [PARTIAL EXIT INFO] 50% Exited at: 1291.60 | Partial P&L: 0.00 | Remaining Qty: 0.00390625
2026-03-24 14:15:13,019 - WARNING - STOP LOSS PROXIMITY: Price 1291.50 is 0.00% above stop 1291.50
2026-03-24 14:15:13,019 - INFO - STOP LOSS HIT:
2026-03-24 14:15:13,021 - INFO -   Current Price: 1291.50
2026-03-24 14:15:13,022 - INFO -   Stop Loss: 1291.50
2026-03-24 14:15:13,023 - INFO -   Entry Price: 1291.60
2026-03-24 14:15:13,023 - INFO -   Final P&L: -0.00 (-0.01%)
2026-03-24 14:15:13,024 - INFO -   Quantity: 0.00390625
2026-03-24 14:15:13,030 - INFO - CLOSING POSITION:
2026-03-24 14:15:13,031 - INFO -   Symbol: INFY
2026-03-24 14:15:13,036 - INFO -   Entry Price: 1291.60
2026-03-24 14:15:13,036 - INFO -   Exit Price: 1291.50
2026-03-24 14:15:13,037 - INFO -   Stop Loss: 1291.50
2026-03-24 14:15:13,037 - INFO -   Quantity: 0.00390625
2026-03-24 14:15:13,039 - INFO -   Price Movement: -0.10 (-0.01%)
2026-03-24 14:15:13,040 - INFO -   Final P&L: -0.00 (-0.01%)
2026-03-24 14:15:13,040 - INFO -   Trade Result: LOSS
2026-03-24 14:15:13,041 - INFO -   Reason: Stop Loss Hit
2026-03-24 14:15:13,042 - INFO -   Partial Exit Summary:
2026-03-24 14:15:13,042 - INFO -     50% Exit P&L: 0.00
2026-03-24 14:15:13,043 - INFO -     Remaining 50% P&L: -0.00
2026-03-24 14:15:13,043 - INFO -     Total P&L: -0.00
2026-03-24 14:15:13,045 - DEBUG - Position file cleared
2026-03-24 14:15:13,046 - INFO - Running Nifty Options paper trading cycle...
2026-03-24 14:15:16,430 - INFO - Successfully fetched 403 rows of 5m data
2026-03-24 14:15:16,431 - INFO - Stored 5m market data successfully
2026-03-24 14:15:16,431 - INFO - Fetching 5m equity data (attempt 1/3)...
2026-03-24 14:15:17,947 - INFO - Successfully fetched 193 rows of 5m equity data
2026-03-24 14:15:24,888 - INFO - Successfully fetched 821 rows of 1h data
2026-03-24 14:15:24,889 - INFO - Stored 1h market data successfully
2026-03-24 14:15:24,890 - INFO - Starting high-accuracy delta calculation...
2026-03-24 14:16:00,979 - INFO - High-accuracy delta calculated: Spot=23005.3, Strikes=[22400, 22450, 22500, 22550, 22600, 22650, 22700, 22750, 22800, 22850, 22900, 22950, 23000, 23050, 23100, 23150, 23200, 23250, 23300, 23350, 23400]
2026-03-24 14:16:11,639 - INFO - Successfully fetched 1393 rows of 1m data
2026-03-24 14:16:11,639 - INFO - Stored 1m market data successfully
2026-03-24 14:16:11,640 - INFO - Fetching 1m equity data (attempt 1/3)...
2026-03-24 14:16:16,823 - INFO - Successfully fetched 1092 rows of 1m equity data
2026-03-24 14:16:17,837 - INFO - Running Donchian AO trading strategy...
2026-03-24 14:16:18,038 - INFO - Using delta limit : 40 for today..
2026-03-24 14:16:54,759 - INFO - 2:2 Ratio detected: Selling CE first then PE
2026-03-24 14:16:54,760 - WARNING - Invalid trade result: None
2026-03-24 14:16:54,762 - INFO - NO TRADE: No suitable option pair found.
2026-03-24 14:16:54,764 - INFO - Running paper trading cycle...
2026-03-24 14:16:54,764 - INFO -  Managing existing positions
2026-03-24 14:16:54,764 - INFO - ----- Position management cycle started at 14:16:54 -----
2026-03-24 14:16:55,045 - INFO - [DEBUG] options_data type: <class 'list'>, length: 21
2026-03-24 14:16:55,302 - INFO - CURRENT NET P&L: 10.850000000000023 points
2026-03-24 14:16:55,304 - WARNING - Skipping position management - stale/no price data
2026-03-24 14:16:55,305 - INFO -  Position Status - P&L: Rs10.85, Adjustments: 0
2026-03-24 14:16:55,305 - INFO - Running SMA paper trading cycle...
2026-03-24 14:16:55,379 - INFO - Running Equity paper trading cycle...
2026-03-24 14:16:55,379 - INFO - === EQUITY STRATEGY CALLED for INFY ===
2026-03-24 14:16:55,380 - DEBUG - Starting strategy check for INFY
2026-03-24 14:16:55,381 - DEBUG - Checking 15min conditions for INFY
2026-03-24 14:16:55,394 - DEBUG - 15min conditions for INFY:
2026-03-24 14:16:55,394 - DEBUG -   Close: 1293.50, Mid-Donchian: 1274.00 -> Above Mid: True
2026-03-24 14:16:55,395 - DEBUG -   Close: 1293.50, VWAP: 1254.00 -> Above VWAP: True
2026-03-24 14:16:55,396 - DEBUG -   AO Value: 24.375588235294344, Above 20 SMA: True -> AO or SMA: 24.375588235294344
2026-03-24 14:16:55,396 - DEBUG - 15min conditions result for INFY: 24.375588235294344
2026-03-24 14:16:55,398 - INFO - 15min conditions PASSED for INFY
2026-03-24 14:16:55,398 - DEBUG - Checking 5min conditions for INFY
2026-03-24 14:16:55,407 - DEBUG - 5min conditions for INFY:
2026-03-24 14:16:55,408 - DEBUG -   Close: 1291.70, Mid-Donchian: 1291.85 -> Above Mid: False
2026-03-24 14:16:55,408 - DEBUG -   Close: 1291.70, VWAP: 1254.70 -> Above VWAP: True
2026-03-24 14:16:55,410 - DEBUG -   AO Value: 1.7738235294118567 -> AO Positive: 1.7738235294118567
2026-03-24 14:16:55,410 - DEBUG - 5min conditions result for INFY: False
2026-03-24 14:16:55,411 - DEBUG - 5min conditions failed for INFY
2026-03-24 14:16:55,411 - INFO - Running Nifty Options paper trading cycle...
2026-03-24 14:17:01,550 - INFO - Starting high-accuracy delta calculation...
2026-03-24 14:17:02,195 - INFO - High-accuracy delta calculated: Spot=23007.85, Strikes=[22400, 22450, 22500, 22550, 22600, 22650, 22700, 22750, 22800, 22850, 22900, 22950, 23000, 23050, 23100, 23150, 23200, 23250, 23300, 23350, 23400]
2026-03-24 14:17:21,508 - INFO - Successfully fetched 1395 rows of 1m data
2026-03-24 14:17:21,508 - INFO - Stored 1m market data successfully
2026-03-24 14:17:22,514 - INFO - Fetching 1m equity data (attempt 1/3)...
2026-03-24 14:17:27,657 - INFO - Successfully fetched 1092 rows of 1m equity data
2026-03-24 14:17:54,988 - INFO - Running Donchian AO trading strategy...
2026-03-24 14:17:55,209 - INFO - Using delta limit : 40 for today..
2026-03-24 14:18:29,026 - INFO - 2:2 Ratio detected: Selling CE first then PE
2026-03-24 14:18:29,028 - WARNING - Invalid trade result: None
2026-03-24 14:18:29,030 - INFO - NO TRADE: No suitable option pair found.
2026-03-24 14:18:30,038 - INFO - Running paper trading cycle...
2026-03-24 14:18:30,039 - INFO -  Managing existing positions
2026-03-24 14:18:30,039 - INFO - ----- Position management cycle started at 14:18:30 -----
2026-03-24 14:18:30,266 - INFO - [DEBUG] options_data type: <class 'list'>, length: 21
2026-03-24 14:18:30,464 - INFO - CURRENT NET P&L: 10.850000000000023 points
2026-03-24 14:18:30,465 - WARNING - Skipping position management - stale/no price data
2026-03-24 14:18:30,465 - INFO -  Position Status - P&L: Rs10.85, Adjustments: 0
2026-03-24 14:18:30,465 - INFO - Running SMA paper trading cycle...
2026-03-24 14:18:30,531 - INFO - Running Equity paper trading cycle...
2026-03-24 14:18:30,531 - INFO - === EQUITY STRATEGY CALLED for INFY ===
2026-03-24 14:18:30,533 - DEBUG - Starting strategy check for INFY
2026-03-24 14:18:30,534 - DEBUG - Checking 15min conditions for INFY
2026-03-24 14:18:30,545 - DEBUG - 15min conditions for INFY:
2026-03-24 14:18:30,547 - DEBUG -   Close: 1293.50, Mid-Donchian: 1274.00 -> Above Mid: True
2026-03-24 14:18:30,547 - DEBUG -   Close: 1293.50, VWAP: 1254.00 -> Above VWAP: True
2026-03-24 14:18:30,550 - DEBUG -   AO Value: 24.375588235294344, Above 20 SMA: True -> AO or SMA: 24.375588235294344
2026-03-24 14:18:30,552 - DEBUG - 15min conditions result for INFY: 24.375588235294344
2026-03-24 14:18:30,555 - INFO - 15min conditions PASSED for INFY
2026-03-24 14:18:30,557 - DEBUG - Checking 5min conditions for INFY
2026-03-24 14:18:30,563 - DEBUG - 5min conditions for INFY:
2026-03-24 14:18:30,564 - DEBUG -   Close: 1291.70, Mid-Donchian: 1291.85 -> Above Mid: False
2026-03-24 14:18:30,564 - DEBUG -   Close: 1291.70, VWAP: 1254.70 -> Above VWAP: True
2026-03-24 14:18:30,565 - DEBUG -   AO Value: 1.7738235294118567 -> AO Positive: 1.7738235294118567
2026-03-24 14:18:30,565 - DEBUG - 5min conditions result for INFY: False
2026-03-24 14:18:30,565 - DEBUG - 5min conditions failed for INFY
2026-03-24 14:18:30,566 - INFO - Running Nifty Options paper trading cycle...
2026-03-24 14:18:30,628 - INFO - Starting high-accuracy delta calculation...
2026-03-24 14:18:31,434 - INFO - High-accuracy delta calculated: Spot=23013.55, Strikes=[22400, 22450, 22500, 22550, 22600, 22650, 22700, 22750, 22800, 22850, 22900, 22950, 23000, 23050, 23100, 23150, 23200, 23250, 23300, 23350, 23400]
2026-03-24 14:18:41,560 - INFO - Successfully fetched 1396 rows of 1m data
2026-03-24 14:18:41,560 - INFO - Stored 1m market data successfully
2026-03-24 14:18:41,560 - INFO - Fetching 1m equity data (attempt 1/3)...
2026-03-24 14:18:46,607 - INFO - Successfully fetched 1092 rows of 1m equity data
2026-03-24 14:18:47,623 - INFO - Starting separate VIX calculation...
2026-03-24 14:19:53,777 - INFO - VIX calculated separately: 50.27
2026-03-24 14:19:54,787 - INFO - Running Donchian AO trading strategy...
2026-03-24 14:19:54,896 - INFO - VIX is above mid-donchian. No positions will be taken.
2026-03-24 14:19:54,909 - INFO - NO TRADE: No suitable option pair found.
2026-03-24 14:19:54,911 - INFO - Running paper trading cycle...
2026-03-24 14:19:54,913 - INFO -  Managing existing positions
2026-03-24 14:19:54,918 - INFO - ----- Position management cycle started at 14:19:54 -----
2026-03-24 14:19:55,162 - INFO - [DEBUG] options_data type: <class 'list'>, length: 21
2026-03-24 14:19:55,407 - INFO - CURRENT NET P&L: 10.850000000000023 points
2026-03-24 14:19:55,409 - WARNING - Skipping position management - stale/no price data
2026-03-24 14:19:55,409 - INFO -  Position Status - P&L: Rs10.85, Adjustments: 0
2026-03-24 14:19:55,409 - INFO - Running SMA paper trading cycle...
2026-03-24 14:19:55,480 - INFO - Running Equity paper trading cycle...
2026-03-24 14:19:55,480 - INFO - === EQUITY STRATEGY CALLED for INFY ===
2026-03-24 14:19:55,482 - DEBUG - Starting strategy check for INFY
2026-03-24 14:19:55,484 - DEBUG - Checking 15min conditions for INFY
2026-03-24 14:19:55,499 - DEBUG - 15min conditions for INFY:
2026-03-24 14:19:55,501 - DEBUG -   Close: 1293.50, Mid-Donchian: 1274.00 -> Above Mid: True
2026-03-24 14:19:55,503 - DEBUG -   Close: 1293.50, VWAP: 1254.00 -> Above VWAP: True
2026-03-24 14:19:55,504 - DEBUG -   AO Value: 24.375588235294344, Above 20 SMA: True -> AO or SMA: 24.375588235294344
2026-03-24 14:19:55,509 - DEBUG - 15min conditions result for INFY: 24.375588235294344
2026-03-24 14:19:55,509 - INFO - 15min conditions PASSED for INFY
2026-03-24 14:19:55,512 - DEBUG - Checking 5min conditions for INFY
2026-03-24 14:19:55,515 - DEBUG - 5min conditions for INFY:
2026-03-24 14:19:55,518 - DEBUG -   Close: 1291.70, Mid-Donchian: 1291.85 -> Above Mid: False
2026-03-24 14:19:55,518 - DEBUG -   Close: 1291.70, VWAP: 1254.70 -> Above VWAP: True
2026-03-24 14:19:55,518 - DEBUG -   AO Value: 1.7738235294118567 -> AO Positive: 1.7738235294118567
2026-03-24 14:19:55,518 - DEBUG - 5min conditions result for INFY: False
2026-03-24 14:19:55,518 - DEBUG - 5min conditions failed for INFY
2026-03-24 14:19:55,524 - INFO - Running Nifty Options paper trading cycle...
2026-03-24 14:19:55,616 - INFO - Starting high-accuracy delta calculation...
2026-03-24 14:20:30,680 - INFO - High-accuracy delta calculated: Spot=22984.45, Strikes=[22400, 22450, 22500, 22550, 22600, 22650, 22700, 22750, 22800, 22850, 22900, 22950, 23000, 23050, 23100, 23150, 23200, 23250, 23300, 23350, 23400]
2026-03-24 14:20:40,116 - INFO - Successfully fetched 1398 rows of 1m data
2026-03-24 14:20:40,116 - INFO - Stored 1m market data successfully
2026-03-24 14:20:40,116 - INFO - Fetching 1m equity data (attempt 1/3)...
2026-03-24 14:20:45,389 - INFO - Successfully fetched 1092 rows of 1m equity data
2026-03-24 14:20:49,629 - INFO - Successfully fetched 404 rows of 5m data
2026-03-24 14:20:49,629 - INFO - Stored 5m market data successfully
2026-03-24 14:20:49,631 - INFO - Fetching 5m equity data (attempt 1/3)...
2026-03-24 14:20:50,864 - INFO - Successfully fetched 193 rows of 5m equity data
2026-03-24 14:20:55,924 - INFO - Running Donchian AO trading strategy...
2026-03-24 14:20:56,054 - INFO - VIX is above mid-donchian. No positions will be taken.
2026-03-24 14:20:56,067 - INFO - NO TRADE: No suitable option pair found.
2026-03-24 14:20:56,068 - INFO - Running paper trading cycle...
2026-03-24 14:20:56,068 - INFO -  Managing existing positions
2026-03-24 14:20:56,068 - INFO - ----- Position management cycle started at 14:20:56 -----
2026-03-24 14:20:56,300 - INFO - [DEBUG] options_data type: <class 'list'>, length: 3
2026-03-24 14:20:56,558 - INFO - CURRENT NET P&L: 10.850000000000023 points
2026-03-24 14:20:56,559 - WARNING - Skipping position management - stale/no price data
2026-03-24 14:20:56,560 - INFO -  Position Status - P&L: Rs10.85, Adjustments: 0
2026-03-24 14:20:56,561 - INFO - Running SMA paper trading cycle...
2026-03-24 14:20:56,614 - INFO - Running Equity paper trading cycle...
2026-03-24 14:20:56,616 - INFO - === EQUITY STRATEGY CALLED for INFY ===
2026-03-24 14:20:56,618 - DEBUG - Starting strategy check for INFY
2026-03-24 14:20:56,619 - DEBUG - Checking 15min conditions for INFY
2026-03-24 14:20:56,634 - DEBUG - 15min conditions for INFY:
2026-03-24 14:20:56,635 - DEBUG -   Close: 1293.50, Mid-Donchian: 1274.00 -> Above Mid: True
2026-03-24 14:20:56,636 - DEBUG -   Close: 1293.50, VWAP: 1254.00 -> Above VWAP: True
2026-03-24 14:20:56,637 - DEBUG -   AO Value: 24.375588235294344, Above 20 SMA: True -> AO or SMA: 24.375588235294344
2026-03-24 14:20:56,637 - DEBUG - 15min conditions result for INFY: 24.375588235294344
2026-03-24 14:20:56,641 - INFO - 15min conditions PASSED for INFY
2026-03-24 14:20:56,643 - DEBUG - Checking 5min conditions for INFY
2026-03-24 14:20:56,652 - DEBUG - 5min conditions for INFY:
2026-03-24 14:20:56,653 - DEBUG -   Close: 1289.30, Mid-Donchian: 1291.85 -> Above Mid: False
2026-03-24 14:20:56,654 - DEBUG -   Close: 1289.30, VWAP: 1254.87 -> Above VWAP: True
2026-03-24 14:20:56,658 - DEBUG -   AO Value: 0.2755882352939807 -> AO Positive: 0.2755882352939807
2026-03-24 14:20:56,659 - DEBUG - 5min conditions result for INFY: False
2026-03-24 14:20:56,660 - DEBUG - 5min conditions failed for INFY
2026-03-24 14:20:56,660 - INFO - Running Nifty Options paper trading cycle...
2026-03-24 14:21:31,187 - INFO - Starting high-accuracy delta calculation...
2026-03-24 14:22:04,761 - INFO - High-accuracy delta calculated: Spot=22938.1, Strikes=[22400, 22450, 22500, 22550, 22600, 22650, 22700, 22750, 22800, 22850, 22900, 22950, 23000, 23050, 23100, 23150, 23200, 23250, 23300, 23350, 23400]
2026-03-24 14:22:15,301 - INFO - Successfully fetched 1400 rows of 1m data
2026-03-24 14:22:15,302 - INFO - Stored 1m market data successfully
2026-03-24 14:22:15,303 - INFO - Fetching 1m equity data (attempt 1/3)...
2026-03-24 14:22:21,084 - INFO - Successfully fetched 1092 rows of 1m equity data
2026-03-24 14:22:21,085 - INFO - Running Donchian AO trading strategy...
2026-03-24 14:22:21,236 - INFO - VIX is above mid-donchian. No positions will be taken.
2026-03-24 14:22:21,244 - INFO - NO TRADE: No suitable option pair found.
2026-03-24 14:22:21,245 - INFO - Running paper trading cycle...
2026-03-24 14:22:21,245 - INFO -  Managing existing positions
2026-03-24 14:22:21,245 - INFO - ----- Position management cycle started at 14:22:21 -----
2026-03-24 14:22:21,499 - INFO - [DEBUG] options_data type: <class 'list'>, length: 5
2026-03-24 14:22:21,752 - INFO - CURRENT NET P&L: 10.850000000000023 points
2026-03-24 14:22:21,753 - WARNING - Skipping position management - stale/no price data
2026-03-24 14:22:21,755 - INFO -  Position Status - P&L: Rs10.85, Adjustments: 0
2026-03-24 14:22:21,755 - INFO - Running SMA paper trading cycle...
2026-03-24 14:22:21,804 - INFO - Running Equity paper trading cycle...
2026-03-24 14:22:21,804 - INFO - === EQUITY STRATEGY CALLED for INFY ===
2026-03-24 14:22:21,805 - DEBUG - Starting strategy check for INFY
2026-03-24 14:22:21,810 - DEBUG - Checking 15min conditions for INFY
2026-03-24 14:22:21,820 - DEBUG - 15min conditions for INFY:
2026-03-24 14:22:21,821 - DEBUG -   Close: 1293.50, Mid-Donchian: 1274.00 -> Above Mid: True
2026-03-24 14:22:21,821 - DEBUG -   Close: 1293.50, VWAP: 1254.00 -> Above VWAP: True
2026-03-24 14:22:21,823 - DEBUG -   AO Value: 24.375588235294344, Above 20 SMA: True -> AO or SMA: 24.375588235294344
2026-03-24 14:22:21,828 - DEBUG - 15min conditions result for INFY: 24.375588235294344
2026-03-24 14:22:21,829 - INFO - 15min conditions PASSED for INFY
2026-03-24 14:22:21,830 - DEBUG - Checking 5min conditions for INFY
2026-03-24 14:22:21,835 - DEBUG - 5min conditions for INFY:
2026-03-24 14:22:21,835 - DEBUG -   Close: 1289.30, Mid-Donchian: 1291.85 -> Above Mid: False
2026-03-24 14:22:21,836 - DEBUG -   Close: 1289.30, VWAP: 1254.87 -> Above VWAP: True
2026-03-24 14:22:21,837 - DEBUG -   AO Value: 0.2755882352939807 -> AO Positive: 0.2755882352939807
2026-03-24 14:22:21,837 - DEBUG - 5min conditions result for INFY: False
2026-03-24 14:22:21,838 - DEBUG - 5min conditions failed for INFY
2026-03-24 14:22:21,839 - INFO - Running Nifty Options paper trading cycle...
2026-03-24 14:23:05,459 - INFO - Starting high-accuracy delta calculation...
2026-03-24 14:23:40,569 - INFO - High-accuracy delta calculated: Spot=22970.6, Strikes=[22400, 22450, 22500, 22550, 22600, 22650, 22700, 22750, 22800, 22850, 22900, 22950, 23000, 23050, 23100, 23150, 23200, 23250, 23300, 23350, 23400]
2026-03-24 14:23:50,954 - INFO - Successfully fetched 1401 rows of 1m data
2026-03-24 14:23:50,954 - INFO - Stored 1m market data successfully
2026-03-24 14:23:50,954 - INFO - Fetching 1m equity data (attempt 1/3)...
2026-03-24 14:23:56,171 - INFO - Successfully fetched 1092 rows of 1m equity data
2026-03-24 14:23:56,171 - INFO - Running Donchian AO trading strategy...
2026-03-24 14:23:56,283 - INFO - VIX is above mid-donchian. No positions will be taken.
2026-03-24 14:23:56,284 - INFO - NO TRADE: No suitable option pair found.
2026-03-24 14:23:56,285 - INFO - Running paper trading cycle...
2026-03-24 14:23:56,285 - INFO -  Managing existing positions
2026-03-24 14:23:56,285 - INFO - ----- Position management cycle started at 14:23:56 -----
2026-03-24 14:23:56,521 - INFO - [DEBUG] options_data type: <class 'list'>, length: 3
2026-03-24 14:23:56,801 - INFO - CURRENT NET P&L: 10.850000000000023 points
2026-03-24 14:23:56,801 - WARNING - Skipping position management - stale/no price data
2026-03-24 14:23:56,803 - INFO -  Position Status - P&L: Rs10.85, Adjustments: 0
2026-03-24 14:23:56,803 - INFO - Running SMA paper trading cycle...
2026-03-24 14:23:56,890 - INFO - Running Equity paper trading cycle...
2026-03-24 14:23:56,890 - INFO - === EQUITY STRATEGY CALLED for INFY ===
2026-03-24 14:23:56,895 - DEBUG - Starting strategy check for INFY
2026-03-24 14:23:56,896 - DEBUG - Checking 15min conditions for INFY
2026-03-24 14:23:56,908 - DEBUG - 15min conditions for INFY:
2026-03-24 14:23:56,914 - DEBUG -   Close: 1293.50, Mid-Donchian: 1274.00 -> Above Mid: True
2026-03-24 14:23:56,914 - DEBUG -   Close: 1293.50, VWAP: 1254.00 -> Above VWAP: True
2026-03-24 14:23:56,917 - DEBUG -   AO Value: 24.375588235294344, Above 20 SMA: True -> AO or SMA: 24.375588235294344
2026-03-24 14:23:56,917 - DEBUG - 15min conditions result for INFY: 24.375588235294344
2026-03-24 14:23:56,918 - INFO - 15min conditions PASSED for INFY
2026-03-24 14:23:56,919 - DEBUG - Checking 5min conditions for INFY
2026-03-24 14:23:56,931 - DEBUG - 5min conditions for INFY:
2026-03-24 14:23:56,931 - DEBUG -   Close: 1289.30, Mid-Donchian: 1291.85 -> Above Mid: False
2026-03-24 14:23:56,932 - DEBUG -   Close: 1289.30, VWAP: 1254.87 -> Above VWAP: True
2026-03-24 14:23:56,933 - DEBUG -   AO Value: 0.2755882352939807 -> AO Positive: 0.2755882352939807
2026-03-24 14:23:56,934 - DEBUG - 5min conditions result for INFY: False
2026-03-24 14:23:56,934 - DEBUG - 5min conditions failed for INFY
2026-03-24 14:23:56,935 - INFO - Running Nifty Options paper trading cycle...
2026-03-24 14:23:58,713 - INFO - Successfully fetched 138 rows of 15m data
2026-03-24 14:23:58,713 - INFO - Stored 15m market data successfully
2026-03-24 14:23:58,714 - INFO - Fetching 15m equity data (attempt 1/3)...
2026-03-24 14:23:59,437 - INFO - Successfully fetched 42 rows of 15m equity data
2026-03-24 14:24:40,848 - INFO - Starting high-accuracy delta calculation...
2026-03-24 14:25:14,768 - INFO - High-accuracy delta calculated: Spot=22960.8, Strikes=[22400, 22450, 22500, 22550, 22600, 22650, 22700, 22750, 22800, 22850, 22900, 22950, 23000, 23050, 23100, 23150, 23200, 23250, 23300, 23350, 23400]
2026-03-24 14:25:25,358 - INFO - Successfully fetched 1403 rows of 1m data
2026-03-24 14:25:25,358 - INFO - Stored 1m market data successfully
2026-03-24 14:25:25,359 - INFO - Starting separate VIX calculation...
2026-03-24 14:26:32,416 - INFO - VIX calculated separately: 48.88
2026-03-24 14:26:32,416 - INFO - Fetching 1m equity data (attempt 1/3)...
2026-03-24 14:26:37,656 - INFO - Successfully fetched 1092 rows of 1m equity data
2026-03-24 14:26:37,665 - INFO - Running Donchian AO trading strategy...
2026-03-24 14:26:37,848 - INFO - Using delta limit : 40 for today..
2026-03-24 14:27:13,314 - INFO - 2:2 Ratio detected: Selling CE first then PE
2026-03-24 14:27:13,316 - WARNING - Invalid trade result: None
2026-03-24 14:27:13,318 - INFO - NO TRADE: No suitable option pair found.
2026-03-24 14:27:13,318 - INFO - Running paper trading cycle...
2026-03-24 14:27:13,318 - INFO -  Managing existing positions
2026-03-24 14:27:13,318 - INFO - ----- Position management cycle started at 14:27:13 -----
2026-03-24 14:27:13,477 - INFO - [DEBUG] options_data type: <class 'list'>, length: 3
2026-03-24 14:27:13,654 - INFO - CURRENT NET P&L: 10.850000000000023 points
2026-03-24 14:27:13,655 - WARNING - Skipping position management - stale/no price data
2026-03-24 14:27:13,655 - INFO -  Position Status - P&L: Rs10.85, Adjustments: 0
2026-03-24 14:27:13,656 - INFO - Running SMA paper trading cycle...
2026-03-24 14:27:13,700 - INFO - Running Equity paper trading cycle...
2026-03-24 14:27:13,703 - INFO - === EQUITY STRATEGY CALLED for INFY ===
2026-03-24 14:27:13,703 - DEBUG - Starting strategy check for INFY
2026-03-24 14:27:13,703 - DEBUG - Checking 15min conditions for INFY
2026-03-24 14:27:13,718 - DEBUG - 15min conditions for INFY:
2026-03-24 14:27:13,718 - DEBUG -   Close: 1288.20, Mid-Donchian: 1276.40 -> Above Mid: True
2026-03-24 14:27:13,719 - DEBUG -   Close: 1288.20, VWAP: 1254.48 -> Above VWAP: True
2026-03-24 14:27:13,720 - DEBUG -   AO Value: 23.168529411764666, Above 20 SMA: True -> AO or SMA: 23.168529411764666
2026-03-24 14:27:13,720 - DEBUG - 15min conditions result for INFY: 23.168529411764666
2026-03-24 14:27:13,721 - INFO - 15min conditions PASSED for INFY
2026-03-24 14:27:13,722 - DEBUG - Checking 5min conditions for INFY
2026-03-24 14:27:13,726 - DEBUG - 5min conditions for INFY:
2026-03-24 14:27:13,726 - DEBUG -   Close: 1289.30, Mid-Donchian: 1291.85 -> Above Mid: False
2026-03-24 14:27:13,727 - DEBUG -   Close: 1289.30, VWAP: 1254.87 -> Above VWAP: True
2026-03-24 14:27:13,732 - DEBUG -   AO Value: 0.2755882352939807 -> AO Positive: 0.2755882352939807
2026-03-24 14:27:13,733 - DEBUG - 5min conditions result for INFY: False
2026-03-24 14:27:13,733 - DEBUG - 5min conditions failed for INFY
2026-03-24 14:27:13,734 - INFO - Running Nifty Options paper trading cycle...
2026-03-24 14:27:18,083 - INFO - Successfully fetched 405 rows of 5m data
2026-03-24 14:27:18,083 - INFO - Stored 5m market data successfully
2026-03-24 14:27:18,084 - INFO - Fetching 5m equity data (attempt 1/3)...
2026-03-24 14:27:19,389 - INFO - Successfully fetched 193 rows of 5m equity data
2026-03-24 14:27:19,389 - INFO - Starting high-accuracy delta calculation...
2026-03-24 14:27:20,182 - INFO - High-accuracy delta calculated: Spot=22948.9, Strikes=[22400, 22450, 22500, 22550, 22600, 22650, 22700, 22750, 22800, 22850, 22900, 22950, 23000, 23050, 23100, 23150, 23200, 23250, 23300, 23350, 23400]
2026-03-24 14:27:29,524 - INFO - Successfully fetched 1405 rows of 1m data
2026-03-24 14:27:29,524 - INFO - Stored 1m market data successfully
2026-03-24 14:27:38,597 - INFO - Fetching 1m equity data (attempt 1/3)...
2026-03-24 14:27:44,074 - INFO - Successfully fetched 1092 rows of 1m equity data
2026-03-24 14:28:13,361 - INFO - Running Donchian AO trading strategy...
2026-03-24 14:28:13,589 - INFO - Using delta limit : 40 for today..
2026-03-24 14:28:47,894 - INFO - 2:2 Ratio detected: Selling CE first then PE
2026-03-24 14:28:47,895 - WARNING - Invalid trade result: None
2026-03-24 14:28:47,899 - INFO - NO TRADE: No suitable option pair found.
2026-03-24 14:28:48,912 - INFO - Running paper trading cycle...
2026-03-24 14:28:48,912 - INFO -  Managing existing positions
2026-03-24 14:28:48,912 - INFO - ----- Position management cycle started at 14:28:48 -----
2026-03-24 14:28:49,132 - INFO - [DEBUG] options_data type: <class 'list'>, length: 3
2026-03-24 14:28:49,326 - INFO - CURRENT NET P&L: 10.850000000000023 points
2026-03-24 14:28:49,326 - WARNING - Skipping position management - stale/no price data
2026-03-24 14:28:49,327 - INFO -  Position Status - P&L: Rs10.85, Adjustments: 0
2026-03-24 14:28:49,327 - INFO - Running SMA paper trading cycle...
2026-03-24 14:28:49,379 - INFO - Running Equity paper trading cycle...
2026-03-24 14:28:49,381 - INFO - === EQUITY STRATEGY CALLED for INFY ===
2026-03-24 14:28:49,382 - DEBUG - Starting strategy check for INFY
2026-03-24 14:28:49,383 - DEBUG - Checking 15min conditions for INFY
2026-03-24 14:28:49,395 - DEBUG - 15min conditions for INFY:
2026-03-24 14:28:49,396 - DEBUG -   Close: 1288.20, Mid-Donchian: 1276.40 -> Above Mid: True
2026-03-24 14:28:49,400 - DEBUG -   Close: 1288.20, VWAP: 1254.48 -> Above VWAP: True
2026-03-24 14:28:49,402 - DEBUG -   AO Value: 23.168529411764666, Above 20 SMA: True -> AO or SMA: 23.168529411764666
2026-03-24 14:28:49,403 - DEBUG - 15min conditions result for INFY: 23.168529411764666
2026-03-24 14:28:49,404 - INFO - 15min conditions PASSED for INFY
2026-03-24 14:28:49,405 - DEBUG - Checking 5min conditions for INFY
2026-03-24 14:28:49,414 - DEBUG - 5min conditions for INFY:
2026-03-24 14:28:49,415 - DEBUG -   Close: 1286.80, Mid-Donchian: 1291.55 -> Above Mid: False
2026-03-24 14:28:49,416 - DEBUG -   Close: 1286.80, VWAP: 1255.06 -> Above VWAP: True
2026-03-24 14:28:49,416 - DEBUG -   AO Value: -1.167647058823377 -> AO Positive: -1.167647058823377
2026-03-24 14:28:49,418 - DEBUG - 5min conditions result for INFY: False
2026-03-24 14:28:49,418 - DEBUG - 5min conditions failed for INFY
2026-03-24 14:28:49,419 - INFO - Running Nifty Options paper trading cycle...
2026-03-24 14:28:49,496 - INFO - Starting high-accuracy delta calculation...
2026-03-24 14:28:50,305 - INFO - High-accuracy delta calculated: Spot=22953.55, Strikes=[22400, 22450, 22500, 22550, 22600, 22650, 22700, 22750, 22800, 22850, 22900, 22950, 23000, 23050, 23100, 23150, 23200, 23250, 23300, 23350, 23400]
2026-03-24 14:28:59,526 - INFO - Successfully fetched 1406 rows of 1m data
2026-03-24 14:28:59,526 - INFO - Stored 1m market data successfully
2026-03-24 14:28:59,526 - INFO - Fetching 1m equity data (attempt 1/3)...
2026-03-24 14:29:04,795 - INFO - Successfully fetched 1092 rows of 1m equity data
2026-03-24 14:29:48,362 - INFO - Running Donchian AO trading strategy...
2026-03-24 14:29:48,494 - INFO - Using delta limit : 40 for today..
2026-03-24 14:30:22,737 - INFO - 2:2 Ratio detected: Selling CE first then PE
2026-03-24 14:30:22,738 - WARNING - Invalid trade result: None
2026-03-24 14:30:22,739 - INFO - NO TRADE: No suitable option pair found.
2026-03-24 14:30:23,748 - INFO - Running paper trading cycle...
2026-03-24 14:30:23,751 - INFO -  Managing existing positions
2026-03-24 14:30:23,752 - INFO - ----- Position management cycle started at 14:30:23 -----
2026-03-24 14:30:23,993 - INFO - [DEBUG] options_data type: <class 'list'>, length: 3
2026-03-24 14:30:24,245 - INFO - CURRENT NET P&L: 10.850000000000023 points
2026-03-24 14:30:24,245 - WARNING - Skipping position management - stale/no price data
2026-03-24 14:30:24,246 - INFO -  Position Status - P&L: Rs10.85, Adjustments: 0
2026-03-24 14:30:24,246 - INFO - Running SMA paper trading cycle...
2026-03-24 14:30:24,300 - INFO - Running Equity paper trading cycle...
2026-03-24 14:30:24,301 - INFO - === EQUITY STRATEGY CALLED for INFY ===
2026-03-24 14:30:24,325 - DEBUG - Starting strategy check for INFY
2026-03-24 14:30:24,327 - DEBUG - Checking 15min conditions for INFY
2026-03-24 14:30:24,341 - DEBUG - 15min conditions for INFY:
2026-03-24 14:30:24,342 - DEBUG -   Close: 1288.20, Mid-Donchian: 1276.40 -> Above Mid: True
2026-03-24 14:30:24,343 - DEBUG -   Close: 1288.20, VWAP: 1254.48 -> Above VWAP: True
2026-03-24 14:30:24,344 - DEBUG -   AO Value: 23.168529411764666, Above 20 SMA: True -> AO or SMA: 23.168529411764666
2026-03-24 14:30:24,344 - DEBUG - 15min conditions result for INFY: 23.168529411764666
2026-03-24 14:30:24,346 - INFO - 15min conditions PASSED for INFY
2026-03-24 14:30:24,348 - DEBUG - Checking 5min conditions for INFY
2026-03-24 14:30:24,357 - DEBUG - 5min conditions for INFY:
2026-03-24 14:30:24,357 - DEBUG -   Close: 1286.80, Mid-Donchian: 1291.55 -> Above Mid: False
2026-03-24 14:30:24,358 - DEBUG -   Close: 1286.80, VWAP: 1255.06 -> Above VWAP: True
2026-03-24 14:30:24,359 - DEBUG -   AO Value: -1.167647058823377 -> AO Positive: -1.167647058823377
2026-03-24 14:30:24,359 - DEBUG - 5min conditions result for INFY: False
2026-03-24 14:30:24,360 - DEBUG - 5min conditions failed for INFY
2026-03-24 14:30:24,361 - INFO - Running Nifty Options paper trading cycle...
2026-03-24 14:30:24,423 - INFO - Starting high-accuracy delta calculation...
2026-03-24 14:30:25,284 - INFO - High-accuracy delta calculated: Spot=22928.7, Strikes=[22400, 22450, 22500, 22550, 22600, 22650, 22700, 22750, 22800, 22850, 22900, 22950, 23000, 23050, 23100, 23150, 23200, 23250, 23300, 23350, 23400]
2026-03-24 14:30:34,805 - INFO - Successfully fetched 1408 rows of 1m data
2026-03-24 14:30:34,805 - INFO - Stored 1m market data successfully
2026-03-24 14:30:34,806 - INFO - Fetching 1m equity data (attempt 1/3)...
2026-03-24 14:30:39,509 - INFO - Successfully fetched 1092 rows of 1m equity data
2026-03-24 14:31:23,053 - INFO - Running Donchian AO trading strategy...
2026-03-24 14:31:23,212 - INFO - Using delta limit : 40 for today..
2026-03-24 14:31:57,593 - INFO - 2:2 Ratio detected: Selling CE first then PE
2026-03-24 14:31:57,595 - WARNING - Invalid trade result: None
2026-03-24 14:31:57,597 - INFO - NO TRADE: No suitable option pair found.
2026-03-24 14:31:58,603 - INFO - Running paper trading cycle...
2026-03-24 14:31:58,604 - INFO -  Managing existing positions
2026-03-24 14:31:58,604 - INFO - ----- Position management cycle started at 14:31:58 -----
2026-03-24 14:31:58,821 - INFO - [DEBUG] options_data type: <class 'list'>, length: 3
2026-03-24 14:31:59,126 - INFO - CURRENT NET P&L: 10.850000000000023 points
2026-03-24 14:31:59,127 - WARNING - Skipping position management - stale/no price data
2026-03-24 14:31:59,127 - INFO -  Position Status - P&L: Rs10.85, Adjustments: 0
2026-03-24 14:31:59,128 - INFO - Running SMA paper trading cycle...
2026-03-24 14:31:59,196 - INFO - Running Equity paper trading cycle...
2026-03-24 14:31:59,196 - INFO - === EQUITY STRATEGY CALLED for INFY ===
2026-03-24 14:31:59,198 - DEBUG - Starting strategy check for INFY
2026-03-24 14:31:59,198 - DEBUG - Checking 15min conditions for INFY
2026-03-24 14:31:59,212 - DEBUG - 15min conditions for INFY:
2026-03-24 14:31:59,214 - DEBUG -   Close: 1288.20, Mid-Donchian: 1276.40 -> Above Mid: True
2026-03-24 14:31:59,215 - DEBUG -   Close: 1288.20, VWAP: 1254.48 -> Above VWAP: True
2026-03-24 14:31:59,216 - DEBUG -   AO Value: 23.168529411764666, Above 20 SMA: True -> AO or SMA: 23.168529411764666
2026-03-24 14:31:59,216 - DEBUG - 15min conditions result for INFY: 23.168529411764666
2026-03-24 14:31:59,221 - INFO - 15min conditions PASSED for INFY
2026-03-24 14:31:59,223 - DEBUG - Checking 5min conditions for INFY
2026-03-24 14:31:59,231 - DEBUG - 5min conditions for INFY:
2026-03-24 14:31:59,232 - DEBUG -   Close: 1286.80, Mid-Donchian: 1291.55 -> Above Mid: False
2026-03-24 14:31:59,238 - DEBUG -   Close: 1286.80, VWAP: 1255.06 -> Above VWAP: True
2026-03-24 14:31:59,239 - DEBUG -   AO Value: -1.167647058823377 -> AO Positive: -1.167647058823377
2026-03-24 14:31:59,242 - DEBUG - 5min conditions result for INFY: False
2026-03-24 14:31:59,242 - DEBUG - 5min conditions failed for INFY
2026-03-24 14:31:59,244 - INFO - Running Nifty Options paper trading cycle...
2026-03-24 14:31:59,320 - INFO - Starting high-accuracy delta calculation...
2026-03-24 14:32:00,059 - INFO - High-accuracy delta calculated: Spot=22940.6, Strikes=[22400, 22450, 22500, 22550, 22600, 22650, 22700, 22750, 22800, 22850, 22900, 22950, 23000, 23050, 23100, 23150, 23200, 23250, 23300, 23350, 23400]
2026-03-24 14:32:00,060 - INFO - Starting separate VIX calculation...
2026-03-24 14:33:06,745 - INFO - VIX calculated separately: 49.67
2026-03-24 14:33:16,161 - INFO - Successfully fetched 1411 rows of 1m data
2026-03-24 14:33:16,161 - INFO - Stored 1m market data successfully
2026-03-24 14:33:16,162 - INFO - Fetching 1m equity data (attempt 1/3)...
2026-03-24 14:33:21,224 - INFO - Successfully fetched 1092 rows of 1m equity data
2026-03-24 14:33:25,464 - INFO - Successfully fetched 406 rows of 5m data
2026-03-24 14:33:25,465 - INFO - Stored 5m market data successfully
2026-03-24 14:33:25,465 - INFO - Fetching 5m equity data (attempt 1/3)...
2026-03-24 14:33:27,017 - INFO - Successfully fetched 193 rows of 5m equity data
2026-03-24 14:33:27,021 - INFO - Running Donchian AO trading strategy...
2026-03-24 14:33:27,148 - INFO - Using delta limit : 40 for today..
2026-03-24 14:34:01,723 - INFO - 2:2 Ratio detected: Selling CE first then PE
2026-03-24 14:34:01,724 - WARNING - Invalid trade result: None
2026-03-24 14:34:01,726 - INFO - NO TRADE: No suitable option pair found.
2026-03-24 14:34:01,727 - INFO - Running paper trading cycle...
2026-03-24 14:34:01,727 - INFO -  Managing existing positions
2026-03-24 14:34:01,727 - INFO - ----- Position management cycle started at 14:34:01 -----
2026-03-24 14:34:01,901 - INFO - [DEBUG] options_data type: <class 'list'>, length: 3
2026-03-24 14:34:02,097 - INFO - CURRENT NET P&L: 10.850000000000023 points
2026-03-24 14:34:02,098 - WARNING - Skipping position management - stale/no price data
2026-03-24 14:34:02,098 - INFO -  Position Status - P&L: Rs10.85, Adjustments: 0
2026-03-24 14:34:02,099 - INFO - Running SMA paper trading cycle...
2026-03-24 14:34:02,147 - INFO - Running Equity paper trading cycle...
2026-03-24 14:34:02,147 - INFO - === EQUITY STRATEGY CALLED for INFY ===
2026-03-24 14:34:02,149 - DEBUG - Starting strategy check for INFY
2026-03-24 14:34:02,149 - DEBUG - Checking 15min conditions for INFY
2026-03-24 14:34:02,161 - DEBUG - 15min conditions for INFY:
2026-03-24 14:34:02,161 - DEBUG -   Close: 1288.20, Mid-Donchian: 1276.40 -> Above Mid: True
2026-03-24 14:34:02,162 - DEBUG -   Close: 1288.20, VWAP: 1254.48 -> Above VWAP: True
2026-03-24 14:34:02,162 - DEBUG -   AO Value: 23.168529411764666, Above 20 SMA: True -> AO or SMA: 23.168529411764666
2026-03-24 14:34:02,164 - DEBUG - 15min conditions result for INFY: 23.168529411764666
2026-03-24 14:34:02,165 - INFO - 15min conditions PASSED for INFY
2026-03-24 14:34:02,167 - DEBUG - Checking 5min conditions for INFY
2026-03-24 14:34:02,177 - DEBUG - 5min conditions for INFY:
2026-03-24 14:34:02,177 - DEBUG -   Close: 1286.00, Mid-Donchian: 1291.00 -> Above Mid: False
2026-03-24 14:34:02,178 - DEBUG -   Close: 1286.00, VWAP: 1255.22 -> Above VWAP: True
2026-03-24 14:34:02,178 - DEBUG -   AO Value: -2.4482352941174668 -> AO Positive: -2.4482352941174668
2026-03-24 14:34:02,179 - DEBUG - 5min conditions result for INFY: False
2026-03-24 14:34:02,179 - DEBUG - 5min conditions failed for INFY
2026-03-24 14:34:02,180 - INFO - Running Nifty Options paper trading cycle...
2026-03-24 14:34:02,235 - INFO - Starting high-accuracy delta calculation...
2026-03-24 14:34:02,858 - INFO - High-accuracy delta calculated: Spot=22948.15, Strikes=[22400, 22450, 22500, 22550, 22600, 22650, 22700, 22750, 22800, 22850, 22900, 22950, 23000, 23050, 23100, 23150, 23200, 23250, 23300, 23350, 23400]
2026-03-24 14:34:25,268 - INFO - Successfully fetched 1412 rows of 1m data
2026-03-24 14:34:25,268 - INFO - Stored 1m market data successfully
2026-03-24 14:34:26,279 - INFO - Fetching 1m equity data (attempt 1/3)...
2026-03-24 14:34:31,569 - INFO - Successfully fetched 1092 rows of 1m equity data
2026-03-24 14:35:01,872 - INFO - Running Donchian AO trading strategy...
2026-03-24 14:35:01,960 - INFO - Using delta limit : 40 for today..
2026-03-24 14:35:36,498 - INFO - 2:2 Ratio detected: Selling CE first then PE
2026-03-24 14:35:36,498 - WARNING - Invalid trade result: None
2026-03-24 14:35:36,500 - INFO - NO TRADE: No suitable option pair found.
2026-03-24 14:35:37,501 - INFO - Running paper trading cycle...
2026-03-24 14:35:37,501 - INFO -  Managing existing positions
2026-03-24 14:35:37,502 - INFO - ----- Position management cycle started at 14:35:37 -----
2026-03-24 14:35:37,692 - INFO - [DEBUG] options_data type: <class 'list'>, length: 5
2026-03-24 14:35:37,927 - INFO - CURRENT NET P&L: 10.850000000000023 points
2026-03-24 14:35:37,929 - WARNING - Skipping position management - stale/no price data
2026-03-24 14:35:37,930 - INFO -  Position Status - P&L: Rs10.85, Adjustments: 0
2026-03-24 14:35:37,930 - INFO - Running SMA paper trading cycle...
2026-03-24 14:35:37,986 - INFO - Running Equity paper trading cycle...
2026-03-24 14:35:37,986 - INFO - === EQUITY STRATEGY CALLED for INFY ===
2026-03-24 14:35:37,991 - DEBUG - Starting strategy check for INFY
2026-03-24 14:35:37,993 - DEBUG - Checking 15min conditions for INFY
2026-03-24 14:35:38,000 - DEBUG - 15min conditions for INFY:
2026-03-24 14:35:38,001 - DEBUG -   Close: 1288.20, Mid-Donchian: 1276.40 -> Above Mid: True
2026-03-24 14:35:38,001 - DEBUG -   Close: 1288.20, VWAP: 1254.48 -> Above VWAP: True
2026-03-24 14:35:38,006 - DEBUG -   AO Value: 23.168529411764666, Above 20 SMA: True -> AO or SMA: 23.168529411764666
2026-03-24 14:35:38,007 - DEBUG - 15min conditions result for INFY: 23.168529411764666
2026-03-24 14:35:38,007 - INFO - 15min conditions PASSED for INFY
2026-03-24 14:35:38,008 - DEBUG - Checking 5min conditions for INFY
2026-03-24 14:35:38,017 - DEBUG - 5min conditions for INFY:
2026-03-24 14:35:38,017 - DEBUG -   Close: 1286.00, Mid-Donchian: 1291.00 -> Above Mid: False
2026-03-24 14:35:38,018 - DEBUG -   Close: 1286.00, VWAP: 1255.22 -> Above VWAP: True
2026-03-24 14:35:38,018 - DEBUG -   AO Value: -2.4482352941174668 -> AO Positive: -2.4482352941174668
2026-03-24 14:35:38,020 - DEBUG - 5min conditions result for INFY: False
2026-03-24 14:35:38,020 - DEBUG - 5min conditions failed for INFY
2026-03-24 14:35:38,023 - INFO - Running Nifty Options paper trading cycle...
2026-03-24 14:35:38,086 - INFO - Starting high-accuracy delta calculation...
2026-03-24 14:35:38,986 - INFO - High-accuracy delta calculated: Spot=22948.75, Strikes=[22400, 22450, 22500, 22550, 22600, 22650, 22700, 22750, 22800, 22850, 22900, 22950, 23000, 23050, 23100, 23150, 23200, 23250, 23300, 23350, 23400]
2026-03-24 14:35:48,677 - INFO - Successfully fetched 1413 rows of 1m data
2026-03-24 14:35:48,677 - INFO - Stored 1m market data successfully
2026-03-24 14:35:48,678 - INFO - Fetching 1m equity data (attempt 1/3)...
2026-03-24 14:35:59,386 - INFO - Successfully fetched 1092 rows of 1m equity data
2026-03-24 14:36:36,716 - INFO - Running Donchian AO trading strategy...
2026-03-24 14:36:36,992 - INFO - Using delta limit : 40 for today..
2026-03-24 14:37:29,034 - INFO - 2:2 Ratio detected: Selling CE first then PE
2026-03-24 14:37:29,037 - WARNING - Invalid trade result: None
2026-03-24 14:37:29,045 - INFO - NO TRADE: No suitable option pair found.
2026-03-24 14:37:30,055 - INFO - Running paper trading cycle...
2026-03-24 14:37:30,059 - INFO -  Managing existing positions
2026-03-24 14:37:30,060 - INFO - ----- Position management cycle started at 14:37:30 -----
2026-03-24 14:37:30,781 - INFO - [DEBUG] options_data type: <class 'list'>, length: 9
2026-03-24 14:37:31,449 - INFO - CURRENT NET P&L: 10.850000000000023 points
2026-03-24 14:37:31,451 - WARNING - Skipping position management - stale/no price data
2026-03-24 14:37:31,454 - INFO -  Position Status - P&L: Rs10.85, Adjustments: 0
2026-03-24 14:37:31,454 - INFO - Running SMA paper trading cycle...
2026-03-24 14:37:31,597 - INFO - Running Equity paper trading cycle...
2026-03-24 14:37:31,599 - INFO - === EQUITY STRATEGY CALLED for INFY ===
2026-03-24 14:37:31,601 - DEBUG - Starting strategy check for INFY
2026-03-24 14:37:31,603 - DEBUG - Checking 15min conditions for INFY
2026-03-24 14:37:31,641 - DEBUG - 15min conditions for INFY:
2026-03-24 14:37:31,641 - DEBUG -   Close: 1288.20, Mid-Donchian: 1276.40 -> Above Mid: True
2026-03-24 14:37:31,641 - DEBUG -   Close: 1288.20, VWAP: 1254.48 -> Above VWAP: True
2026-03-24 14:37:31,648 - DEBUG -   AO Value: 23.168529411764666, Above 20 SMA: True -> AO or SMA: 23.168529411764666
2026-03-24 14:37:31,648 - DEBUG - 15min conditions result for INFY: 23.168529411764666
2026-03-24 14:37:31,648 - INFO - 15min conditions PASSED for INFY
2026-03-24 14:37:31,656 - DEBUG - Checking 5min conditions for INFY
2026-03-24 14:37:31,678 - DEBUG - 5min conditions for INFY:
2026-03-24 14:37:31,678 - DEBUG -   Close: 1286.00, Mid-Donchian: 1291.00 -> Above Mid: False
2026-03-24 14:37:31,682 - DEBUG -   Close: 1286.00, VWAP: 1255.22 -> Above VWAP: True
2026-03-24 14:37:31,682 - DEBUG -   AO Value: -2.4482352941174668 -> AO Positive: -2.4482352941174668
2026-03-24 14:37:31,687 - DEBUG - 5min conditions result for INFY: False
2026-03-24 14:37:31,694 - DEBUG - 5min conditions failed for INFY
2026-03-24 14:37:31,696 - INFO - Running Nifty Options paper trading cycle...
2026-03-24 14:37:31,886 - INFO - Starting high-accuracy delta calculation...
2026-03-24 14:37:33,726 - INFO - High-accuracy delta calculated: Spot=22926.85, Strikes=[22400, 22450, 22500, 22550, 22600, 22650, 22700, 22750, 22800, 22850, 22900, 22950, 23000, 23050, 23100, 23150, 23200, 23250, 23300, 23350, 23400]
2026-03-24 14:38:01,244 - INFO - Successfully fetched 1415 rows of 1m data
2026-03-24 14:38:01,244 - INFO - Stored 1m market data successfully
2026-03-24 14:38:01,244 - INFO - Fetching 1m equity data (attempt 1/3)...
2026-03-24 14:38:16,630 - INFO - Successfully fetched 1091 rows of 1m equity data
2026-03-24 14:38:17,645 - INFO - Starting separate VIX calculation...
2026-03-24 14:39:55,787 - INFO - VIX calculated separately: 50.12
2026-03-24 14:40:05,643 - INFO - Successfully fetched 407 rows of 5m data
2026-03-24 14:40:05,647 - INFO - Stored 5m market data successfully
2026-03-24 14:40:05,650 - INFO - Fetching 5m equity data (attempt 1/3)...
2026-03-24 14:40:09,041 - INFO - Successfully fetched 193 rows of 5m equity data
2026-03-24 14:40:09,044 - INFO - Running Donchian AO trading strategy...
2026-03-24 14:40:09,418 - INFO - VIX is above mid-donchian. No positions will be taken.
2026-03-24 14:40:09,434 - INFO - NO TRADE: No suitable option pair found.
2026-03-24 14:40:09,434 - INFO - Running paper trading cycle...
2026-03-24 14:40:09,437 - INFO -  Managing existing positions
2026-03-24 14:40:09,439 - INFO - ----- Position management cycle started at 14:40:09 -----
2026-03-24 14:40:10,067 - INFO - [DEBUG] options_data type: <class 'list'>, length: 9
2026-03-24 14:40:10,684 - INFO - CURRENT NET P&L: 10.850000000000023 points
2026-03-24 14:40:10,684 - WARNING - Skipping position management - stale/no price data
2026-03-24 14:40:10,684 - INFO -  Position Status - P&L: Rs10.85, Adjustments: 0
2026-03-24 14:40:10,689 - INFO - Running SMA paper trading cycle...
2026-03-24 14:40:10,864 - INFO - Running Equity paper trading cycle...
2026-03-24 14:40:10,864 - INFO - === EQUITY STRATEGY CALLED for INFY ===
2026-03-24 14:40:10,867 - DEBUG - Starting strategy check for INFY
2026-03-24 14:40:10,873 - DEBUG - Checking 15min conditions for INFY
2026-03-24 14:40:10,912 - DEBUG - 15min conditions for INFY:
2026-03-24 14:40:10,915 - DEBUG -   Close: 1288.20, Mid-Donchian: 1276.40 -> Above Mid: True
2026-03-24 14:40:10,918 - DEBUG -   Close: 1288.20, VWAP: 1254.48 -> Above VWAP: True
2026-03-24 14:40:10,920 - DEBUG -   AO Value: 23.168529411764666, Above 20 SMA: True -> AO or SMA: 23.168529411764666
2026-03-24 14:40:10,924 - DEBUG - 15min conditions result for INFY: 23.168529411764666
2026-03-24 14:40:10,929 - INFO - 15min conditions PASSED for INFY
2026-03-24 14:40:10,929 - DEBUG - Checking 5min conditions for INFY
2026-03-24 14:40:10,951 - DEBUG - 5min conditions for INFY:
2026-03-24 14:40:10,951 - DEBUG -   Close: 1286.90, Mid-Donchian: 1291.00 -> Above Mid: False
2026-03-24 14:40:10,951 - DEBUG -   Close: 1286.90, VWAP: 1255.52 -> Above VWAP: True
2026-03-24 14:40:10,960 - DEBUG -   AO Value: -4.325882352941335 -> AO Positive: -4.325882352941335
2026-03-24 14:40:10,962 - DEBUG - 5min conditions result for INFY: False
2026-03-24 14:40:10,965 - DEBUG - 5min conditions failed for INFY
2026-03-24 14:40:10,965 - INFO - Running Nifty Options paper trading cycle...
2026-03-24 14:40:11,137 - INFO - Starting high-accuracy delta calculation...
2026-03-24 14:41:05,730 - INFO - High-accuracy delta calculated: Spot=22899.8, Strikes=[22400, 22450, 22500, 22550, 22600, 22650, 22700, 22750, 22800, 22850, 22900, 22950, 23000, 23050, 23100, 23150, 23200, 23250, 23300, 23350, 23400]
2026-03-24 14:41:09,836 - INFO - Successfully fetched 139 rows of 15m data
2026-03-24 14:41:09,836 - INFO - Stored 15m market data successfully
2026-03-24 14:41:09,836 - INFO - Fetching 15m equity data (attempt 1/3)...
2026-03-24 14:41:11,916 - INFO - Successfully fetched 42 rows of 15m equity data
2026-03-24 14:41:38,616 - INFO - Successfully fetched 1419 rows of 1m data
2026-03-24 14:41:38,618 - INFO - Stored 1m market data successfully
2026-03-24 14:41:38,618 - INFO - Fetching 1m equity data (attempt 1/3)...
2026-03-24 14:41:53,203 - INFO - Successfully fetched 1092 rows of 1m equity data
2026-03-24 14:41:54,213 - INFO - Running Donchian AO trading strategy...
2026-03-24 14:41:54,470 - INFO - VIX is above mid-donchian. No positions will be taken.
2026-03-24 14:41:54,481 - INFO - NO TRADE: No suitable option pair found.
2026-03-24 14:41:54,487 - INFO - Running paper trading cycle...
2026-03-24 14:41:54,487 - INFO -  Managing existing positions
2026-03-24 14:41:54,487 - INFO - ----- Position management cycle started at 14:41:54 -----
2026-03-24 14:41:55,233 - INFO - [DEBUG] options_data type: <class 'list'>, length: 3
2026-03-24 14:41:55,868 - INFO - CURRENT NET P&L: 10.850000000000023 points
2026-03-24 14:41:55,870 - WARNING - Skipping position management - stale/no price data
2026-03-24 14:41:55,873 - INFO -  Position Status - P&L: Rs10.85, Adjustments: 0
2026-03-24 14:41:55,875 - INFO - Running SMA paper trading cycle...
2026-03-24 14:41:56,073 - INFO - Running Equity paper trading cycle...
2026-03-24 14:41:56,073 - INFO - === EQUITY STRATEGY CALLED for INFY ===
2026-03-24 14:41:56,091 - DEBUG - Starting strategy check for INFY
2026-03-24 14:41:56,101 - DEBUG - Checking 15min conditions for INFY
2026-03-24 14:41:56,141 - DEBUG - 15min conditions for INFY:
2026-03-24 14:41:56,143 - DEBUG -   Close: 1285.40, Mid-Donchian: 1276.40 -> Above Mid: True
2026-03-24 14:41:56,149 - DEBUG -   Close: 1285.40, VWAP: 1255.05 -> Above VWAP: True
2026-03-24 14:41:56,153 - DEBUG -   AO Value: 20.919705882353128, Above 20 SMA: True -> AO or SMA: 20.919705882353128
2026-03-24 14:41:56,156 - DEBUG - 15min conditions result for INFY: 20.919705882353128
2026-03-24 14:41:56,157 - INFO - 15min conditions PASSED for INFY
2026-03-24 14:41:56,159 - DEBUG - Checking 5min conditions for INFY
2026-03-24 14:41:56,189 - DEBUG - 5min conditions for INFY:
2026-03-24 14:41:56,199 - DEBUG -   Close: 1286.90, Mid-Donchian: 1291.00 -> Above Mid: False
2026-03-24 14:41:56,204 - DEBUG -   Close: 1286.90, VWAP: 1255.52 -> Above VWAP: True
2026-03-24 14:41:56,206 - DEBUG -   AO Value: -4.325882352941335 -> AO Positive: -4.325882352941335
2026-03-24 14:41:56,208 - DEBUG - 5min conditions result for INFY: False
2026-03-24 14:41:56,214 - DEBUG - 5min conditions failed for INFY
2026-03-24 14:41:56,216 - INFO - Running Nifty Options paper trading cycle...
2026-03-24 14:42:06,481 - INFO - Starting high-accuracy delta calculation...
2026-03-24 14:43:28,939 - INFO - High-accuracy delta calculated: Spot=22900.15, Strikes=[22400, 22450, 22500, 22550, 22600, 22650, 22700, 22750, 22800, 22850, 22900, 22950, 23000, 23050, 23100, 23150, 23200, 23250, 23300, 23350, 23400]
2026-03-24 14:43:53,363 - INFO - Successfully fetched 1421 rows of 1m data
2026-03-24 14:43:53,363 - INFO - Stored 1m market data successfully
2026-03-24 14:43:53,365 - INFO - Fetching 1m equity data (attempt 1/3)...
2026-03-24 14:44:06,111 - INFO - Successfully fetched 1092 rows of 1m equity data
2026-03-24 14:44:06,115 - INFO - Running Donchian AO trading strategy...
2026-03-24 14:44:06,486 - INFO - VIX is above mid-donchian. No positions will be taken.
2026-03-24 14:44:06,493 - INFO - NO TRADE: No suitable option pair found.
2026-03-24 14:44:06,494 - INFO - Running paper trading cycle...
2026-03-24 14:44:06,498 - INFO -  Managing existing positions
2026-03-24 14:44:06,498 - INFO - ----- Position management cycle started at 14:44:06 -----
2026-03-24 14:44:08,905 - INFO - [DEBUG] options_data type: <class 'list'>, length: 21
2026-03-24 14:44:09,398 - INFO - CURRENT NET P&L: 10.850000000000023 points
2026-03-24 14:44:09,410 - WARNING - Skipping position management - stale/no price data
2026-03-24 14:44:09,414 - INFO -  Position Status - P&L: Rs10.85, Adjustments: 0
2026-03-24 14:44:09,414 - INFO - Running SMA paper trading cycle...
2026-03-24 14:44:09,535 - INFO - Running Equity paper trading cycle...
2026-03-24 14:44:09,535 - INFO - === EQUITY STRATEGY CALLED for INFY ===
2026-03-24 14:44:09,540 - DEBUG - Starting strategy check for INFY
2026-03-24 14:44:09,544 - DEBUG - Checking 15min conditions for INFY
2026-03-24 14:44:09,649 - DEBUG - 15min conditions for INFY:
2026-03-24 14:44:09,649 - DEBUG -   Close: 1285.40, Mid-Donchian: 1276.40 -> Above Mid: True
2026-03-24 14:44:09,649 - DEBUG -   Close: 1285.40, VWAP: 1255.05 -> Above VWAP: True
2026-03-24 14:44:09,649 - DEBUG -   AO Value: 20.919705882353128, Above 20 SMA: True -> AO or SMA: 20.919705882353128
2026-03-24 14:44:09,649 - DEBUG - 15min conditions result for INFY: 20.919705882353128
2026-03-24 14:44:09,656 - INFO - 15min conditions PASSED for INFY
2026-03-24 14:44:09,660 - DEBUG - Checking 5min conditions for INFY
2026-03-24 14:44:09,703 - DEBUG - 5min conditions for INFY:
2026-03-24 14:44:09,703 - DEBUG -   Close: 1286.90, Mid-Donchian: 1291.00 -> Above Mid: False
2026-03-24 14:44:09,703 - DEBUG -   Close: 1286.90, VWAP: 1255.52 -> Above VWAP: True
2026-03-24 14:44:09,717 - DEBUG -   AO Value: -4.325882352941335 -> AO Positive: -4.325882352941335
2026-03-24 14:44:09,719 - DEBUG - 5min conditions result for INFY: False
2026-03-24 14:44:09,719 - DEBUG - 5min conditions failed for INFY
2026-03-24 14:44:09,719 - INFO - Running Nifty Options paper trading cycle...
2026-03-24 14:44:29,058 - INFO - Starting high-accuracy delta calculation...
2026-03-24 14:45:20,325 - INFO - High-accuracy delta calculated: Spot=22911.05, Strikes=[22400, 22450, 22500, 22550, 22600, 22650, 22700, 22750, 22800, 22850, 22900, 22950, 23000, 23050, 23100, 23150, 23200, 23250, 23300, 23350, 23400]
2026-03-24 14:45:44,696 - INFO - Successfully fetched 1423 rows of 1m data
2026-03-24 14:45:44,698 - INFO - Stored 1m market data successfully
2026-03-24 14:45:44,700 - INFO - Starting separate VIX calculation...
2026-03-24 14:47:21,263 - INFO - VIX calculated separately: 48.30
2026-03-24 14:47:29,476 - INFO - Successfully fetched 409 rows of 5m data
2026-03-24 14:47:29,478 - INFO - Stored 5m market data successfully
2026-03-24 14:47:29,480 - INFO - Fetching 1m equity data (attempt 1/3)...
2026-03-24 14:47:42,181 - INFO - Successfully fetched 1092 rows of 1m equity data
2026-03-24 14:47:42,181 - INFO - Running Donchian AO trading strategy...
2026-03-24 14:47:42,487 - INFO - Using delta limit : 40 for today..
2026-03-24 14:48:46,391 - INFO - 2:2 Ratio detected: Selling CE first then PE
2026-03-24 14:48:46,393 - WARNING - Invalid trade result: None
2026-03-24 14:48:46,407 - INFO - NO TRADE: No suitable option pair found.
2026-03-24 14:48:46,415 - INFO - Fetching 5m equity data (attempt 1/3)...
2026-03-24 14:48:49,736 - INFO - Successfully fetched 193 rows of 5m equity data
2026-03-24 14:48:49,744 - INFO - Running paper trading cycle...
2026-03-24 14:48:49,744 - INFO -  Managing existing positions
2026-03-24 14:48:49,744 - INFO - ----- Position management cycle started at 14:48:49 -----
2026-03-24 14:48:50,342 - INFO - [DEBUG] options_data type: <class 'list'>, length: 7
2026-03-24 14:48:50,897 - INFO - CURRENT NET P&L: 10.850000000000023 points
2026-03-24 14:48:50,897 - WARNING - Skipping position management - stale/no price data
2026-03-24 14:48:50,904 - INFO -  Position Status - P&L: Rs10.85, Adjustments: 0
2026-03-24 14:48:50,904 - INFO - Running SMA paper trading cycle...
2026-03-24 14:48:51,096 - INFO - Running Equity paper trading cycle...
2026-03-24 14:48:51,098 - INFO - === EQUITY STRATEGY CALLED for INFY ===
2026-03-24 14:48:51,104 - DEBUG - Starting strategy check for INFY
2026-03-24 14:48:51,106 - DEBUG - Checking 15min conditions for INFY
2026-03-24 14:48:51,138 - DEBUG - 15min conditions for INFY:
2026-03-24 14:48:51,140 - DEBUG -   Close: 1285.40, Mid-Donchian: 1276.40 -> Above Mid: True
2026-03-24 14:48:51,142 - DEBUG -   Close: 1285.40, VWAP: 1255.05 -> Above VWAP: True
2026-03-24 14:48:51,144 - DEBUG -   AO Value: 20.919705882353128, Above 20 SMA: True -> AO or SMA: 20.919705882353128
2026-03-24 14:48:51,146 - DEBUG - 15min conditions result for INFY: 20.919705882353128
2026-03-24 14:48:51,148 - INFO - 15min conditions PASSED for INFY
2026-03-24 14:48:51,154 - DEBUG - Checking 5min conditions for INFY
2026-03-24 14:48:51,170 - DEBUG - 5min conditions for INFY:
2026-03-24 14:48:51,170 - DEBUG -   Close: 1286.70, Mid-Donchian: 1290.80 -> Above Mid: False
2026-03-24 14:48:51,183 - DEBUG -   Close: 1286.70, VWAP: 1255.83 -> Above VWAP: True
2026-03-24 14:48:51,187 - DEBUG -   AO Value: -4.435882352941007 -> AO Positive: -4.435882352941007
2026-03-24 14:48:51,187 - DEBUG - 5min conditions result for INFY: False
2026-03-24 14:48:51,187 - DEBUG - 5min conditions failed for INFY
2026-03-24 14:48:51,187 - INFO - Running Nifty Options paper trading cycle...
2026-03-24 14:48:52,403 - INFO - Starting high-accuracy delta calculation...
2026-03-24 14:49:59,321 - INFO - High-accuracy delta calculated: Spot=22910.35, Strikes=[22400, 22450, 22500, 22550, 22600, 22650, 22700, 22750, 22800, 22850, 22900, 22950, 23000, 23050, 23100, 23150, 23200, 23250, 23300, 23350, 23400]
2026-03-24 14:50:30,594 - INFO - Successfully fetched 1427 rows of 1m data
2026-03-24 14:50:30,594 - INFO - Stored 1m market data successfully
2026-03-24 14:50:30,606 - INFO - Fetching 1m equity data (attempt 1/3)...
2026-03-24 14:50:45,500 - INFO - Successfully fetched 1092 rows of 1m equity data
2026-03-24 14:50:46,512 - INFO - Running Donchian AO trading strategy...
2026-03-24 14:50:47,041 - INFO - Using delta limit : 40 for today..
2026-03-24 14:51:48,008 - INFO - 2:2 Ratio detected: Selling CE first then PE
2026-03-24 14:51:48,010 - WARNING - Invalid trade result: None
2026-03-24 14:51:48,016 - INFO - NO TRADE: No suitable option pair found.
2026-03-24 14:51:48,018 - INFO - Running paper trading cycle...
2026-03-24 14:51:48,020 - INFO -  Managing existing positions
2026-03-24 14:51:48,025 - INFO - ----- Position management cycle started at 14:51:48 -----
2026-03-24 14:51:48,748 - INFO - [DEBUG] options_data type: <class 'list'>, length: 3
2026-03-24 14:51:49,423 - INFO - CURRENT NET P&L: 10.850000000000023 points
2026-03-24 14:51:49,427 - WARNING - Skipping position management - stale/no price data
2026-03-24 14:51:49,430 - INFO -  Position Status - P&L: Rs10.85, Adjustments: 0
2026-03-24 14:51:49,432 - INFO - Running SMA paper trading cycle...
2026-03-24 14:51:49,613 - INFO - Running Equity paper trading cycle...
2026-03-24 14:51:49,613 - INFO - === EQUITY STRATEGY CALLED for INFY ===
2026-03-24 14:51:49,619 - DEBUG - Starting strategy check for INFY
2026-03-24 14:51:49,627 - DEBUG - Checking 15min conditions for INFY
2026-03-24 14:51:49,683 - DEBUG - 15min conditions for INFY:
2026-03-24 14:51:49,691 - DEBUG -   Close: 1285.40, Mid-Donchian: 1276.40 -> Above Mid: True
2026-03-24 14:51:49,698 - DEBUG -   Close: 1285.40, VWAP: 1255.05 -> Above VWAP: True
2026-03-24 14:51:49,709 - DEBUG -   AO Value: 20.919705882353128, Above 20 SMA: True -> AO or SMA: 20.919705882353128
2026-03-24 14:51:49,716 - DEBUG - 15min conditions result for INFY: 20.919705882353128
2026-03-24 14:51:49,720 - INFO - 15min conditions PASSED for INFY
2026-03-24 14:51:49,727 - DEBUG - Checking 5min conditions for INFY
2026-03-24 14:51:49,746 - DEBUG - 5min conditions for INFY:
2026-03-24 14:51:49,746 - DEBUG -   Close: 1286.70, Mid-Donchian: 1290.80 -> Above Mid: False
2026-03-24 14:51:49,757 - DEBUG -   Close: 1286.70, VWAP: 1255.83 -> Above VWAP: True
2026-03-24 14:51:49,759 - DEBUG -   AO Value: -4.435882352941007 -> AO Positive: -4.435882352941007
2026-03-24 14:51:49,762 - DEBUG - 5min conditions result for INFY: False
2026-03-24 14:51:49,776 - DEBUG - 5min conditions failed for INFY
2026-03-24 14:51:49,779 - INFO - Running Nifty Options paper trading cycle...
2026-03-24 14:51:51,019 - INFO - Starting high-accuracy delta calculation...
2026-03-24 14:51:53,291 - INFO - High-accuracy delta calculated: Spot=22897.55, Strikes=[22400, 22450, 22500, 22550, 22600, 22650, 22700, 22750, 22800, 22850, 22900, 22950, 23000, 23050, 23100, 23150, 23200, 23250, 23300, 23350, 23400]
2026-03-24 14:52:21,474 - INFO - Successfully fetched 1429 rows of 1m data
2026-03-24 14:52:21,476 - INFO - Stored 1m market data successfully
2026-03-24 14:52:21,477 - INFO - Fetching 1m equity data (attempt 1/3)...
2026-03-24 14:52:37,430 - INFO - Successfully fetched 1092 rows of 1m equity data
2026-03-24 14:52:38,437 - INFO - Starting separate VIX calculation...
2026-03-24 14:54:17,433 - INFO - VIX calculated separately: 46.36
2026-03-24 14:54:26,054 - INFO - Successfully fetched 410 rows of 5m data
2026-03-24 14:54:26,063 - INFO - Stored 5m market data successfully
2026-03-24 14:54:27,072 - INFO - Running Donchian AO trading strategy...
2026-03-24 14:54:27,403 - INFO - Using delta limit : 40 for today..
2026-03-24 14:55:27,294 - INFO - 2:2 Ratio detected: Selling CE first then PE
2026-03-24 14:55:27,294 - WARNING - Invalid trade result: None
2026-03-24 14:55:27,301 - INFO - NO TRADE: No suitable option pair found.
2026-03-24 14:55:27,303 - INFO - Running paper trading cycle...
2026-03-24 14:55:27,303 - INFO -  Managing existing positions
2026-03-24 14:55:27,307 - INFO - ----- Position management cycle started at 14:55:27 -----
2026-03-24 14:55:27,966 - INFO - [DEBUG] options_data type: <class 'list'>, length: 21
2026-03-24 14:55:28,527 - INFO - CURRENT NET P&L: 10.850000000000023 points
2026-03-24 14:55:28,527 - WARNING - Skipping position management - stale/no price data
2026-03-24 14:55:28,532 - INFO -  Position Status - P&L: Rs10.85, Adjustments: 0
2026-03-24 14:55:28,532 - INFO - Running SMA paper trading cycle...
2026-03-24 14:55:28,664 - INFO - Running Equity paper trading cycle...
2026-03-24 14:55:28,666 - INFO - === EQUITY STRATEGY CALLED for INFY ===
2026-03-24 14:55:28,666 - DEBUG - Starting strategy check for INFY
2026-03-24 14:55:28,670 - DEBUG - Checking 15min conditions for INFY
2026-03-24 14:55:28,719 - DEBUG - 15min conditions for INFY:
2026-03-24 14:55:28,721 - DEBUG -   Close: 1285.40, Mid-Donchian: 1276.40 -> Above Mid: True
2026-03-24 14:55:28,729 - DEBUG -   Close: 1285.40, VWAP: 1255.05 -> Above VWAP: True
2026-03-24 14:55:28,729 - DEBUG -   AO Value: 20.919705882353128, Above 20 SMA: True -> AO or SMA: 20.919705882353128
2026-03-24 14:55:28,729 - DEBUG - 15min conditions result for INFY: 20.919705882353128
2026-03-24 14:55:28,733 - INFO - 15min conditions PASSED for INFY
2026-03-24 14:55:28,733 - DEBUG - Checking 5min conditions for INFY
2026-03-24 14:55:28,749 - DEBUG - 5min conditions for INFY:
2026-03-24 14:55:28,749 - DEBUG -   Close: 1286.70, Mid-Donchian: 1290.80 -> Above Mid: False
2026-03-24 14:55:28,749 - DEBUG -   Close: 1286.70, VWAP: 1255.83 -> Above VWAP: True
2026-03-24 14:55:28,749 - DEBUG -   AO Value: -4.435882352941007 -> AO Positive: -4.435882352941007
2026-03-24 14:55:28,749 - DEBUG - 5min conditions result for INFY: False
2026-03-24 14:55:28,749 - DEBUG - 5min conditions failed for INFY
2026-03-24 14:55:28,760 - INFO - Running Nifty Options paper trading cycle...
2026-03-24 14:55:28,954 - INFO - Starting high-accuracy delta calculation...
2026-03-24 14:55:31,011 - INFO - High-accuracy delta calculated: Spot=22906, Strikes=[22400, 22450, 22500, 22550, 22600, 22650, 22700, 22750, 22800, 22850, 22900, 22950, 23000, 23050, 23100, 23150, 23200, 23250, 23300, 23350, 23400]
2026-03-24 14:55:58,567 - INFO - Successfully fetched 1433 rows of 1m data
2026-03-24 14:55:58,569 - INFO - Stored 1m market data successfully
2026-03-24 14:55:58,569 - INFO - Fetching 1m equity data (attempt 1/3)...
2026-03-24 14:56:13,862 - INFO - Successfully fetched 1092 rows of 1m equity data
2026-03-24 14:56:13,865 - INFO - Fetching 5m equity data (attempt 1/3)...
2026-03-24 14:56:17,564 - INFO - Successfully fetched 193 rows of 5m equity data
2026-03-24 14:56:22,666 - INFO - Successfully fetched 140 rows of 15m data
2026-03-24 14:56:22,666 - INFO - Stored 15m market data successfully
2026-03-24 14:56:22,666 - INFO - Fetching 15m equity data (attempt 1/3)...
2026-03-24 14:56:24,637 - INFO - Successfully fetched 42 rows of 15m equity data
2026-03-24 14:56:27,647 - INFO - Running Donchian AO trading strategy...
2026-03-24 14:56:27,982 - INFO - Using delta limit : 40 for today..
2026-03-24 14:57:25,517 - INFO - 2:2 Ratio detected: Selling CE first then PE
2026-03-24 14:57:25,520 - WARNING - Invalid trade result: None
2026-03-24 14:57:25,552 - INFO - NO TRADE: No suitable option pair found.
2026-03-24 14:57:26,568 - INFO - Running paper trading cycle...
2026-03-24 14:57:26,568 - INFO -  Managing existing positions
2026-03-24 14:57:26,573 - INFO - ----- Position management cycle started at 14:57:26 -----
2026-03-24 14:57:27,296 - INFO - [DEBUG] options_data type: <class 'list'>, length: 19
2026-03-24 14:57:28,030 - INFO - CURRENT NET P&L: 10.850000000000023 points
2026-03-24 14:57:28,034 - WARNING - Skipping position management - stale/no price data
2026-03-24 14:57:28,036 - INFO -  Position Status - P&L: Rs10.85, Adjustments: 0
2026-03-24 14:57:28,039 - INFO - Running SMA paper trading cycle...
2026-03-24 14:57:28,245 - INFO - Running Equity paper trading cycle...
2026-03-24 14:57:28,245 - INFO - === EQUITY STRATEGY CALLED for INFY ===
2026-03-24 14:57:28,265 - DEBUG - Starting strategy check for INFY
2026-03-24 14:57:28,268 - DEBUG - Checking 15min conditions for INFY
2026-03-24 14:57:28,301 - DEBUG - 15min conditions for INFY:
2026-03-24 14:57:28,303 - DEBUG -   Close: 1285.80, Mid-Donchian: 1279.50 -> Above Mid: True
2026-03-24 14:57:28,312 - DEBUG -   Close: 1285.80, VWAP: 1255.64 -> Above VWAP: True
2026-03-24 14:57:28,314 - DEBUG -   AO Value: 18.1602941176468, Above 20 SMA: True -> AO or SMA: 18.1602941176468
2026-03-24 14:57:28,318 - DEBUG - 15min conditions result for INFY: 18.1602941176468
2026-03-24 14:57:28,320 - INFO - 15min conditions PASSED for INFY
2026-03-24 14:57:28,322 - DEBUG - Checking 5min conditions for INFY
2026-03-24 14:57:28,352 - DEBUG - 5min conditions for INFY:
2026-03-24 14:57:28,367 - DEBUG -   Close: 1285.20, Mid-Donchian: 1290.35 -> Above Mid: False
2026-03-24 14:57:28,370 - DEBUG -   Close: 1285.20, VWAP: 1256.16 -> Above VWAP: True
2026-03-24 14:57:28,370 - DEBUG -   AO Value: -4.5226470588236225 -> AO Positive: -4.5226470588236225
2026-03-24 14:57:28,370 - DEBUG - 5min conditions result for INFY: False
2026-03-24 14:57:28,373 - DEBUG - 5min conditions failed for INFY
2026-03-24 14:57:28,380 - INFO - Running Nifty Options paper trading cycle...
2026-03-24 14:57:28,615 - INFO - Starting high-accuracy delta calculation...
2026-03-24 14:57:31,029 - INFO - High-accuracy delta calculated: Spot=22903.2, Strikes=[22400, 22450, 22500, 22550, 22600, 22650, 22700, 22750, 22800, 22850, 22900, 22950, 23000, 23050, 23100, 23150, 23200, 23250, 23300, 23350, 23400]
2026-03-24 14:58:04,754 - INFO - Successfully fetched 1435 rows of 1m data
2026-03-24 14:58:04,757 - INFO - Stored 1m market data successfully
2026-03-24 14:58:04,757 - INFO - Fetching 1m equity data (attempt 1/3)...
2026-03-24 14:58:20,077 - INFO - Successfully fetched 1091 rows of 1m equity data
2026-03-24 14:58:26,129 - INFO - Running Donchian AO trading strategy...
2026-03-24 14:58:26,473 - INFO - Using delta limit : 40 for today..
2026-03-24 14:59:19,438 - INFO - 2:2 Ratio detected: Selling CE first then PE
2026-03-24 14:59:19,448 - WARNING - Invalid trade result: None
2026-03-24 14:59:19,453 - INFO - NO TRADE: No suitable option pair found.
2026-03-24 14:59:20,466 - INFO - Running paper trading cycle...
2026-03-24 14:59:20,466 - INFO -  Managing existing positions
2026-03-24 14:59:20,466 - INFO - ----- Position management cycle started at 14:59:20 -----
2026-03-24 14:59:21,269 - INFO - [DEBUG] options_data type: <class 'list'>, length: 21
2026-03-24 14:59:21,834 - INFO - CURRENT NET P&L: 10.850000000000023 points
2026-03-24 14:59:21,834 - WARNING - Skipping position management - stale/no price data
2026-03-24 14:59:21,843 - INFO -  Position Status - P&L: Rs10.85, Adjustments: 0
2026-03-24 14:59:21,845 - INFO - Running SMA paper trading cycle...
2026-03-24 14:59:22,005 - INFO - Running Equity paper trading cycle...
2026-03-24 14:59:22,005 - INFO - === EQUITY STRATEGY CALLED for INFY ===
2026-03-24 14:59:22,022 - DEBUG - Starting strategy check for INFY
2026-03-24 14:59:22,024 - DEBUG - Checking 15min conditions for INFY
2026-03-24 14:59:22,056 - DEBUG - 15min conditions for INFY:
2026-03-24 14:59:22,060 - DEBUG -   Close: 1285.80, Mid-Donchian: 1279.50 -> Above Mid: True
2026-03-24 14:59:22,063 - DEBUG -   Close: 1285.80, VWAP: 1255.64 -> Above VWAP: True
2026-03-24 14:59:22,069 - DEBUG -   AO Value: 18.1602941176468, Above 20 SMA: True -> AO or SMA: 18.1602941176468
2026-03-24 14:59:22,073 - DEBUG - 15min conditions result for INFY: 18.1602941176468
2026-03-24 14:59:22,073 - INFO - 15min conditions PASSED for INFY
2026-03-24 14:59:22,076 - DEBUG - Checking 5min conditions for INFY
2026-03-24 14:59:22,094 - DEBUG - 5min conditions for INFY:
2026-03-24 14:59:22,094 - DEBUG -   Close: 1285.20, Mid-Donchian: 1290.35 -> Above Mid: False
2026-03-24 14:59:22,101 - DEBUG -   Close: 1285.20, VWAP: 1256.16 -> Above VWAP: True
2026-03-24 14:59:22,101 - DEBUG -   AO Value: -4.5226470588236225 -> AO Positive: -4.5226470588236225
2026-03-24 14:59:22,107 - DEBUG - 5min conditions result for INFY: False
2026-03-24 14:59:22,107 - DEBUG - 5min conditions failed for INFY
2026-03-24 14:59:22,107 - INFO - Running Nifty Options paper trading cycle...
2026-03-24 14:59:22,292 - INFO - Starting high-accuracy delta calculation...
2026-03-24 14:59:24,238 - INFO - High-accuracy delta calculated: Spot=22921.25, Strikes=[22400, 22450, 22500, 22550, 22600, 22650, 22700, 22750, 22800, 22850, 22900, 22950, 23000, 23050, 23100, 23150, 23200, 23250, 23300, 23350, 23400]
2026-03-24 14:59:51,956 - INFO - Successfully fetched 1437 rows of 1m data
2026-03-24 14:59:51,958 - INFO - Stored 1m market data successfully
2026-03-24 14:59:51,958 - INFO - Starting separate VIX calculation...
2026-03-24 15:01:30,647 - INFO - VIX calculated separately: 41.94
2026-03-24 15:01:30,651 - INFO - Fetching 1m equity data (attempt 1/3)...
2026-03-24 15:01:44,415 - INFO - Successfully fetched 1092 rows of 1m equity data
2026-03-24 15:01:54,927 - INFO - Successfully fetched 412 rows of 5m data
2026-03-24 15:01:54,927 - INFO - Stored 5m market data successfully
2026-03-24 15:01:54,927 - INFO - Running Donchian AO trading strategy...
2026-03-24 15:01:55,270 - INFO - Using delta limit : 40 for today..
2026-03-24 15:02:47,487 - INFO - 2:2 Ratio detected: Selling CE first then PE
2026-03-24 15:02:47,487 - WARNING - Invalid trade result: None
2026-03-24 15:02:47,494 - INFO - NO TRADE: No suitable option pair found.
2026-03-24 15:02:47,495 - INFO - Running paper trading cycle...
2026-03-24 15:02:47,495 - INFO -  Managing existing positions
2026-03-24 15:02:47,495 - INFO - ----- Position management cycle started at 15:02:47 -----
2026-03-24 15:02:48,009 - INFO - [DEBUG] options_data type: <class 'list'>, length: 15
2026-03-24 15:02:48,608 - INFO - CURRENT NET P&L: 10.850000000000023 points
2026-03-24 15:02:48,611 - WARNING - Skipping position management - stale/no price data
2026-03-24 15:02:48,611 - INFO -  Position Status - P&L: Rs10.85, Adjustments: 0
2026-03-24 15:02:48,611 - INFO - Running SMA paper trading cycle...
2026-03-24 15:02:48,789 - INFO - Running Equity paper trading cycle...
2026-03-24 15:02:48,791 - INFO - === EQUITY STRATEGY CALLED for INFY ===
2026-03-24 15:02:48,794 - DEBUG - Starting strategy check for INFY
2026-03-24 15:02:48,796 - DEBUG - Checking 15min conditions for INFY
2026-03-24 15:02:48,827 - DEBUG - 15min conditions for INFY:
2026-03-24 15:02:48,827 - DEBUG -   Close: 1285.80, Mid-Donchian: 1279.50 -> Above Mid: True
2026-03-24 15:02:48,838 - DEBUG -   Close: 1285.80, VWAP: 1255.64 -> Above VWAP: True
2026-03-24 15:02:48,842 - DEBUG -   AO Value: 18.1602941176468, Above 20 SMA: True -> AO or SMA: 18.1602941176468
2026-03-24 15:02:48,842 - DEBUG - 15min conditions result for INFY: 18.1602941176468
2026-03-24 15:02:48,844 - INFO - 15min conditions PASSED for INFY
2026-03-24 15:02:48,844 - DEBUG - Checking 5min conditions for INFY
2026-03-24 15:02:48,873 - DEBUG - 5min conditions for INFY:
2026-03-24 15:02:48,875 - DEBUG -   Close: 1285.20, Mid-Donchian: 1290.35 -> Above Mid: False
2026-03-24 15:02:48,877 - DEBUG -   Close: 1285.20, VWAP: 1256.16 -> Above VWAP: True
2026-03-24 15:02:48,877 - DEBUG -   AO Value: -4.5226470588236225 -> AO Positive: -4.5226470588236225
2026-03-24 15:02:48,877 - DEBUG - 5min conditions result for INFY: False
2026-03-24 15:02:48,877 - DEBUG - 5min conditions failed for INFY
2026-03-24 15:02:48,883 - INFO - Running Nifty Options paper trading cycle...
2026-03-24 15:02:48,883 - INFO - Starting high-accuracy delta calculation...
2026-03-24 15:02:50,662 - INFO - High-accuracy delta calculated: Spot=22913.6, Strikes=[22400, 22450, 22500, 22550, 22600, 22650, 22700, 22750, 22800, 22850, 22900, 22950, 23000, 23050, 23100, 23150, 23200, 23250, 23300, 23350, 23400]
2026-03-24 15:03:18,457 - INFO - Successfully fetched 1440 rows of 1m data
2026-03-24 15:03:18,459 - INFO - Stored 1m market data successfully
2026-03-24 15:03:18,459 - INFO - Fetching 5m equity data (attempt 1/3)...
2026-03-24 15:03:22,405 - INFO - Successfully fetched 193 rows of 5m equity data
2026-03-24 15:03:23,417 - INFO - Fetching 1m equity data (attempt 1/3)...
2026-03-24 15:03:38,382 - INFO - Successfully fetched 1092 rows of 1m equity data
2026-03-24 15:03:48,464 - INFO - Running Donchian AO trading strategy...
2026-03-24 15:03:48,812 - INFO - Using delta limit : 40 for today..
2026-03-24 15:04:42,396 - INFO - 2:2 Ratio detected: Selling CE first then PE
2026-03-24 15:04:42,413 - WARNING - Invalid trade result: None
2026-03-24 15:04:42,413 - INFO - NO TRADE: No suitable option pair found.
2026-03-24 15:04:43,422 - INFO - Running paper trading cycle...
2026-03-24 15:04:43,424 - INFO -  Managing existing positions
2026-03-24 15:04:43,424 - INFO - ----- Position management cycle started at 15:04:43 -----
2026-03-24 15:04:44,140 - INFO - [DEBUG] options_data type: <class 'list'>, length: 1
2026-03-24 15:04:44,918 - INFO - CURRENT NET P&L: 10.850000000000023 points
2026-03-24 15:04:44,923 - WARNING - Skipping position management - stale/no price data
2026-03-24 15:04:44,928 - INFO -  Position Status - P&L: Rs10.85, Adjustments: 0
2026-03-24 15:04:44,930 - INFO - Running SMA paper trading cycle...
2026-03-24 15:04:45,108 - INFO - Running Equity paper trading cycle...
2026-03-24 15:04:45,110 - INFO - === EQUITY STRATEGY CALLED for INFY ===
2026-03-24 15:04:45,114 - DEBUG - Starting strategy check for INFY
2026-03-24 15:04:45,125 - DEBUG - Checking 15min conditions for INFY
2026-03-24 15:04:45,157 - DEBUG - 15min conditions for INFY:
2026-03-24 15:04:45,157 - DEBUG -   Close: 1285.80, Mid-Donchian: 1279.50 -> Above Mid: True
2026-03-24 15:04:45,161 - DEBUG -   Close: 1285.80, VWAP: 1255.64 -> Above VWAP: True
2026-03-24 15:04:45,162 - DEBUG -   AO Value: 18.1602941176468, Above 20 SMA: True -> AO or SMA: 18.1602941176468
2026-03-24 15:04:45,166 - DEBUG - 15min conditions result for INFY: 18.1602941176468
2026-03-24 15:04:45,166 - INFO - 15min conditions PASSED for INFY
2026-03-24 15:04:45,168 - DEBUG - Checking 5min conditions for INFY
2026-03-24 15:04:45,193 - DEBUG - 5min conditions for INFY:
2026-03-24 15:04:45,194 - DEBUG -   Close: 1282.60, Mid-Donchian: 1288.65 -> Above Mid: False
2026-03-24 15:04:45,197 - DEBUG -   Close: 1282.60, VWAP: 1256.71 -> Above VWAP: True
2026-03-24 15:04:45,197 - DEBUG -   AO Value: -5.0173529411765685 -> AO Positive: -5.0173529411765685
2026-03-24 15:04:45,199 - DEBUG - 5min conditions result for INFY: False
2026-03-24 15:04:45,199 - DEBUG - 5min conditions failed for INFY
2026-03-24 15:04:45,201 - INFO - Running Nifty Options paper trading cycle...
2026-03-24 15:04:45,201 - INFO - Starting high-accuracy delta calculation...
2026-03-24 15:04:47,140 - INFO - High-accuracy delta calculated: Spot=22916.95, Strikes=[22400, 22450, 22500, 22550, 22600, 22650, 22700, 22750, 22800, 22850, 22900, 22950, 23000, 23050, 23100, 23150, 23200, 23250, 23300, 23350, 23400]
2026-03-24 15:05:15,159 - INFO - Successfully fetched 1442 rows of 1m data
2026-03-24 15:05:15,159 - INFO - Stored 1m market data successfully
2026-03-24 15:05:15,159 - INFO - Fetching 1m equity data (attempt 1/3)...
2026-03-24 15:05:30,833 - INFO - Successfully fetched 1092 rows of 1m equity data
2026-03-24 15:05:42,957 - INFO - Running Donchian AO trading strategy...
2026-03-24 15:05:43,319 - INFO - Using delta limit : 40 for today..
2026-03-24 15:06:37,328 - INFO - 2:2 Ratio detected: Selling CE first then PE
2026-03-24 15:06:37,328 - WARNING - Invalid trade result: None
2026-03-24 15:06:37,342 - INFO - NO TRADE: No suitable option pair found.
2026-03-24 15:06:38,353 - INFO - Running paper trading cycle...
2026-03-24 15:06:38,353 - INFO -  Managing existing positions
2026-03-24 15:06:38,358 - INFO - ----- Position management cycle started at 15:06:38 -----
2026-03-24 15:06:39,009 - INFO - [DEBUG] options_data type: <class 'list'>, length: 21
2026-03-24 15:06:39,636 - INFO - CURRENT NET P&L: 10.850000000000023 points
2026-03-24 15:06:39,643 - WARNING - Skipping position management - stale/no price data
2026-03-24 15:06:39,646 - INFO -  Position Status - P&L: Rs10.85, Adjustments: 0
2026-03-24 15:06:39,648 - INFO - Running SMA paper trading cycle...
2026-03-24 15:06:39,799 - INFO - Running Equity paper trading cycle...
2026-03-24 15:06:39,803 - INFO - === EQUITY STRATEGY CALLED for INFY ===
2026-03-24 15:06:39,808 - DEBUG - Starting strategy check for INFY
2026-03-24 15:06:39,812 - DEBUG - Checking 15min conditions for INFY
2026-03-24 15:06:39,844 - DEBUG - 15min conditions for INFY:
2026-03-24 15:06:39,852 - DEBUG -   Close: 1285.80, Mid-Donchian: 1279.50 -> Above Mid: True
2026-03-24 15:06:39,858 - DEBUG -   Close: 1285.80, VWAP: 1255.64 -> Above VWAP: True
2026-03-24 15:06:39,862 - DEBUG -   AO Value: 18.1602941176468, Above 20 SMA: True -> AO or SMA: 18.1602941176468
2026-03-24 15:06:39,863 - DEBUG - 15min conditions result for INFY: 18.1602941176468
2026-03-24 15:06:39,863 - INFO - 15min conditions PASSED for INFY
2026-03-24 15:06:39,863 - DEBUG - Checking 5min conditions for INFY
2026-03-24 15:06:39,887 - DEBUG - 5min conditions for INFY:
2026-03-24 15:06:39,891 - DEBUG -   Close: 1282.60, Mid-Donchian: 1288.65 -> Above Mid: False
2026-03-24 15:06:39,897 - DEBUG -   Close: 1282.60, VWAP: 1256.71 -> Above VWAP: True
2026-03-24 15:06:39,899 - DEBUG -   AO Value: -5.0173529411765685 -> AO Positive: -5.0173529411765685
2026-03-24 15:06:39,902 - DEBUG - 5min conditions result for INFY: False
2026-03-24 15:06:39,908 - DEBUG - 5min conditions failed for INFY
2026-03-24 15:06:39,915 - INFO - Running Nifty Options paper trading cycle...
2026-03-24 15:06:39,915 - INFO - Starting high-accuracy delta calculation...
2026-03-24 15:06:41,694 - INFO - High-accuracy delta calculated: Spot=22905.5, Strikes=[22400, 22450, 22500, 22550, 22600, 22650, 22700, 22750, 22800, 22850, 22900, 22950, 23000, 23050, 23100, 23150, 23200, 23250, 23300, 23350, 23400]
2026-03-24 15:07:10,013 - INFO - Successfully fetched 1444 rows of 1m data
2026-03-24 15:07:10,015 - INFO - Stored 1m market data successfully
2026-03-24 15:07:10,015 - INFO - Starting separate VIX calculation...
2026-03-24 15:08:48,710 - INFO - VIX calculated separately: 38.64
2026-03-24 15:08:48,710 - INFO - Fetching 1m equity data (attempt 1/3)...
2026-03-24 15:09:02,897 - INFO - Successfully fetched 1092 rows of 1m equity data
2026-03-24 15:09:14,029 - INFO - Successfully fetched 413 rows of 5m data
2026-03-24 15:09:14,031 - INFO - Stored 5m market data successfully
2026-03-24 15:09:14,033 - INFO - Running Donchian AO trading strategy...
2026-03-24 15:09:14,357 - INFO - Using delta limit : 40 for today..
2026-03-24 15:10:13,312 - INFO - 2:2 Ratio detected: Selling CE first then PE
2026-03-24 15:10:13,319 - WARNING - Invalid trade result: None
2026-03-24 15:10:13,331 - INFO - NO TRADE: No suitable option pair found.
2026-03-24 15:10:13,336 - INFO - Running paper trading cycle...
2026-03-24 15:10:13,338 - INFO -  Managing existing positions
2026-03-24 15:10:13,338 - INFO - ----- Position management cycle started at 15:10:13 -----
2026-03-24 15:10:14,117 - INFO - [DEBUG] options_data type: <class 'list'>, length: 21
2026-03-24 15:10:14,865 - INFO - CURRENT NET P&L: 10.850000000000023 points
2026-03-24 15:10:14,868 - WARNING - Skipping position management - stale/no price data
2026-03-24 15:10:14,873 - INFO -  Position Status - P&L: Rs10.85, Adjustments: 0
2026-03-24 15:10:14,873 - INFO - Running SMA paper trading cycle...
2026-03-24 15:10:15,083 - INFO - Running Equity paper trading cycle...
2026-03-24 15:10:15,084 - INFO - === EQUITY STRATEGY CALLED for INFY ===
2026-03-24 15:10:15,087 - DEBUG - Starting strategy check for INFY
2026-03-24 15:10:15,089 - DEBUG - Checking 15min conditions for INFY
2026-03-24 15:10:15,128 - DEBUG - 15min conditions for INFY:
2026-03-24 15:10:15,128 - DEBUG -   Close: 1285.80, Mid-Donchian: 1279.50 -> Above Mid: True
2026-03-24 15:10:15,136 - DEBUG -   Close: 1285.80, VWAP: 1255.64 -> Above VWAP: True
2026-03-24 15:10:15,141 - DEBUG -   AO Value: 18.1602941176468, Above 20 SMA: True -> AO or SMA: 18.1602941176468
2026-03-24 15:10:15,148 - DEBUG - 15min conditions result for INFY: 18.1602941176468
2026-03-24 15:10:15,151 - INFO - 15min conditions PASSED for INFY
2026-03-24 15:10:15,151 - DEBUG - Checking 5min conditions for INFY
2026-03-24 15:10:15,180 - DEBUG - 5min conditions for INFY:
2026-03-24 15:10:15,183 - DEBUG -   Close: 1282.60, Mid-Donchian: 1288.65 -> Above Mid: False
2026-03-24 15:10:15,187 - DEBUG -   Close: 1282.60, VWAP: 1256.71 -> Above VWAP: True
2026-03-24 15:10:15,187 - DEBUG -   AO Value: -5.0173529411765685 -> AO Positive: -5.0173529411765685
2026-03-24 15:10:15,187 - DEBUG - 5min conditions result for INFY: False
2026-03-24 15:10:15,205 - DEBUG - 5min conditions failed for INFY
2026-03-24 15:10:15,207 - INFO - Running Nifty Options paper trading cycle...
2026-03-24 15:10:15,207 - INFO - Starting high-accuracy delta calculation...
2026-03-24 15:10:17,501 - INFO - High-accuracy delta calculated: Spot=22919.75, Strikes=[22400, 22450, 22500, 22550, 22600, 22650, 22700, 22750, 22800, 22850, 22900, 22950, 23000, 23050, 23100, 23150, 23200, 23250, 23300, 23350, 23400]
2026-03-24 15:10:48,962 - INFO - Successfully fetched 1448 rows of 1m data
2026-03-24 15:10:48,964 - INFO - Stored 1m market data successfully
2026-03-24 15:10:48,968 - INFO - Fetching 5m equity data (attempt 1/3)...
2026-03-24 15:10:52,723 - INFO - Successfully fetched 193 rows of 5m equity data
2026-03-24 15:10:53,735 - INFO - Fetching 1m equity data (attempt 1/3)...
2026-03-24 15:11:09,184 - INFO - Successfully fetched 1092 rows of 1m equity data
2026-03-24 15:11:14,234 - INFO - Running Donchian AO trading strategy...
2026-03-24 15:11:14,555 - INFO - Using delta limit : 40 for today..
2026-03-24 15:12:08,923 - INFO - 2:2 Ratio detected: Selling CE first then PE
2026-03-24 15:12:08,931 - WARNING - Invalid trade result: None
2026-03-24 15:12:08,934 - INFO - NO TRADE: No suitable option pair found.
2026-03-24 15:12:09,943 - INFO - Running paper trading cycle...
2026-03-24 15:12:09,947 - INFO -  Managing existing positions
2026-03-24 15:12:09,948 - INFO - ----- Position management cycle started at 15:12:09 -----
2026-03-24 15:12:10,877 - INFO - [DEBUG] options_data type: <class 'list'>, length: 21
2026-03-24 15:12:11,476 - INFO - CURRENT NET P&L: 10.850000000000023 points
2026-03-24 15:12:11,482 - WARNING - Skipping position management - stale/no price data
2026-03-24 15:12:11,485 - INFO -  Position Status - P&L: Rs10.85, Adjustments: 0
2026-03-24 15:12:11,486 - INFO - Running SMA paper trading cycle...
2026-03-24 15:12:11,620 - INFO - Running Equity paper trading cycle...
2026-03-24 15:12:11,625 - INFO - === EQUITY STRATEGY CALLED for INFY ===
2026-03-24 15:12:11,637 - DEBUG - Starting strategy check for INFY
2026-03-24 15:12:11,641 - DEBUG - Checking 15min conditions for INFY
2026-03-24 15:12:11,667 - DEBUG - 15min conditions for INFY:
2026-03-24 15:12:11,686 - DEBUG -   Close: 1285.80, Mid-Donchian: 1279.50 -> Above Mid: True
2026-03-24 15:12:11,690 - DEBUG -   Close: 1285.80, VWAP: 1255.64 -> Above VWAP: True
2026-03-24 15:12:11,690 - DEBUG -   AO Value: 18.1602941176468, Above 20 SMA: True -> AO or SMA: 18.1602941176468
2026-03-24 15:12:11,692 - DEBUG - 15min conditions result for INFY: 18.1602941176468
2026-03-24 15:12:11,701 - INFO - 15min conditions PASSED for INFY
2026-03-24 15:12:11,707 - DEBUG - Checking 5min conditions for INFY
2026-03-24 15:12:11,748 - DEBUG - 5min conditions for INFY:
2026-03-24 15:12:11,750 - DEBUG -   Close: 1277.60, Mid-Donchian: 1287.15 -> Above Mid: False
2026-03-24 15:12:11,752 - DEBUG -   Close: 1277.60, VWAP: 1257.70 -> Above VWAP: True
2026-03-24 15:12:11,756 - DEBUG -   AO Value: -7.618823529411657 -> AO Positive: -7.618823529411657
2026-03-24 15:12:11,758 - DEBUG - 5min conditions result for INFY: False
2026-03-24 15:12:11,759 - DEBUG - 5min conditions failed for INFY
2026-03-24 15:12:11,764 - INFO - Running Nifty Options paper trading cycle...
2026-03-24 15:12:11,766 - INFO - Starting high-accuracy delta calculation...
2026-03-24 15:12:13,774 - INFO - High-accuracy delta calculated: Spot=22918.05, Strikes=[22400, 22450, 22500, 22550, 22600, 22650, 22700, 22750, 22800, 22850, 22900, 22950, 23000, 23050, 23100, 23150, 23200, 23250, 23300, 23350, 23400]
2026-03-24 15:12:18,205 - INFO - Successfully fetched 141 rows of 15m data
2026-03-24 15:12:18,207 - INFO - Stored 15m market data successfully
2026-03-24 15:12:18,207 - INFO - Fetching 15m equity data (attempt 1/3)...
2026-03-24 15:12:19,768 - INFO - Successfully fetched 42 rows of 15m equity data
2026-03-24 15:12:48,056 - INFO - Successfully fetched 1450 rows of 1m data
2026-03-24 15:12:48,056 - INFO - Stored 1m market data successfully
2026-03-24 15:12:48,056 - INFO - Fetching 1m equity data (attempt 1/3)...
2026-03-24 15:13:03,904 - INFO - Successfully fetched 1092 rows of 1m equity data
2026-03-24 15:13:09,009 - INFO - Running Donchian AO trading strategy...
2026-03-24 15:13:09,364 - INFO - Using delta limit : 40 for today..
2026-03-24 15:14:02,031 - INFO - 2:2 Ratio detected: Selling CE first then PE
2026-03-24 15:14:02,031 - WARNING - Invalid trade result: None
2026-03-24 15:14:02,035 - INFO - NO TRADE: No suitable option pair found.
2026-03-24 15:14:03,048 - INFO - Running paper trading cycle...
2026-03-24 15:14:03,050 - INFO -  Managing existing positions
2026-03-24 15:14:03,050 - INFO - ----- Position management cycle started at 15:14:03 -----
2026-03-24 15:14:03,681 - INFO - [DEBUG] options_data type: <class 'list'>, length: 15
2026-03-24 15:14:04,307 - INFO - CURRENT NET P&L: 10.850000000000023 points
2026-03-24 15:14:04,310 - WARNING - Skipping position management - stale/no price data
2026-03-24 15:14:04,316 - INFO -  Position Status - P&L: Rs10.85, Adjustments: 0
2026-03-24 15:14:04,316 - INFO - Running SMA paper trading cycle...
2026-03-24 15:14:04,448 - INFO - Running Equity paper trading cycle...
2026-03-24 15:14:04,448 - INFO - === EQUITY STRATEGY CALLED for INFY ===
2026-03-24 15:14:04,448 - DEBUG - Starting strategy check for INFY
2026-03-24 15:14:04,458 - DEBUG - Checking 15min conditions for INFY
2026-03-24 15:14:04,492 - DEBUG - 15min conditions for INFY:
2026-03-24 15:14:04,492 - DEBUG -   Close: 1277.90, Mid-Donchian: 1281.00 -> Above Mid: False
2026-03-24 15:14:04,499 - DEBUG -   Close: 1277.90, VWAP: 1257.55 -> Above VWAP: True
2026-03-24 15:14:04,502 - DEBUG -   AO Value: 14.19558823529428, Above 20 SMA: False -> AO or SMA: 14.19558823529428
2026-03-24 15:14:04,504 - DEBUG - 15min conditions result for INFY: False
2026-03-24 15:14:04,504 - DEBUG - 15min conditions failed for INFY
2026-03-24 15:14:04,506 - INFO - Running Nifty Options paper trading cycle...
2026-03-24 15:14:04,506 - INFO - Starting high-accuracy delta calculation...
2026-03-24 15:14:06,422 - INFO - High-accuracy delta calculated: Spot=22914.4, Strikes=[22400, 22450, 22500, 22550, 22600, 22650, 22700, 22750, 22800, 22850, 22900, 22950, 23000, 23050, 23100, 23150, 23200, 23250, 23300, 23350, 23400]
2026-03-24 15:14:34,331 - INFO - Successfully fetched 1452 rows of 1m data
2026-03-24 15:14:34,338 - INFO - Stored 1m market data successfully
2026-03-24 15:14:34,338 - INFO - Starting separate VIX calculation...
2026-03-24 15:16:14,556 - INFO - VIX calculated separately: 44.58
2026-03-24 15:16:15,564 - INFO - Fetching 1m equity data (attempt 1/3)...
2026-03-24 15:16:39,956 - INFO - Successfully fetched 1092 rows of 1m equity data
2026-03-24 15:16:52,585 - INFO - Successfully fetched 415 rows of 5m data
2026-03-24 15:16:52,591 - INFO - Stored 5m market data successfully
2026-03-24 15:17:17,811 - INFO - Successfully fetched 822 rows of 1h data
2026-03-24 15:17:17,813 - INFO - Stored 1h market data successfully
2026-03-24 15:17:17,814 - INFO - Running Donchian AO trading strategy...
2026-03-24 15:17:18,148 - INFO - VIX is above mid-donchian. No positions will be taken.
2026-03-24 15:17:18,153 - INFO - NO TRADE: No suitable option pair found.
2026-03-24 15:17:18,155 - INFO - Running paper trading cycle...
2026-03-24 15:17:18,158 - INFO -  Managing existing positions
2026-03-24 15:17:18,161 - INFO - ----- Position management cycle started at 15:17:18 -----
2026-03-24 15:17:19,282 - INFO - [DEBUG] options_data type: <class 'list'>, length: 15
2026-03-24 15:17:20,395 - INFO - CURRENT NET P&L: 10.850000000000023 points
2026-03-24 15:17:20,397 - WARNING - Skipping position management - stale/no price data
2026-03-24 15:17:20,403 - INFO -  Position Status - P&L: Rs10.85, Adjustments: 0
2026-03-24 15:17:20,405 - INFO - Running SMA paper trading cycle...
2026-03-24 15:17:20,579 - INFO - Running Equity paper trading cycle...
2026-03-24 15:17:20,579 - INFO - === EQUITY STRATEGY CALLED for INFY ===
2026-03-24 15:17:20,587 - DEBUG - Starting strategy check for INFY
2026-03-24 15:17:20,587 - DEBUG - Checking 15min conditions for INFY
2026-03-24 15:17:20,645 - DEBUG - 15min conditions for INFY:
2026-03-24 15:17:20,655 - DEBUG -   Close: 1277.90, Mid-Donchian: 1281.00 -> Above Mid: False
2026-03-24 15:17:20,670 - DEBUG -   Close: 1277.90, VWAP: 1257.55 -> Above VWAP: True
2026-03-24 15:17:20,673 - DEBUG -   AO Value: 14.19558823529428, Above 20 SMA: False -> AO or SMA: 14.19558823529428
2026-03-24 15:17:20,676 - DEBUG - 15min conditions result for INFY: False
2026-03-24 15:17:20,679 - DEBUG - 15min conditions failed for INFY
2026-03-24 15:17:20,682 - INFO - Running Nifty Options paper trading cycle...
2026-03-24 15:17:20,686 - INFO - Starting high-accuracy delta calculation...
2026-03-24 15:18:12,297 - INFO - High-accuracy delta calculated: Spot=22889.9, Strikes=[22400, 22450, 22500, 22550, 22600, 22650, 22700, 22750, 22800, 22850, 22900, 22950, 23000, 23050, 23100, 23150, 23200, 23250, 23300, 23350, 23400]
2026-03-24 15:18:40,090 - INFO - Successfully fetched 1456 rows of 1m data
2026-03-24 15:18:40,091 - INFO - Stored 1m market data successfully
2026-03-24 15:18:40,093 - INFO - Fetching 5m equity data (attempt 1/3)...
2026-03-24 15:18:43,404 - INFO - Successfully fetched 193 rows of 5m equity data
2026-03-24 15:18:44,419 - INFO - Fetching 1m equity data (attempt 1/3)...
2026-03-24 15:18:59,520 - INFO - Successfully fetched 1092 rows of 1m equity data
2026-03-24 15:18:59,525 - INFO - Running Donchian AO trading strategy...
2026-03-24 15:18:59,974 - INFO - VIX is above mid-donchian. No positions will be taken.
2026-03-24 15:18:59,991 - INFO - NO TRADE: No suitable option pair found.
2026-03-24 15:18:59,991 - INFO - Running paper trading cycle...
2026-03-24 15:18:59,995 - INFO -  Managing existing positions
2026-03-24 15:18:59,995 - INFO - ----- Position management cycle started at 15:18:59 -----
2026-03-24 15:19:03,844 - INFO - [DEBUG] options_data type: <class 'list'>, length: 10
2026-03-24 15:19:04,555 - INFO - CURRENT NET P&L: 10.850000000000023 points
2026-03-24 15:19:04,558 - WARNING - Skipping position management - stale/no price data
2026-03-24 15:19:04,560 - INFO -  Position Status - P&L: Rs10.85, Adjustments: 0
2026-03-24 15:19:04,560 - INFO - Running SMA paper trading cycle...
2026-03-24 15:19:04,782 - INFO - Running Equity paper trading cycle...
2026-03-24 15:19:04,782 - INFO - === EQUITY STRATEGY CALLED for INFY ===
2026-03-24 15:19:04,793 - DEBUG - Starting strategy check for INFY
2026-03-24 15:19:04,805 - DEBUG - Checking 15min conditions for INFY
2026-03-24 15:19:04,851 - DEBUG - 15min conditions for INFY:
2026-03-24 15:19:04,863 - DEBUG -   Close: 1277.90, Mid-Donchian: 1281.00 -> Above Mid: False
2026-03-24 15:19:04,874 - DEBUG -   Close: 1277.90, VWAP: 1257.55 -> Above VWAP: True
2026-03-24 15:19:04,889 - DEBUG -   AO Value: 14.19558823529428, Above 20 SMA: False -> AO or SMA: 14.19558823529428
2026-03-24 15:19:04,889 - DEBUG - 15min conditions result for INFY: False
2026-03-24 15:19:04,892 - DEBUG - 15min conditions failed for INFY
2026-03-24 15:19:04,895 - INFO - Running Nifty Options paper trading cycle...
2026-03-24 15:19:12,987 - INFO - Starting high-accuracy delta calculation...
2026-03-24 15:20:06,771 - INFO - High-accuracy delta calculated: Spot=22910.15, Strikes=[22400, 22450, 22500, 22550, 22600, 22650, 22700, 22750, 22800, 22850, 22900, 22950, 23000, 23050, 23100, 23150, 23200, 23250, 23300, 23350, 23400]
2026-03-24 15:20:35,623 - INFO - Successfully fetched 1458 rows of 1m data
2026-03-24 15:20:35,625 - INFO - Stored 1m market data successfully
2026-03-24 15:20:35,628 - INFO - Fetching 1m equity data (attempt 1/3)...
2026-03-24 15:20:50,039 - INFO - Successfully fetched 1092 rows of 1m equity data
2026-03-24 15:20:50,040 - INFO - Running Donchian AO trading strategy...
2026-03-24 15:20:50,550 - INFO - VIX is above mid-donchian. No positions will be taken.
2026-03-24 15:20:50,556 - INFO - NO TRADE: No suitable option pair found.
2026-03-24 15:20:50,558 - INFO - Running paper trading cycle...
2026-03-24 15:20:50,564 - INFO -  Managing existing positions
2026-03-24 15:20:50,565 - INFO - ----- Position management cycle started at 15:20:50 -----
2026-03-24 15:20:51,313 - INFO - [DEBUG] options_data type: <class 'list'>, length: 17
2026-03-24 15:20:51,942 - INFO - CURRENT NET P&L: 10.850000000000023 points
2026-03-24 15:20:51,944 - WARNING - Skipping position management - stale/no price data
2026-03-24 15:20:51,946 - INFO -  Position Status - P&L: Rs10.85, Adjustments: 0
2026-03-24 15:20:51,948 - INFO - Running SMA paper trading cycle...
2026-03-24 15:20:52,092 - INFO - Running Equity paper trading cycle...
2026-03-24 15:20:52,092 - INFO - === EQUITY STRATEGY CALLED for INFY ===
2026-03-24 15:20:52,100 - DEBUG - Starting strategy check for INFY
2026-03-24 15:20:52,100 - DEBUG - Checking 15min conditions for INFY
2026-03-24 15:20:52,136 - DEBUG - 15min conditions for INFY:
2026-03-24 15:20:52,138 - DEBUG -   Close: 1277.90, Mid-Donchian: 1281.00 -> Above Mid: False
2026-03-24 15:20:52,141 - DEBUG -   Close: 1277.90, VWAP: 1257.55 -> Above VWAP: True
2026-03-24 15:20:52,141 - DEBUG -   AO Value: 14.19558823529428, Above 20 SMA: False -> AO or SMA: 14.19558823529428
2026-03-24 15:20:52,141 - DEBUG - 15min conditions result for INFY: False
2026-03-24 15:20:52,145 - DEBUG - 15min conditions failed for INFY
2026-03-24 15:20:52,145 - INFO - Running Nifty Options paper trading cycle...
2026-03-24 15:21:07,320 - INFO - Starting high-accuracy delta calculation...
2026-03-24 15:21:59,900 - INFO - High-accuracy delta calculated: Spot=22931.15, Strikes=[22400, 22450, 22500, 22550, 22600, 22650, 22700, 22750, 22800, 22850, 22900, 22950, 23000, 23050, 23100, 23150, 23200, 23250, 23300, 23350, 23400]
2026-03-24 15:22:00,913 - INFO - Starting separate VIX calculation...
2026-03-24 15:26:36,724 - INFO - POSITION RESTORED FROM FILE:
2026-03-24 15:26:36,726 - INFO -   CE: NIFTY2632423200CE at 194.375
2026-03-24 15:26:36,728 - INFO -   PE: NIFTY2632423050PE at 199.0
2026-03-24 15:26:36,728 - INFO -   Entry Time: 2026-03-20 15:05:13.304496
2026-03-24 15:26:36,728 - INFO -   Adjustment Cost: 0.0
2026-03-24 15:26:36,728 - INFO -   Adjustments Count: 0
2026-03-24 15:26:36,759 - INFO - Paper traders (Donchian, SMA, Equity & Nifty Options) successfully initialised....
2026-03-24 15:26:36,759 - INFO - Testing Kite API connection...
2026-03-24 15:26:37,032 - INFO - Connection test successful! Kite API is accessible. Got 9493 instruments.
2026-03-24 15:26:37,050 - INFO - Testing Kite API connection...
2026-03-24 15:26:37,302 - INFO - Connection test successful! Kite API is accessible. Got 9493 instruments.
2026-03-24 15:26:37,302 - INFO - Schedule setup completed:
2026-03-24 15:26:37,302 - INFO - - 1m data: Every minute (during market hours)
2026-03-24 15:26:37,302 - INFO - - 5m data: Every 5 minutes (during market hours)
2026-03-24 15:26:37,302 - INFO - - 15m data: Every 15 minutes (during market hours)
2026-03-24 15:26:37,302 - INFO - - 1h data: Every hour at :15 (during market hours)
2026-03-24 15:26:37,302 - INFO - - VIX calculation: Every 5 minutes (independent)
2026-03-24 15:26:37,302 - INFO - - High-accuracy delta: Every minute (Black-Scholes)
2026-03-24 15:26:37,302 - INFO - - Trading Strategy: Every minute
2026-03-24 15:26:37,302 - INFO - - Donchian Paper Trading: Every minute
2026-03-24 15:26:37,302 - INFO - - SMA Paper Trading: Every minute
2026-03-24 15:26:37,313 - INFO - - Nifty Options Paper Trading: Every minute
2026-03-24 15:26:37,313 - INFO - - Signal generation: Integrated with data fetching
2026-03-24 15:26:37,316 - INFO - Starting market data automation...
2026-03-24 15:26:37,316 - INFO - Market data automation started successfully
2026-03-24 15:26:37,321 - INFO - Press Ctrl+C to stop the automation
2026-03-24 15:27:45,855 - INFO - Successfully fetched 1465 rows of 1m data
2026-03-24 15:27:45,856 - INFO - Stored 1m market data successfully
2026-03-24 15:27:45,857 - INFO - Fetching 1m equity data (attempt 1/3)...
2026-03-24 15:27:50,246 - INFO - Successfully fetched 1092 rows of 1m equity data
2026-03-24 15:27:50,248 - INFO - Starting high-accuracy delta calculation...
2026-03-24 15:28:25,203 - INFO - High-accuracy delta calculated: Spot=22951.9, Strikes=[22400, 22450, 22500, 22550, 22600, 22650, 22700, 22750, 22800, 22850, 22900, 22950, 23000, 23050, 23100, 23150, 23200, 23250, 23300, 23350, 23400]
2026-03-24 15:28:25,203 - INFO - Running Donchian AO trading strategy...
2026-03-24 15:28:25,317 - INFO - VIX is above mid-donchian. No positions will be taken.
2026-03-24 15:28:25,317 - INFO - NO TRADE: No suitable option pair found.
2026-03-24 15:28:25,325 - INFO - Running paper trading cycle...
2026-03-24 15:28:25,325 - INFO -  Managing existing positions
2026-03-24 15:28:25,325 - INFO - ----- Position management cycle started at 15:28:25 -----
2026-03-24 15:28:25,993 - INFO - [DEBUG] options_data type: <class 'list'>, length: 1
2026-03-24 15:28:26,186 - INFO - CURRENT NET P&L: 10.850000000000023 points
2026-03-24 15:28:26,187 - WARNING - Skipping position management - stale/no price data
2026-03-24 15:28:26,189 - INFO -  Position Status - P&L: Rs10.85, Adjustments: 0
2026-03-24 15:28:26,189 - INFO - Running SMA paper trading cycle...
2026-03-24 15:28:26,248 - INFO - Running Equity paper trading cycle...
2026-03-24 15:28:26,248 - INFO - === EQUITY STRATEGY CALLED for INFY ===
2026-03-24 15:28:26,250 - DEBUG - Starting strategy check for INFY
2026-03-24 15:28:26,250 - DEBUG - Checking 15min conditions for INFY
2026-03-24 15:28:26,250 - DEBUG - 15min conditions for INFY:
2026-03-24 15:28:26,263 - DEBUG -   Close: 1277.90, Mid-Donchian: 1281.00 -> Above Mid: False
2026-03-24 15:28:26,264 - DEBUG -   Close: 1277.90, VWAP: 1257.55 -> Above VWAP: True
2026-03-24 15:28:26,264 - DEBUG -   AO Value: 14.19558823529428, Above 20 SMA: False -> AO or SMA: 14.19558823529428
2026-03-24 15:28:26,266 - DEBUG - 15min conditions result for INFY: False
2026-03-24 15:28:26,267 - DEBUG - 15min conditions failed for INFY
2026-03-24 15:28:26,269 - INFO - Running Nifty Options paper trading cycle...
2026-03-24 15:28:54,025 - INFO - Successfully fetched 1466 rows of 1m data
2026-03-24 15:28:54,025 - INFO - Stored 1m market data successfully
2026-03-24 15:28:55,037 - INFO - Fetching 1m equity data (attempt 1/3)...
2026-03-24 15:28:59,204 - INFO - Successfully fetched 1092 rows of 1m equity data
2026-03-24 15:29:25,568 - INFO - Starting high-accuracy delta calculation...
2026-03-24 15:30:01,415 - INFO - High-accuracy delta calculated: Spot=22952.45, Strikes=[22400, 22450, 22500, 22550, 22600, 22650, 22700, 22750, 22800, 22850, 22900, 22950, 23000, 23050, 23100, 23150, 23200, 23250, 23300, 23350, 23400]
2026-03-24 15:30:01,415 - INFO - Running Donchian AO trading strategy...
2026-03-24 15:30:01,583 - INFO - VIX is above mid-donchian. No positions will be taken.
2026-03-24 15:30:01,599 - INFO - NO TRADE: No suitable option pair found.
2026-03-24 15:30:02,615 - INFO - Market is closed, skipping 1m data fetch
2026-03-24 15:30:02,615 - INFO - Market is closed, skipping 1m equity data fetch
2026-03-25 08:47:45,543 - INFO - POSITION RESTORED FROM FILE:
2026-03-25 08:47:45,543 - INFO -   CE: NIFTY2632423200CE at 194.375
2026-03-25 08:47:45,543 - INFO -   PE: NIFTY2632423050PE at 199.0
2026-03-25 08:47:45,543 - INFO -   Entry Time: 2026-03-20 15:05:13.304496
2026-03-25 08:47:45,543 - INFO -   Adjustment Cost: 0.0
2026-03-25 08:47:45,543 - INFO -   Adjustments Count: 0
2026-03-25 08:47:45,555 - INFO - Paper traders (Donchian, SMA, Equity & Nifty Options) successfully initialised....
2026-03-25 08:47:45,555 - INFO - Testing Kite API connection...
2026-03-25 08:47:46,050 - INFO - Connection test successful! Kite API is accessible. Got 9492 instruments.
2026-03-25 08:47:46,059 - INFO - Testing Kite API connection...
2026-03-25 08:47:46,325 - INFO - Connection test successful! Kite API is accessible. Got 9492 instruments.
2026-03-25 08:47:46,346 - INFO - Schedule setup completed:
2026-03-25 08:47:46,348 - INFO - - 1m data: Every minute (during market hours)
2026-03-25 08:47:46,348 - INFO - - 5m data: Every 5 minutes (during market hours)
2026-03-25 08:47:46,351 - INFO - - 15m data: Every 15 minutes (during market hours)
2026-03-25 08:47:46,351 - INFO - - 1h data: Every hour at :15 (during market hours)
2026-03-25 08:47:46,353 - INFO - - VIX calculation: Every 5 minutes (independent)
2026-03-25 08:47:46,356 - INFO - - High-accuracy delta: Every minute (Black-Scholes)
2026-03-25 08:47:46,356 - INFO - - Trading Strategy: Every minute
2026-03-25 08:47:46,363 - INFO - - Donchian Paper Trading: Every minute
2026-03-25 08:47:46,364 - INFO - - SMA Paper Trading: Every minute
2026-03-25 08:47:46,369 - INFO - - Nifty Options Paper Trading: Every minute
2026-03-25 08:47:46,369 - INFO - - Signal generation: Integrated with data fetching
2026-03-25 08:47:46,376 - INFO - Starting market data automation...
2026-03-25 08:47:46,376 - INFO - Market data automation started successfully
2026-03-25 08:47:46,377 - INFO - Press Ctrl+C to stop the automation
2026-03-25 08:50:42,805 - INFO - POSITION RESTORED FROM FILE:
2026-03-25 08:50:42,820 - INFO -   CE: NIFTY2632423200CE at 194.375
2026-03-25 08:50:42,824 - INFO -   PE: NIFTY2632423050PE at 199.0
2026-03-25 08:50:42,828 - INFO -   Entry Time: 2026-03-20 15:05:13.304496
2026-03-25 08:50:42,828 - INFO -   Adjustment Cost: 0.0
2026-03-25 08:50:42,830 - INFO -   Adjustments Count: 0
2026-03-25 08:50:42,841 - INFO - Paper traders (Donchian, SMA, Equity & Nifty Options) successfully initialised....
2026-03-25 08:50:42,842 - INFO - Testing Kite API connection...
2026-03-25 08:50:43,341 - INFO - Connection test successful! Kite API is accessible. Got 9492 instruments.
2026-03-25 08:50:43,398 - INFO - Testing Kite API connection...
2026-03-25 08:50:43,722 - INFO - Connection test successful! Kite API is accessible. Got 9492 instruments.
2026-03-25 08:50:43,729 - INFO - Schedule setup completed:
2026-03-25 08:50:43,730 - INFO - - 1m data: Every minute (during market hours)
2026-03-25 08:50:43,732 - INFO - - 5m data: Every 5 minutes (during market hours)
2026-03-25 08:50:43,732 - INFO - - 15m data: Every 15 minutes (during market hours)
2026-03-25 08:50:43,733 - INFO - - 1h data: Every hour at :15 (during market hours)
2026-03-25 08:50:43,735 - INFO - - VIX calculation: Every 5 minutes (independent)
2026-03-25 08:50:43,736 - INFO - - High-accuracy delta: Every minute (Black-Scholes)
2026-03-25 08:50:43,739 - INFO - - Trading Strategy: Every minute
2026-03-25 08:50:43,741 - INFO - - Donchian Paper Trading: Every minute
2026-03-25 08:50:43,742 - INFO - - SMA Paper Trading: Every minute
2026-03-25 08:50:43,744 - INFO - - Nifty Options Paper Trading: Every minute
2026-03-25 08:50:43,746 - INFO - - Signal generation: Integrated with data fetching
2026-03-25 08:50:43,750 - INFO - Starting market data automation...
2026-03-25 08:50:43,750 - INFO - Market data automation started successfully
2026-03-25 08:50:43,755 - INFO - Press Ctrl+C to stop the automation
2026-03-25 08:51:55,919 - INFO - Market is closed, skipping 1m data fetch
2026-03-25 08:51:55,989 - INFO - Market is closed, skipping 1m equity data fetch
2026-03-25 08:51:55,997 - INFO - Starting high-accuracy delta calculation...
2026-03-25 08:52:52,214 - INFO - High-accuracy delta calculated: Spot=22912.4, Strikes=[22400, 22450, 22500, 22550, 22600, 22650, 22700, 22750, 22800, 22850, 22900, 22950, 23000, 23050, 23100, 23150, 23200, 23250, 23300, 23350, 23400]
2026-03-25 08:52:52,222 - INFO - Running Donchian AO trading strategy...
2026-03-25 08:52:52,697 - INFO - VIX is above mid-donchian. No positions will be taken.
2026-03-25 08:52:52,711 - INFO - NO TRADE: No suitable option pair found.
2026-03-25 08:52:56,753 - INFO - Market is closed, skipping 1m data fetch
2026-03-25 08:52:56,754 - INFO - Market is closed, skipping 1m equity data fetch
2026-03-25 08:53:52,889 - INFO - Starting high-accuracy delta calculation...
2026-03-25 08:54:27,958 - INFO - High-accuracy delta calculated: Spot=22912.4, Strikes=[22400, 22450, 22500, 22550, 22600, 22650, 22700, 22750, 22800, 22850, 22900, 22950, 23000, 23050, 23100, 23150, 23200, 23250, 23300, 23350, 23400]
2026-03-25 08:54:27,958 - INFO - Running Donchian AO trading strategy...
2026-03-25 08:54:28,430 - INFO - VIX is above mid-donchian. No positions will be taken.
2026-03-25 08:54:28,440 - INFO - NO TRADE: No suitable option pair found.
2026-03-25 08:54:29,456 - INFO - Market is closed, skipping 1m data fetch
2026-03-25 08:54:29,456 - INFO - Market is closed, skipping 1m equity data fetch
2026-03-25 08:55:28,041 - INFO - Starting high-accuracy delta calculation...
2026-03-25 08:55:57,301 - INFO - High-accuracy delta calculated: Spot=22912.4, Strikes=[22400, 22450, 22500, 22550, 22600, 22650, 22700, 22750, 22800, 22850, 22900, 22950, 23000, 23050, 23100, 23150, 23200, 23250, 23300, 23350, 23400]
2026-03-25 08:55:58,311 - INFO - Running Donchian AO trading strategy...
2026-03-25 08:55:58,641 - INFO - VIX is above mid-donchian. No positions will be taken.
2026-03-25 08:55:58,647 - INFO - NO TRADE: No suitable option pair found.
2026-03-25 08:55:58,652 - INFO - Market is closed, skipping 1m data fetch
2026-03-25 08:55:58,652 - INFO - Market is closed, skipping 1m equity data fetch
2026-03-25 08:55:58,657 - INFO - Market is closed, skipping 5m data fetch
2026-03-25 08:55:58,657 - INFO - Market is closed, skipping 5m equity data fetch
2026-03-25 08:55:58,659 - INFO - Starting separate VIX calculation...
2026-03-25 09:01:43,865 - INFO - POSITION RESTORED FROM FILE:
2026-03-25 09:01:43,865 - INFO -   CE: NIFTY2632423200CE at 194.375
2026-03-25 09:01:43,871 - INFO -   PE: NIFTY2632423050PE at 199.0
2026-03-25 09:01:43,872 - INFO -   Entry Time: 2026-03-20 15:05:13.304496
2026-03-25 09:01:43,875 - INFO -   Adjustment Cost: 0.0
2026-03-25 09:01:43,875 - INFO -   Adjustments Count: 0
2026-03-25 09:01:43,879 - INFO - Paper traders (Donchian, SMA, Equity & Nifty Options) successfully initialised....
2026-03-25 09:01:43,887 - INFO - Testing Kite API connection...
2026-03-25 09:01:44,353 - INFO - Connection test successful! Kite API is accessible. Got 9492 instruments.
2026-03-25 09:01:44,403 - INFO - Testing Kite API connection...
2026-03-25 09:01:44,686 - INFO - Connection test successful! Kite API is accessible. Got 9492 instruments.
2026-03-25 09:01:44,693 - INFO - Schedule setup completed:
2026-03-25 09:01:44,693 - INFO - - 1m data: Every minute (during market hours)
2026-03-25 09:01:44,693 - INFO - - 5m data: Every 5 minutes (during market hours)
2026-03-25 09:01:44,693 - INFO - - 15m data: Every 15 minutes (during market hours)
2026-03-25 09:01:44,703 - INFO - - 1h data: Every hour at :15 (during market hours)
2026-03-25 09:01:44,705 - INFO - - VIX calculation: Every 5 minutes (independent)
2026-03-25 09:01:44,705 - INFO - - High-accuracy delta: Every minute (Black-Scholes)
2026-03-25 09:01:44,705 - INFO - - Trading Strategy: Every minute
2026-03-25 09:01:44,705 - INFO - - Donchian Paper Trading: Every minute
2026-03-25 09:01:44,705 - INFO - - SMA Paper Trading: Every minute
2026-03-25 09:01:44,710 - INFO - - Nifty Options Paper Trading: Every minute
2026-03-25 09:01:44,711 - INFO - - Signal generation: Integrated with data fetching
2026-03-25 09:01:44,711 - INFO - Starting market data automation...
2026-03-25 09:01:44,711 - INFO - Market data automation started successfully
2026-03-25 09:01:44,711 - INFO - Press Ctrl+C to stop the automation
2026-03-25 09:02:45,515 - INFO - Market is closed, skipping 1m data fetch
2026-03-25 09:02:45,524 - INFO - Market is closed, skipping 1m equity data fetch
2026-03-25 09:02:45,528 - INFO - Starting high-accuracy delta calculation...
2026-03-25 09:03:34,996 - INFO - High-accuracy delta calculated: Spot=23060.7, Strikes=[22550, 22560, 22570, 22580, 22590, 22600, 22610, 22620, 22630, 22640, 22650, 22660, 22670, 22680, 22690, 22700, 22710, 22720, 22730, 22740, 22750, 22760, 22770, 22780, 22790, 22800, 22810, 22820, 22830, 22840, 22850, 22860, 22870, 22880, 22890, 22900, 22910, 22920, 22930, 22940, 22950, 22960, 22970, 22980, 22990, 23000, 23010, 23020, 23030, 23040, 23050, 23060, 23070, 23080, 23090, 23100, 23110, 23120, 23130, 23140, 23150, 23160, 23170, 23180, 23190, 23200, 23210, 23220, 23230, 23240, 23250, 23260, 23270, 23280, 23290, 23300, 23310, 23320, 23330, 23340, 23350, 23360, 23370, 23380, 23390, 23400, 23410, 23420, 23430, 23440, 23450, 23460, 23470, 23480, 23490, 23500, 23510, 23520, 23530, 23540, 23550]
2026-03-25 09:03:35,011 - INFO - Running Donchian AO trading strategy...
2026-03-25 09:03:45,897 - INFO - VIX is above mid-donchian. No positions will be taken.
2026-03-25 09:03:45,974 - INFO - NO TRADE: No suitable option pair found.
2026-03-25 09:03:47,021 - INFO - Market is closed, skipping 1m data fetch
2026-03-25 09:03:47,026 - INFO - Market is closed, skipping 1m equity data fetch
2026-03-25 09:04:36,018 - INFO - Starting high-accuracy delta calculation...
2026-03-25 09:05:08,567 - INFO - High-accuracy delta calculated: Spot=23078.85, Strikes=[22600, 22610, 22620, 22630, 22640, 22650, 22660, 22670, 22680, 22690, 22700, 22710, 22720, 22730, 22740, 22750, 22760, 22770, 22780, 22790, 22800, 22810, 22820, 22830, 22840, 22850, 22860, 22870, 22880, 22890, 22900, 22910, 22920, 22930, 22940, 22950, 22960, 22970, 22980, 22990, 23000, 23010, 23020, 23030, 23040, 23050, 23060, 23070, 23080, 23090, 23100, 23110, 23120, 23130, 23140, 23150, 23160, 23170, 23180, 23190, 23200, 23210, 23220, 23230, 23240, 23250, 23260, 23270, 23280, 23290, 23300, 23310, 23320, 23330, 23340, 23350, 23360, 23370, 23380, 23390, 23400, 23410, 23420, 23430, 23440, 23450, 23460, 23470, 23480, 23490, 23500, 23510, 23520, 23530, 23540, 23550, 23560, 23570, 23580, 23590, 23600]
2026-03-25 09:05:09,592 - INFO - Running Donchian AO trading strategy...
2026-03-25 09:05:09,904 - INFO - VIX is above mid-donchian. No positions will be taken.
2026-03-25 09:05:09,912 - INFO - NO TRADE: No suitable option pair found.
2026-03-25 09:05:09,914 - INFO - Market is closed, skipping 1m data fetch
2026-03-25 09:05:09,916 - INFO - Market is closed, skipping 1m equity data fetch
2026-03-25 09:06:09,510 - INFO - Starting high-accuracy delta calculation...
2026-03-25 09:06:33,535 - INFO - High-accuracy delta calculated: Spot=23061, Strikes=[22550, 22560, 22570, 22580, 22590, 22600, 22610, 22620, 22630, 22640, 22650, 22660, 22670, 22680, 22690, 22700, 22710, 22720, 22730, 22740, 22750, 22760, 22770, 22780, 22790, 22800, 22810, 22820, 22830, 22840, 22850, 22860, 22870, 22880, 22890, 22900, 22910, 22920, 22930, 22940, 22950, 22960, 22970, 22980, 22990, 23000, 23010, 23020, 23030, 23040, 23050, 23060, 23070, 23080, 23090, 23100, 23110, 23120, 23130, 23140, 23150, 23160, 23170, 23180, 23190, 23200, 23210, 23220, 23230, 23240, 23250, 23260, 23270, 23280, 23290, 23300, 23310, 23320, 23330, 23340, 23350, 23360, 23370, 23380, 23390, 23400, 23410, 23420, 23430, 23440, 23450, 23460, 23470, 23480, 23490, 23500, 23510, 23520, 23530, 23540, 23550]
2026-03-25 09:06:34,538 - INFO - Running Donchian AO trading strategy...
2026-03-25 09:06:34,649 - INFO - VIX is above mid-donchian. No positions will be taken.
2026-03-25 09:06:34,662 - INFO - NO TRADE: No suitable option pair found.
2026-03-25 09:06:34,664 - INFO - Market is closed, skipping 1m data fetch
2026-03-25 09:06:34,664 - INFO - Market is closed, skipping 1m equity data fetch
2026-03-25 09:06:44,743 - INFO - Market is closed, skipping 5m data fetch
2026-03-25 09:06:44,743 - INFO - Market is closed, skipping 5m equity data fetch
2026-03-25 09:06:44,746 - INFO - Starting separate VIX calculation...
2026-03-25 09:08:18,337 - INFO - VIX calculated separately: 29.51
2026-03-25 09:08:19,375 - INFO - Starting high-accuracy delta calculation...
2026-03-25 09:09:26,074 - INFO - High-accuracy delta calculated: Spot=23064.4, Strikes=[22550, 22560, 22570, 22580, 22590, 22600, 22610, 22620, 22630, 22640, 22650, 22660, 22670, 22680, 22690, 22700, 22710, 22720, 22730, 22740, 22750, 22760, 22770, 22780, 22790, 22800, 22810, 22820, 22830, 22840, 22850, 22860, 22870, 22880, 22890, 22900, 22910, 22920, 22930, 22940, 22950, 22960, 22970, 22980, 22990, 23000, 23010, 23020, 23030, 23040, 23050, 23060, 23070, 23080, 23090, 23100, 23110, 23120, 23130, 23140, 23150, 23160, 23170, 23180, 23190, 23200, 23210, 23220, 23230, 23240, 23250, 23260, 23270, 23280, 23290, 23300, 23310, 23320, 23330, 23340, 23350, 23360, 23370, 23380, 23390, 23400, 23410, 23420, 23430, 23440, 23450, 23460, 23470, 23480, 23490, 23500, 23510, 23520, 23530, 23540, 23550]
2026-03-25 09:09:26,081 - INFO - Market is closed, skipping 1m data fetch
2026-03-25 09:09:26,083 - INFO - Running Donchian AO trading strategy...
2026-03-25 09:09:26,895 - INFO - Using delta limit : 40 for today..
2026-03-25 09:09:31,950 - INFO - 2:2 Ratio detected: Selling CE first then PE
2026-03-25 09:09:31,969 - WARNING - Invalid trade result: None
2026-03-25 09:09:31,975 - INFO - NO TRADE: No suitable option pair found.
2026-03-25 09:09:31,982 - INFO - Market is closed, skipping 1m equity data fetch
2026-03-25 09:10:26,648 - INFO - Starting high-accuracy delta calculation...
2026-03-25 09:10:52,450 - INFO - High-accuracy delta calculated: Spot=23064.4, Strikes=[22550, 22560, 22570, 22580, 22590, 22600, 22610, 22620, 22630, 22640, 22650, 22660, 22670, 22680, 22690, 22700, 22710, 22720, 22730, 22740, 22750, 22760, 22770, 22780, 22790, 22800, 22810, 22820, 22830, 22840, 22850, 22860, 22870, 22880, 22890, 22900, 22910, 22920, 22930, 22940, 22950, 22960, 22970, 22980, 22990, 23000, 23010, 23020, 23030, 23040, 23050, 23060, 23070, 23080, 23090, 23100, 23110, 23120, 23130, 23140, 23150, 23160, 23170, 23180, 23190, 23200, 23210, 23220, 23230, 23240, 23250, 23260, 23270, 23280, 23290, 23300, 23310, 23320, 23330, 23340, 23350, 23360, 23370, 23380, 23390, 23400, 23410, 23420, 23430, 23440, 23450, 23460, 23470, 23480, 23490, 23500, 23510, 23520, 23530, 23540, 23550]
2026-03-25 09:10:52,452 - INFO - Market is closed, skipping 1m data fetch
2026-03-25 09:10:53,457 - INFO - Running Donchian AO trading strategy...
2026-03-25 09:10:53,970 - INFO - Using delta limit : 40 for today..
2026-03-25 09:10:57,748 - INFO - 2:2 Ratio detected: Selling CE first then PE
2026-03-25 09:10:57,755 - WARNING - Invalid trade result: None
2026-03-25 09:10:57,761 - INFO - NO TRADE: No suitable option pair found.
2026-03-25 09:10:57,765 - INFO - Market is closed, skipping 1m equity data fetch
